id,lang,title,standard_timestamp,event_timestamp_v1,event_timestamp_v2,event_time_start_v1,event_time_end_v1,event_time_start_v2,event_time_end_v2,time_granularity_v1,time_granularity_v2,pseudo_time,pseudo_range_start,pseudo_range_end,pseudo_granularity,pseudo_source_text,is_evaluable_v1,is_evaluable_v2,is_exact_v1,is_exact_v2,is_relaxed_v1,is_relaxed_v2,is_range_hit_v1,is_range_hit_v2,is_anchor_in_gold_range_v1,is_anchor_in_gold_range_v2,is_interval_gold,exact_compare,relaxed_compare,range_compare
gdelt_00275553,en,Nick Reiner high - profile lawyer quits as public defenders take over ; arraignment postponed,2026-01-08 05:30:00,2026-01-08 05:30:00,2026-01-08 00:00:00,2026-01-08 00:00:00,2026-01-08 00:00:00,2026-01-08 00:00:00,2026-01-08 00:00:00,,day,,,,,,0,0,0,0,0,0,0,0,0,0,0,na,na,na
gdelt_003683cb,en,Iran war live : Tehran warns of intensified strikes if energy sites targeted | US - Israel war on Iran News,2026-03-20 11:30:00,2026-03-20 11:30:00,2026-03-20 00:00:00,2026-03-20 00:00:00,2026-03-20 00:00:00,2026-03-20 00:00:00,2026-03-20 00:00:00,,day,,,,,,0,0,0,0,0,0,0,0,0,0,0,na,na,na
gdelt_00a3e193,en,Man guilty of murdering Stafford woman found dead at home,2025-07-02 21:45:00,2025-07-02 21:45:00,2025-07-02 00:00:00,2025-07-02 00:00:00,2025-07-02 00:00:00,2025-07-02 00:00:00,2025-07-02 00:00:00,,day,,,,,,0,0,0,0,0,0,0,0,0,0,0,na,na,na
gdelt_00c16995,en,Australia fuel crisis : Panic buying prompts PM to reassure nation over fuel supply,2026-03-27 15:00:00,2026-03-27 15:00:00,2026-03-27 00:00:00,2026-03-27 00:00:00,2026-03-27 00:00:00,2026-03-27 00:00:00,2026-03-27 00:00:00,,day,,,,,,0,0,0,0,0,0,0,0,0,0,0,na,na,na
gdelt_00d6341d,ur,ہفتے میں تین چھٹیاں صحت کے لیے فائدہ مند ، پھر دنیا چار دن کا ورک ویک کیوں نہیں اپنا رہی ؟ ,2025-08-18 21:45:00,2025-08-18 21:45:00,2025-08-18 00:00:00,2025-08-18 00:00:00,2025-08-18 00:00:00,2025-08-18 00:00:00,2025-08-18 00:00:00,,day,,,,,,0,0,0,0,0,0,0,0,0,0,0,na,na,na
gdelt_00d83b1c,ar,العملة السورية الجديدة .. كيف ينعكس استبدال العملة على جيبة المواطن ؟ ,2025-12-30 02:00:00,2025-12-30 02:00:00,2025-12-30 00:00:00,2025-12-30 00:00:00,2025-12-30 00:00:00,2025-12-30 00:00:00,2025-12-30 00:00:00,,day,,,,,,0,0,0,0,0,0,0,0,0,0,0,na,na,na
gdelt_01323c41,en,Lord advocate Dorothy Bain again defends her actions over Murrell memos,2026-02-26 09:45:00,2026-02-26 09:45:00,2026-02-26 00:00:00,2026-02-26 00:00:00,2026-02-26 00:00:00,2026-02-26 00:00:00,2026-02-26 00:00:00,,day,,,,,,0,0,0,0,0,0,0,0,0,0,0,na,na,na
gdelt_013d8925,tr,Özdemirin zaferi : Almanyadaki Türk ve Kürtlerden ilk tepki,2026-03-09 19:00:00,2026-03-09 19:00:00,2026-03-06 00:00:00,2026-03-09 00:00:00,2026-03-09 00:00:00,2026-03-06 00:00:00,2026-03-06 00:00:00,,day,,,,,,0,0,0,0,0,0,0,0,0,0,0,na,na,na
gdelt_014ce566,en,"Two leagues , five rings : How Mathieu and J . P . Darche forged their unusual NFL - NHL success",2026-01-11 20:00:00,2026-01-11 20:00:00,2026-01-11 00:00:00,2026-01-11 00:00:00,2026-01-11 00:00:00,2026-01-11 00:00:00,2026-01-11 00:00:00,,day,,,,,,0,0,0,0,0,0,0,0,0,0,0,na,na,na
gdelt_01ff0739,hr,Gde je sada iranski uranijum ? – DW – 25 . 6 . 2025 . ,2025-07-03 09:15:00,2025-07-03 09:15:00,2025-06-25 00:00:00,2025-07-03 00:00:00,2025-07-03 00:00:00,2025-06-25 00:00:00,2025-06-25 00:00:00,,day,2025-01-01 00:00:00,2025-01-01 00:00:00,2025-12-31 00:00:00,year,2025,1,1,1,1,1,1,1,1,1,1,1,tie,tie,tie
gdelt_0222483f,el,Όλοι εναντίον του Νετανιάχου – DW – 03 / 06 / 2021,2025-12-02 01:30:00,2025-12-02 01:30:00,2021-06-03 00:00:00,2025-12-02 00:00:00,2025-12-02 00:00:00,2021-06-03 00:00:00,2021-06-03 00:00:00,,day,2021-01-01 00:00:00,2021-01-01 00:00:00,2021-12-31 00:00:00,year,03 / 06 / 2021,1,1,0,1,0,1,0,1,0,1,1,v2_better,v2_better,v2_better
gdelt_022cc33f,ko,2026年河北省继续实施20项民生工程 - 新华网河北频道 - 新华网,2025-12-17 10:15:00,2025-12-17 10:15:00,2026-01-01 00:00:00,2025-12-17 00:00:00,2025-12-17 00:00:00,2026-01-01 00:00:00,2026-12-31 00:00:00,,year,,,,,,0,0,0,0,0,0,0,0,0,0,0,na,na,na
gdelt_024d73c2,es,"Determinación de China para salvaguardar derechos legítimos es inquebrantable , dice vice primer ministro",2025-09-16 08:45:00,2025-09-16 08:45:00,2025-09-16 00:00:00,2025-09-16 00:00:00,2025-09-16 00:00:00,2025-09-16 00:00:00,2025-09-16 00:00:00,,day,,,,,,0,0,0,0,0,0,0,0,0,0,0,na,na,na
gdelt_0282205c,fr,Le dirigeant suprême de la RPDC supervise un exercice de lancement de missiles hypersoniques ( KCNA ) - Xinhua,2026-01-05 11:30:00,2026-01-05 11:30:00,2026-01-05 00:00:00,2026-01-05 00:00:00,2026-01-05 00:00:00,2026-01-05 00:00:00,2026-01-05 00:00:00,,day,,,,,,0,0,0,0,0,0,0,0,0,0,0,na,na,na
gdelt_02ab3774,es,La situación humanitaria en Sudán es la peor crisis de 2025 – DW – 21 / 12 / 2025,2025-12-21 17:30:00,2025-12-21 17:30:00,2025-12-21 00:00:00,2025-12-21 00:00:00,2025-12-21 00:00:00,2025-01-01 00:00:00,2025-12-31 00:00:00,,year,2025-01-01 00:00:00,2025-01-01 00:00:00,2025-12-31 00:00:00,year,de 2025,1,1,1,1,1,1,1,1,1,1,1,tie,tie,tie
gdelt_02c5a1eb,en,"Ohio State , USC receivers climbing draft boards , but No . 1 remains unchanged",2025-10-23 02:30:00,2025-10-23 02:30:00,2025-10-23 00:00:00,2025-10-23 00:00:00,2025-10-23 00:00:00,2025-10-23 00:00:00,2025-10-23 00:00:00,,day,,,,,,0,0,0,0,0,0,0,0,0,0,0,na,na,na
gdelt_02fd8fdf,en,"Trying to catch students using AI a  lost cause , Singapore university professors say",2025-07-08 14:00:00,2025-07-08 14:00:00,2025-07-08 00:00:00,2025-07-08 00:00:00,2025-07-08 00:00:00,2025-07-08 00:00:00,2025-07-08 00:00:00,,day,,,,,,0,0,0,0,0,0,0,0,0,0,0,na,na,na
gdelt_033c7684,ja,新華社が選んだ２０２５年の国内十大ニュース,2025-12-30 12:45:00,2025-12-30 12:45:00,2025-12-30 00:00:00,2025-12-30 00:00:00,2025-12-30 00:00:00,2025-01-01 00:00:00,2025-12-31 00:00:00,,year,,,,,,0,0,0,0,0,0,0,0,0,0,0,na,na,na
gdelt_03c3e504,en,Opinion | The W . N . B . A . Is Making More Money Than Ever . Why Arent the Players ? ,2025-10-03 18:00:00,2025-10-03 18:00:00,2025-10-03 00:00:00,2025-10-03 00:00:00,2025-10-03 00:00:00,2025-10-03 00:00:00,2025-10-03 00:00:00,,day,,,,,,0,0,0,0,0,0,0,0,0,0,0,na,na,na
gdelt_03e4c0c8,en,Diogo Jota obituary : Liverpool forward was natural goalscorer,2025-07-04 01:30:00,2025-07-04 01:30:00,2025-07-04 00:00:00,2025-07-04 00:00:00,2025-07-04 00:00:00,2025-07-04 00:00:00,2025-07-04 00:00:00,,day,,,,,,0,0,0,0,0,0,0,0,0,0,0,na,na,na
gdelt_03f65f45,af,US chess grandmaster Daniel Naroditsky dies at 29,2025-10-21 14:30:00,2025-10-21 14:30:00,2025-10-21 00:00:00,2025-10-21 00:00:00,2025-10-21 00:00:00,2025-10-21 00:00:00,2025-10-21 00:00:00,,day,,,,,,0,0,0,0,0,0,0,0,0,0,0,na,na,na
gdelt_048388b1,en,"Kanchha Sherpa , last member of first Mount Everest expedition , dies at 92",2025-10-17 13:00:00,2025-10-17 13:00:00,2025-10-17 00:00:00,2025-10-17 00:00:00,2025-10-17 00:00:00,2025-10-17 00:00:00,2025-10-17 00:00:00,,day,,,,,,0,0,0,0,0,0,0,0,0,0,0,na,na,na
gdelt_04f32725,en,Singapore economy grew 2 . 9 % in Q3 of 2025 : MTI advance estimates,2025-10-14 09:30:00,2025-10-14 00:00:00,2025-10-14 00:00:00,2025-10-14 00:00:00,2025-10-14 00:00:00,2025-01-01 00:00:00,2025-12-31 00:00:00,,year,,,,,,0,0,0,0,0,0,0,0,0,0,0,na,na,na
gdelt_0516bfc4,uk,Бессент : США тимчасово дозволили Індії купувати нафту з РФ,2026-03-06 18:30:00,2026-03-06 18:30:00,2026-03-06 00:00:00,2026-03-06 00:00:00,2026-03-06 00:00:00,2026-03-06 00:00:00,2026-03-06 00:00:00,,day,,,,,,0,0,0,0,0,0,0,0,0,0,0,na,na,na
gdelt_052ff424,it,"LIVE : US to dictate decisions to Venezuela , control oil sales  indefinitely | Donald Trump News",2026-01-08 19:45:00,2026-01-08 19:45:00,2026-01-08 00:00:00,2026-01-08 00:00:00,2026-01-08 00:00:00,2026-01-08 00:00:00,2026-01-08 00:00:00,,day,,,,,,0,0,0,0,0,0,0,0,0,0,0,na,na,na
gdelt_055edae5,zh-cn,  停息挂账  假冒网站  冒牌催收 …… 这些贷款虚假营销如何识别 ？- 新华网,2026-03-16 19:45:00,2026-03-16 19:45:00,2026-03-16 00:00:00,2026-03-16 00:00:00,2026-03-16 00:00:00,2026-03-16 00:00:00,2026-03-16 00:00:00,,day,,,,,,0,0,0,0,0,0,0,0,0,0,0,na,na,na
gdelt_05c16590,ja,中国で鉄道ダイヤ改正 輸送能力と効率が向上,2026-01-27 13:15:00,2026-01-27 13:15:00,2026-01-27 00:00:00,2026-01-27 00:00:00,2026-01-27 00:00:00,2026-01-27 00:00:00,2026-01-27 00:00:00,,day,,,,,,0,0,0,0,0,0,0,0,0,0,0,na,na,na
gdelt_05d82c4b,ru,Исследование : ФРГ тратит на соцнужды больше всех в Европе – DW – 24 . 11 . 2025,2025-11-24 18:45:00,2025-11-24 18:45:00,2025-11-24 00:00:00,2025-11-24 00:00:00,2025-11-24 00:00:00,2025-11-24 00:00:00,2025-11-24 00:00:00,,day,2025-01-01 00:00:00,2025-01-01 00:00:00,2025-12-31 00:00:00,year,2025,1,1,1,1,1,1,1,1,1,1,1,tie,tie,tie
gdelt_05df1ee6,en,Indranee Rajah on election of Seah Kian Peng as Speaker,2025-09-05 21:00:00,2025-09-05 21:00:00,2025-09-05 00:00:00,2025-09-05 00:00:00,2025-09-05 00:00:00,2025-09-05 00:00:00,2025-09-05 00:00:00,,day,,,,,,0,0,0,0,0,0,0,0,0,0,0,na,na,na
gdelt_0658eec1,uk,"У Брянській області РФ міст обвалився на потяг , є жертви – DW – 01 . 06 . 2025",2025-06-01 14:15:00,2025-06-01 14:15:00,2025-06-01 00:00:00,2025-06-01 00:00:00,2025-06-01 00:00:00,2025-06-01 00:00:00,2025-06-01 00:00:00,,day,2025-01-01 00:00:00,2025-01-01 00:00:00,2025-12-31 00:00:00,year,2025,1,1,1,1,1,1,1,1,1,1,1,tie,tie,tie
gdelt_07074fc7,en,"What we learned in NFL Week 17 : 49ers , Seahawks set up clash for NFC top seed",2025-12-29 19:30:00,2025-12-29 19:30:00,2025-12-24 00:00:00,2025-12-29 00:00:00,2025-12-29 00:00:00,2025-12-24 00:00:00,2025-12-24 00:00:00,,day,,,,,,0,0,0,0,0,0,0,0,0,0,0,na,na,na
gdelt_072b77c4,ru,"Иран заявил , что готов сотрудничать с МАГАТЭ  в новой форме  – DW – 13 . 07 . 2025",2025-07-13 11:15:00,2025-07-13 11:15:00,2025-07-13 00:00:00,2025-07-13 00:00:00,2025-07-13 00:00:00,2025-07-13 00:00:00,2025-07-13 00:00:00,,day,2025-01-01 00:00:00,2025-01-01 00:00:00,2025-12-31 00:00:00,year,2025,1,1,1,1,1,1,1,1,1,1,1,tie,tie,tie
gdelt_07bd4bfb,en,The words from my Dad that saved me as a new parent,2025-12-29 09:30:00,2025-12-29 09:30:00,2025-12-29 00:00:00,2025-12-29 00:00:00,2025-12-29 00:00:00,2025-12-29 00:00:00,2025-12-29 00:00:00,,day,,,,,,0,0,0,0,0,0,0,0,0,0,0,na,na,na
gdelt_07d96da4,ko,甘肃省风能太阳能可开发量居全国前列 - 新华网,2025-12-21 14:00:00,2025-12-21 14:00:00,2025-12-21 00:00:00,2025-12-21 00:00:00,2025-12-21 00:00:00,2025-12-21 00:00:00,2025-12-21 00:00:00,,day,,,,,,0,0,0,0,0,0,0,0,0,0,0,na,na,na
gdelt_07f27479,ru,С экс - главы депкультуры Москвы просят взыскать 1 млрд рублей – DW – 11 . 11 . 2025,2025-11-11 23:30:00,2025-11-11 23:30:00,2025-11-11 00:00:00,2025-11-11 00:00:00,2025-11-11 00:00:00,2025-11-11 00:00:00,2025-11-11 00:00:00,,day,2025-01-01 00:00:00,2025-01-01 00:00:00,2025-12-31 00:00:00,year,2025,1,1,1,1,1,1,1,1,1,1,1,tie,tie,tie
gdelt_0848165e,fr,Croissance des revenus et bénéfices du secteur chinois du logiciel et des services informatiques de janvier à septembre - Xinhua,2025-10-31 14:30:00,2025-10-31 14:30:00,2025-10-31 00:00:00,2025-10-31 00:00:00,2025-10-31 00:00:00,2025-10-31 00:00:00,2025-10-31 00:00:00,,day,,,,,,0,0,0,0,0,0,0,0,0,0,0,na,na,na
gdelt_08701fb7,ko,勇做数字蓝海  弄潮儿 - 新华网辽宁频道,2025-09-07 16:45:00,2025-09-07 16:45:00,2025-09-07 00:00:00,2025-09-07 00:00:00,2025-09-07 00:00:00,2025-09-07 00:00:00,2025-09-07 00:00:00,,day,,,,,,0,0,0,0,0,0,0,0,0,0,0,na,na,na
gdelt_08778898,en,Giants not inclined to spend what it takes to sign Tatsuya Imai : Sources,2025-12-02 02:15:00,2025-12-02 02:15:00,2025-12-02 00:00:00,2025-12-02 00:00:00,2025-12-02 00:00:00,2025-12-02 00:00:00,2025-12-02 00:00:00,,day,,,,,,0,0,0,0,0,0,0,0,0,0,0,na,na,na
gdelt_091c1f3f,en,Map shows how 16 days of attacks have evolved in US - Israel war on Iran,2026-03-16 20:15:00,2026-02-28 20:15:00,2026-02-28 00:00:00,2026-02-28 00:00:00,2026-02-28 00:00:00,2026-02-28 00:00:00,2026-02-28 00:00:00,,day,,,,,,0,0,0,0,0,0,0,0,0,0,0,na,na,na
gdelt_092e1e7f,en,"Mateo Kovacic to have surgery on Achilles injury , expected to miss around three months",2025-06-02 19:45:00,2025-06-02 19:45:00,2025-03-02 00:00:00,2025-06-02 00:00:00,2025-06-02 00:00:00,2025-03-02 00:00:00,2025-03-02 00:00:00,,day,,,,,,0,0,0,0,0,0,0,0,0,0,0,na,na,na
gdelt_095f7edd,en,Live : Israel continues attacks on Gaza as Palestinians fear return to war | Israel - Palestine conflict News,2025-11-01 17:30:00,2025-11-01 17:30:00,2025-11-01 00:00:00,2025-11-01 00:00:00,2025-11-01 00:00:00,2025-11-01 00:00:00,2025-11-01 00:00:00,,day,,,,,,0,0,0,0,0,0,0,0,0,0,0,na,na,na
gdelt_09d81245,en,India IPO boom : Companies looking to raise US$18b through initial public offerings in H2,2025-07-29 22:30:00,2025-07-29 22:30:00,2025-07-29 00:00:00,2025-07-29 00:00:00,2025-07-29 00:00:00,2025-07-29 00:00:00,2025-07-29 00:00:00,,day,,,,,,0,0,0,0,0,0,0,0,0,0,0,na,na,na
gdelt_0ac0d5e4,zh-cn,全球AI少年北京集结 ： 国际人工智能奥林匹克盛会将迎中国首秀 - 新华网,2025-07-28 09:45:00,2025-07-28 09:45:00,2025-07-01 00:00:00,2025-07-28 00:00:00,2025-07-28 00:00:00,2025-07-01 00:00:00,2025-07-01 00:00:00,,day,,,,,,0,0,0,0,0,0,0,0,0,0,0,na,na,na
gdelt_0ac3443c,es,La justicia francesa ordena juzgar a Depardieu por violación – DW – 02 / 09 / 2025,2025-09-02 21:15:00,2025-09-02 21:15:00,2025-09-02 00:00:00,2025-09-02 00:00:00,2025-09-02 00:00:00,2025-09-02 00:00:00,2025-09-02 00:00:00,,day,2025-01-01 00:00:00,2025-01-01 00:00:00,2025-12-31 00:00:00,year,02 / 09 / 2025,1,1,1,1,1,1,1,1,1,1,1,tie,tie,tie
gdelt_0ad802f3,en,"LIVE : Israel sets military budget at $34bn , keeps attacking Gaza | Gaza News",2025-12-05 17:00:00,2025-12-05 17:00:00,2025-12-05 00:00:00,2025-12-05 00:00:00,2025-12-05 00:00:00,2025-12-05 00:00:00,2025-12-05 00:00:00,,day,,,,,,0,0,0,0,0,0,0,0,0,0,0,na,na,na
gdelt_0b33f580,fa,پرواز ۱۶۳ ؛ هواپیمایی که از کراچی برخاست و بی‌سرنشین به زمین نشست,2025-10-13 14:45:00,2025-10-13 14:45:00,2025-10-13 00:00:00,2025-10-13 00:00:00,2025-10-13 00:00:00,2025-10-13 00:00:00,2025-10-13 00:00:00,,day,,,,,,0,0,0,0,0,0,0,0,0,0,0,na,na,na
gdelt_0b821856,af,Wie Staaten weltweit die globale Energiekrise bewältigen,2026-03-27 06:15:00,2026-03-27 06:15:00,2026-03-24 00:00:00,2026-03-27 00:00:00,2026-03-27 00:00:00,2026-03-24 00:00:00,2026-03-24 00:00:00,,day,,,,,,0,0,0,0,0,0,0,0,0,0,0,na,na,na
gdelt_0bae1764,ko,年内76只新股发行  硬科技  成色足 - 新华网,2025-09-30 11:45:00,2025-09-30 11:45:00,2025-09-30 00:00:00,2025-09-30 00:00:00,2025-09-30 00:00:00,2025-09-30 00:00:00,2025-09-30 00:00:00,,day,,,,,,0,0,0,0,0,0,0,0,0,0,0,na,na,na
gdelt_0bca8076,ko,甘肃省中医药文化陇原行系列活动启动 - 新华网,2025-07-03 10:30:00,2025-07-03 10:30:00,2025-07-03 00:00:00,2025-07-03 00:00:00,2025-07-03 00:00:00,2025-07-03 00:00:00,2025-07-03 00:00:00,,day,,,,,,0,0,0,0,0,0,0,0,0,0,0,na,na,na
gdelt_0c11306c,ru," « Сплести паутину лжи ». Как работали и провалились российские шпионы Дульцевы , выдававшие себя за аргентинцев",2025-07-08 16:00:00,2025-07-08 16:00:00,2025-07-08 00:00:00,2025-07-08 00:00:00,2025-07-08 00:00:00,2025-07-08 00:00:00,2025-07-08 00:00:00,,day,,,,,,0,0,0,0,0,0,0,0,0,0,0,na,na,na
gdelt_0c74eda3,ko,荷兰发现奶牛感染禽流感 或为美国以外首例 - 新华网,2026-01-27 14:15:00,2026-01-27 14:15:00,2026-01-27 00:00:00,2026-01-27 00:00:00,2026-01-27 00:00:00,2026-01-27 00:00:00,2026-01-27 00:00:00,,day,,,,,,0,0,0,0,0,0,0,0,0,0,0,na,na,na
gdelt_0c783f5d,en,I was transferred mid - hysterectomy after  touch and go  C - section,2026-02-26 16:00:00,2026-02-26 16:00:00,2026-02-26 00:00:00,2026-02-26 00:00:00,2026-02-26 00:00:00,2026-02-26 00:00:00,2026-02-26 00:00:00,,day,,,,,,0,0,0,0,0,0,0,0,0,0,0,na,na,na
gdelt_0cc95303,en,Tameside woman  took own life after benefits cut in error  ,2026-01-28 19:15:00,2026-01-28 19:15:00,2026-01-28 00:00:00,2026-01-28 00:00:00,2026-01-28 00:00:00,2026-01-28 00:00:00,2026-01-28 00:00:00,,day,,,,,,0,0,0,0,0,0,0,0,0,0,0,na,na,na
gdelt_0cf21185,en,  We want the truth  - families of Nottingham attacks victims speak ahead of inquiry hearings,2026-02-22 10:30:00,2026-02-22 10:30:00,2026-02-18 00:00:00,2026-02-22 00:00:00,2026-02-22 00:00:00,2026-02-18 00:00:00,2026-02-18 00:00:00,,day,,,,,,0,0,0,0,0,0,0,0,0,0,0,na,na,na
gdelt_0cf3e585,fr,Pourquoi les affrontements entre étudiants et forces de lordre secouent luniversité de Dakar au Sénégal,2026-02-10 21:45:00,2026-02-10 21:45:00,2026-02-10 00:00:00,2026-02-10 00:00:00,2026-02-10 00:00:00,2026-02-10 00:00:00,2026-02-10 00:00:00,,day,,,,,,0,0,0,0,0,0,0,0,0,0,0,na,na,na
gdelt_0d2d1047,es,Así se prepara Alemania para combatir el fentanilo – DW – 08 / 09 / 2025,2025-09-09 05:30:00,2025-09-09 05:30:00,2025-09-08 00:00:00,2025-09-09 00:00:00,2025-09-09 00:00:00,2025-09-08 00:00:00,2025-09-08 00:00:00,,day,2025-01-01 00:00:00,2025-01-01 00:00:00,2025-12-31 00:00:00,year,08 / 09 / 2025,1,1,1,1,1,1,1,1,1,1,1,tie,tie,tie
gdelt_0d5024e3,ko,超七成民众支持加沙全面停火 以色列再爆发大规模示威 - 新华网,2025-07-14 00:30:00,2025-07-14 00:30:00,2025-07-14 00:00:00,2025-07-14 00:00:00,2025-07-14 00:00:00,2025-07-14 00:00:00,2025-07-14 00:00:00,,day,,,,,,0,0,0,0,0,0,0,0,0,0,0,na,na,na
gdelt_0d85e14b,ja,上海ディズニー１０周年記念イベント開幕,2026-03-23 08:45:00,2026-03-23 08:45:00,2026-03-01 00:00:00,2026-03-23 00:00:00,2026-03-23 00:00:00,2026-03-01 00:00:00,2026-03-01 00:00:00,,day,,,,,,0,0,0,0,0,0,0,0,0,0,0,na,na,na
gdelt_0e46d3dd,en,"LIVE : Israel attacks Gaza school , forced starvation crisis grows | Israel - Palestine conflict News",2025-07-11 21:15:00,2025-07-11 21:15:00,2025-07-11 00:00:00,2025-07-11 00:00:00,2025-07-11 00:00:00,2025-07-11 00:00:00,2025-07-11 00:00:00,,day,,,,,,0,0,0,0,0,0,0,0,0,0,0,na,na,na
gdelt_0e57177f,uk,Оскари 2026 : прогнози – хто переможе і хто повинен перемогти,2026-03-15 19:00:00,2026-03-15 19:00:00,2026-03-15 00:00:00,2026-03-15 00:00:00,2026-03-15 00:00:00,2026-01-01 00:00:00,2026-12-31 00:00:00,,year,2026-01-01 00:00:00,2026-01-01 00:00:00,2026-12-31 00:00:00,year,2026,1,1,1,1,1,1,1,1,1,1,1,tie,tie,tie
gdelt_0e96ad7d,fr,La Chine exhorte les Etats - Unis à cesser les interrogatoires injustifiés du personnel des entreprises chinoises - Xinhua,2026-02-03 08:45:00,2026-02-03 08:45:00,2026-02-03 00:00:00,2026-02-03 00:00:00,2026-02-03 00:00:00,2026-02-03 00:00:00,2026-02-03 00:00:00,,day,,,,,,0,0,0,0,0,0,0,0,0,0,0,na,na,na
gdelt_0f3a2bca,en,Bondi shooting families demand national probe into  rise of antisemitism  in Australia,2025-12-29 10:15:00,2025-12-29 10:15:00,2025-12-29 00:00:00,2025-12-29 00:00:00,2025-12-29 00:00:00,2025-12-29 00:00:00,2025-12-29 00:00:00,,day,,,,,,0,0,0,0,0,0,0,0,0,0,0,na,na,na
gdelt_0f5c014c,es,China experimenta crecimiento constante de ingreso disponible per cápita en los primeros tres trimestres,2025-10-20 20:00:00,2025-10-20 20:00:00,2025-10-20 00:00:00,2025-10-20 00:00:00,2025-10-20 00:00:00,2025-10-20 00:00:00,2025-10-20 00:00:00,,day,,,,,,0,0,0,0,0,0,0,0,0,0,0,na,na,na
gdelt_0f6a050e,en,Singaporean doctor accused of filming colleagues in Melbourne hospital toilet gets new charges,2025-07-27 12:45:00,2025-07-27 12:45:00,2025-07-27 00:00:00,2025-07-27 00:00:00,2025-07-27 00:00:00,2025-07-27 00:00:00,2025-07-27 00:00:00,,day,,,,,,0,0,0,0,0,0,0,0,0,0,0,na,na,na
gdelt_0fd25d2e,en,Trump vows tough action after beheading of Indian motel manager in Dallas,2025-09-15 15:30:00,2025-09-15 15:30:00,2025-09-15 00:00:00,2025-09-15 00:00:00,2025-09-15 00:00:00,2025-09-15 00:00:00,2025-09-15 00:00:00,,day,,,,,,0,0,0,0,0,0,0,0,0,0,0,na,na,na
gdelt_0fde232e,en,Antarctic Ocean secrets hidden in layers of seafloor mud,2025-08-19 08:00:00,2025-08-19 08:00:00,2025-08-19 00:00:00,2025-08-19 00:00:00,2025-08-19 00:00:00,2025-08-19 00:00:00,2025-08-19 00:00:00,,day,,,,,,0,0,0,0,0,0,0,0,0,0,0,na,na,na
gdelt_0fe13af0,en,Music industry faces censorship after Bob Vylan controversy – DW – 07 / 14 / 2025,2025-07-14 21:00:00,2025-07-14 00:00:00,2025-07-14 00:00:00,2025-07-14 00:00:00,2025-07-14 00:00:00,2025-07-14 00:00:00,2025-07-14 00:00:00,,day,2025-01-01 00:00:00,2025-01-01 00:00:00,2025-12-31 00:00:00,year,07 / 14 / 2025,1,1,1,1,1,1,1,1,1,1,1,tie,tie,tie
gdelt_10149827,ko,首批柬埔寨榴莲飞入河南 - 新华网河南频道,2025-08-10 09:45:00,2025-08-10 09:45:00,2025-08-10 00:00:00,2025-08-10 00:00:00,2025-08-10 00:00:00,2025-08-10 00:00:00,2025-08-10 00:00:00,,day,,,,,,0,0,0,0,0,0,0,0,0,0,0,na,na,na
gdelt_10412607,es,  El granero de china  bajo las estrellas | Spanish . xinhuanet . com,2025-08-04 14:30:00,2025-08-04 14:30:00,2025-08-04 00:00:00,2025-08-04 00:00:00,2025-08-04 00:00:00,2025-08-04 00:00:00,2025-08-04 00:00:00,,day,,,,,,0,0,0,0,0,0,0,0,0,0,0,na,na,na
gdelt_1069f51e,sw,"Marekani : Ujerumani ilikiuka haki za binaadamu , 2024 – DW – 13 . 08 . 2025",2025-08-13 20:30:00,2024-08-13 00:00:00,2024-12-31 00:00:00,2024-08-13 00:00:00,2024-08-13 00:00:00,2024-01-01 00:00:00,2024-12-31 00:00:00,,year,2024-01-01 00:00:00,2024-01-01 00:00:00,2024-12-31 00:00:00,year,2024,1,1,1,1,1,1,1,1,1,1,1,tie,tie,tie
gdelt_10a889e4,en,Canada inflation ticks up as Carney says US trade talks  intensive  ,2025-10-22 05:00:00,2025-10-22 05:00:00,2025-10-22 00:00:00,2025-10-22 00:00:00,2025-10-22 00:00:00,2025-10-22 00:00:00,2025-10-22 00:00:00,,day,,,,,,0,0,0,0,0,0,0,0,0,0,0,na,na,na
gdelt_10b9368f,sw,Trump asema kuna maendeleo katika mazungumzo ya kumaliza vita vya Ukraine,2025-12-29 13:15:00,2025-12-29 13:15:00,2025-12-29 00:00:00,2025-12-29 00:00:00,2025-12-29 00:00:00,2025-12-29 00:00:00,2025-12-29 00:00:00,,day,,,,,,0,0,0,0,0,0,0,0,0,0,0,na,na,na
gdelt_1103274a,hi,बांग्लादेश : हिंसक घटनाओं को लेकर चिंतित है अल्पसंख्यक संगठन – DW – 07 . 01 . 2026,2026-01-07 17:30:00,2026-01-07 17:30:00,2026-01-07 00:00:00,2026-01-07 00:00:00,2026-01-07 00:00:00,2026-01-07 00:00:00,2026-01-07 00:00:00,,day,2026-01-01 00:00:00,2026-01-01 00:00:00,2026-12-31 00:00:00,year,2026,1,1,1,1,1,1,1,1,1,1,1,tie,tie,tie
gdelt_1190bef7,en,About CNA : Your Trusted Source for Credible Asian News,2025-10-29 10:45:00,2025-10-29 10:45:00,2025-10-29 00:00:00,2025-10-29 00:00:00,2025-10-29 00:00:00,2025-10-29 00:00:00,2025-10-29 00:00:00,,day,,,,,,0,0,0,0,0,0,0,0,0,0,0,na,na,na
gdelt_11afd976,en,Rallies in thousands of US cities for  No King protest against Trump,2026-03-29 02:30:00,2026-03-29 02:30:00,2026-03-29 00:00:00,2026-03-29 00:00:00,2026-03-29 00:00:00,2026-03-29 00:00:00,2026-03-29 00:00:00,,day,,,,,,0,0,0,0,0,0,0,0,0,0,0,na,na,na
gdelt_12d8c2a8,en,Europol busts Europe - wide drug ring in  largest - ever  operation | Drugs News,2026-01-21 21:00:00,2026-01-21 21:00:00,2026-01-21 00:00:00,2026-01-21 00:00:00,2026-01-21 00:00:00,2026-01-21 00:00:00,2026-01-21 00:00:00,,day,,,,,,0,0,0,0,0,0,0,0,0,0,0,na,na,na
gdelt_1365f027,en,"US tariffs to kick in Aug 1 , barring trade deals",2025-07-07 09:15:00,2025-07-07 09:15:00,2025-08-01 00:00:00,2025-07-07 00:00:00,2025-07-07 00:00:00,2025-08-01 00:00:00,2025-08-01 00:00:00,,day,2025-08-01 00:00:00,2025-08-01 00:00:00,2025-08-01 00:00:00,day,in Aug 1,1,1,0,1,0,1,0,1,0,1,0,v2_better,v2_better,v2_better
gdelt_141f8fb5,zh-cn,浙江绍兴 ： 兴村共富链赋能  和美越乡 - 新华网,2026-01-11 14:00:00,2026-01-11 14:00:00,2026-01-11 00:00:00,2026-01-11 00:00:00,2026-01-11 00:00:00,2026-01-11 00:00:00,2026-01-11 00:00:00,,day,,,,,,0,0,0,0,0,0,0,0,0,0,0,na,na,na
gdelt_1423c2f0,en,Iran says US travel ban reflects  racist mentality  ,2025-06-07 14:45:00,2025-06-07 14:45:00,2025-06-07 00:00:00,2025-06-07 00:00:00,2025-06-07 00:00:00,2025-06-07 00:00:00,2025-06-07 00:00:00,,day,,,,,,0,0,0,0,0,0,0,0,0,0,0,na,na,na
gdelt_144ed2c3,en,"What ails the NFL 6 winless teams ? For some , it obvious . Others might surprise you",2025-09-25 19:15:00,2025-09-25 19:15:00,2025-09-25 00:00:00,2025-09-25 00:00:00,2025-09-25 00:00:00,2025-09-25 00:00:00,2025-09-25 00:00:00,,day,,,,,,0,0,0,0,0,0,0,0,0,0,0,na,na,na
gdelt_145e1315,en,"  Massive  Russian attack on Ukraine Kyiv kills at least 8 , wounds dozens | Russia - Ukraine war News",2025-08-28 16:00:00,2025-08-28 16:00:00,2025-08-28 00:00:00,2025-08-28 00:00:00,2025-08-28 00:00:00,2025-08-28 00:00:00,2025-08-28 00:00:00,,day,,,,,,0,0,0,0,0,0,0,0,0,0,0,na,na,na
gdelt_1469c9ef,id,Gempa Bumi di Afganistan Tewaskan 800 Orang – DW – 01 . 09 . 2025,2025-09-01 22:45:00,2025-09-01 22:45:00,2025-09-01 00:00:00,2025-09-01 00:00:00,2025-09-01 00:00:00,2025-09-01 00:00:00,2025-09-01 00:00:00,,day,2025-01-01 00:00:00,2025-01-01 00:00:00,2025-12-31 00:00:00,year,2025,1,1,1,1,1,1,1,1,1,1,1,tie,tie,tie
gdelt_147b8bea,zh-cn,龙岩 ： 精准施策破瓶颈 项目攻坚添动能 - 新华网,2025-08-11 17:45:00,2025-08-11 17:45:00,2025-08-11 00:00:00,2025-08-11 00:00:00,2025-08-11 00:00:00,2025-08-11 00:00:00,2025-08-11 00:00:00,,day,,,,,,0,0,0,0,0,0,0,0,0,0,0,na,na,na
gdelt_15002cad,ko,AI가 바꾼 제작 공식 ... 中 숏드라마 판도 재편 - Xinhua,2026-03-26 11:00:00,2026-03-26 11:00:00,2026-03-26 00:00:00,2026-03-26 00:00:00,2026-03-26 00:00:00,2026-03-26 00:00:00,2026-03-26 00:00:00,,day,,,,,,0,0,0,0,0,0,0,0,0,0,0,na,na,na
gdelt_15c65152,en,India orders IndiGo to cut 10 % of flights as airline says operations  normalised  ,2025-12-10 18:00:00,2025-12-10 18:00:00,2025-12-10 00:00:00,2025-12-10 00:00:00,2025-12-10 00:00:00,2025-12-10 00:00:00,2025-12-10 00:00:00,,day,,,,,,0,0,0,0,0,0,0,0,0,0,0,na,na,na
gdelt_16066f09,ko,南方电网都匀供电局  多看一眼  阻断220千伏重大隐患 - 新华网,2025-10-20 18:45:00,2025-10-20 18:45:00,2025-10-20 00:00:00,2025-10-20 00:00:00,2025-10-20 00:00:00,2025-10-20 00:00:00,2025-10-20 00:00:00,,day,,,,,,0,0,0,0,0,0,0,0,0,0,0,na,na,na
gdelt_165b1e89,pt,"Morre Robert Redford , padrinho do cinema independente – DW – 16 / 09 / 2025",2025-09-17 00:00:00,2025-09-17 00:00:00,2025-09-16 00:00:00,2025-09-17 00:00:00,2025-09-17 00:00:00,2025-09-16 00:00:00,2025-09-16 00:00:00,,day,2025-01-01 00:00:00,2025-01-01 00:00:00,2025-12-31 00:00:00,year,16 / 09 / 2025,1,1,1,1,1,1,1,1,1,1,1,tie,tie,tie
gdelt_16620886,en,Brazil lawmakers vote to reduce Bolsonaro sentence – DW – 12 / 10 / 2025,2025-12-10 16:30:00,2025-12-10 16:30:00,2025-12-10 00:00:00,2025-12-10 00:00:00,2025-12-10 00:00:00,2025-12-10 00:00:00,2025-12-10 00:00:00,,day,2025-01-01 00:00:00,2025-01-01 00:00:00,2025-12-31 00:00:00,year,12 / 10 / 2025,1,1,1,1,1,1,1,1,1,1,1,tie,tie,tie
gdelt_167dab37,en,Commentary : Elon Musk has launched his own party – US history suggests it will fail,2025-07-08 07:00:00,2025-07-08 07:00:00,2025-07-08 00:00:00,2025-07-08 00:00:00,2025-07-08 00:00:00,2025-07-08 00:00:00,2025-07-08 00:00:00,,day,,,,,,0,0,0,0,0,0,0,0,0,0,0,na,na,na
gdelt_168f2283,te,వార్తలు - BBC News తెలుగు,2025-11-24 23:15:00,2025-11-24 23:15:00,2025-11-24 00:00:00,2025-11-24 00:00:00,2025-11-24 00:00:00,2025-11-24 00:00:00,2025-11-24 00:00:00,,day,,,,,,0,0,0,0,0,0,0,0,0,0,0,na,na,na
gdelt_16dc280c,hr,Četiri godine rata : odakle Ukrajincima snage da to izdrže,2026-02-23 20:15:00,2026-02-23 20:15:00,2026-02-19 00:00:00,2026-02-23 00:00:00,2026-02-23 00:00:00,2026-02-19 00:00:00,2026-02-19 00:00:00,,day,,,,,,0,0,0,0,0,0,0,0,0,0,0,na,na,na
gdelt_16f14cb9,en,Abu Shabab death signals the inevitable failure of Israel plan for Gaza | Israel - Palestine conflict,2025-12-08 00:15:00,2025-12-08 00:15:00,2025-12-08 00:00:00,2025-12-08 00:00:00,2025-12-08 00:00:00,2025-12-08 00:00:00,2025-12-08 00:00:00,,day,,,,,,0,0,0,0,0,0,0,0,0,0,0,na,na,na
gdelt_16f75e1e,fr,LEgypte appelle les Etats - Unis et lIran à reprendre les négociations alors que les tensions montent - Xinhua,2026-02-01 13:15:00,2026-02-01 13:15:00,2026-02-01 00:00:00,2026-02-01 00:00:00,2026-02-01 00:00:00,2026-02-01 00:00:00,2026-02-01 00:00:00,,day,,,,,,0,0,0,0,0,0,0,0,0,0,0,na,na,na
gdelt_171f2128,en,LIVE : Hamas says US has given guarantees Gaza war  has ended completely  | Israel - Palestine conflict News,2025-10-10 06:15:00,2025-10-10 06:15:00,2025-10-10 00:00:00,2025-10-10 00:00:00,2025-10-10 00:00:00,2025-10-10 00:00:00,2025-10-10 00:00:00,,day,,,,,,0,0,0,0,0,0,0,0,0,0,0,na,na,na
gdelt_17717e90,en,Thailand - Cambodia conflict : Thousands flee disputed border after deadly clashes and air strikes,2025-12-08 19:45:00,2025-12-08 19:45:00,2025-12-08 00:00:00,2025-12-08 00:00:00,2025-12-08 00:00:00,2025-12-08 00:00:00,2025-12-08 00:00:00,,day,,,,,,0,0,0,0,0,0,0,0,0,0,0,na,na,na
gdelt_179ee365,en,Why was former Prince Andrew arrested by united kingdom police ? ,2026-02-20 09:45:00,2026-02-20 09:45:00,2026-02-20 00:00:00,2026-02-20 00:00:00,2026-02-20 00:00:00,2026-02-20 00:00:00,2026-02-20 00:00:00,,day,,,,,,0,0,0,0,0,0,0,0,0,0,0,na,na,na
gdelt_17b41d35,en,Honduran military vows to ensure orderly post - election power transfer,2025-12-11 10:15:00,2025-12-11 10:15:00,2025-12-11 00:00:00,2025-12-11 00:00:00,2025-12-11 00:00:00,2025-12-11 00:00:00,2025-12-11 00:00:00,,day,,,,,,0,0,0,0,0,0,0,0,0,0,0,na,na,na
gdelt_17b6fca5,ur,خیرالدین :  سمندروں کا بادشاہ  بحری قزاق جس نے یورپی بیڑے کو شکست دی,2025-09-03 14:15:00,2025-09-03 14:15:00,2025-09-03 00:00:00,2025-09-03 00:00:00,2025-09-03 00:00:00,2025-09-03 00:00:00,2025-09-03 00:00:00,,day,,,,,,0,0,0,0,0,0,0,0,0,0,0,na,na,na
gdelt_17c450c8,de,  Kriegsähnlich  - Sorge um Fußball - WM wegen Gewalt in Mexiko,2026-02-25 18:15:00,2026-02-25 18:15:00,2026-02-25 00:00:00,2026-02-25 00:00:00,2026-02-25 00:00:00,2026-02-25 00:00:00,2026-02-25 00:00:00,,day,,,,,,0,0,0,0,0,0,0,0,0,0,0,na,na,na
gdelt_17d22b5a,en,France opens murder probe into right - wing activist death,2026-02-17 04:45:00,2026-02-17 04:45:00,2026-02-17 00:00:00,2026-02-17 00:00:00,2026-02-17 00:00:00,2026-02-17 00:00:00,2026-02-17 00:00:00,,day,,,,,,0,0,0,0,0,0,0,0,0,0,0,na,na,na
gdelt_1863793e,vi,Tư lệnh Đức :  Nga có thể tấn công NATO trong 4 năm tới  ,2025-06-02 20:15:00,2025-06-02 20:15:00,2025-06-02 00:00:00,2025-06-02 00:00:00,2025-06-02 00:00:00,2025-06-02 00:00:00,2025-06-02 00:00:00,,day,,,,,,0,0,0,0,0,0,0,0,0,0,0,na,na,na
gdelt_186a70f5,en,Aventis Graduate School launches executive MBA programmes for business and healthcare leaders,2025-10-29 10:45:00,2025-10-29 10:45:00,2025-10-29 00:00:00,2025-10-29 00:00:00,2025-10-29 00:00:00,2025-10-29 00:00:00,2025-10-29 00:00:00,,day,,,,,,0,0,0,0,0,0,0,0,0,0,0,na,na,na
gdelt_1894304b,en,Patti Smith  Horse Celebrates Its 50th Anniversary,2025-11-09 14:15:00,2025-11-09 14:15:00,2025-11-09 00:00:00,2025-11-09 00:00:00,2025-11-09 00:00:00,2025-11-09 00:00:00,2025-11-09 00:00:00,,day,,,,,,0,0,0,0,0,0,0,0,0,0,0,na,na,na
gdelt_1916ce67,zh-cn,夜宿普朗铜矿 _ 新华网,2025-07-07 13:30:00,2025-07-07 13:30:00,2025-07-07 00:00:00,2025-07-07 00:00:00,2025-07-07 00:00:00,2025-07-07 00:00:00,2025-07-07 00:00:00,,day,,,,,,0,0,0,0,0,0,0,0,0,0,0,na,na,na
gdelt_19503508,tr,Katarda askeri helikopter kazası : 7 kişi hayatını kaybetti,2026-03-22 19:00:00,2026-03-22 19:00:00,2026-03-22 00:00:00,2026-03-22 00:00:00,2026-03-22 00:00:00,2026-03-22 00:00:00,2026-03-22 00:00:00,,day,,,,,,0,0,0,0,0,0,0,0,0,0,0,na,na,na
gdelt_19617902,zh-cn,东坡+咖啡 千年宋韵  活  起来 - 新华网,2025-11-09 11:30:00,2025-11-09 11:30:00,2025-11-01 00:00:00,2025-11-09 00:00:00,2025-11-09 00:00:00,2025-11-01 00:00:00,2025-11-01 00:00:00,,day,,,,,,0,0,0,0,0,0,0,0,0,0,0,na,na,na
gdelt_1996ea6a,ro,"Se pregătește Donald Trump să atace Columbia , Cuba și Mexic ? ",2026-01-14 16:30:00,2026-01-14 16:30:00,2026-09-01 00:00:00,2026-01-14 00:00:00,2026-01-14 00:00:00,2026-09-01 00:00:00,2026-09-01 00:00:00,,day,,,,,,0,0,0,0,0,0,0,0,0,0,0,na,na,na
gdelt_19b2f5b0,ko,"中 시 주석 , 광둥 시찰 ... 개혁개방 전면 심화로 현대화 건설의 새로운 성과 거둘 것 - Xinhua",2025-11-09 13:45:00,2025-11-09 13:45:00,2025-11-01 00:00:00,2025-11-09 00:00:00,2025-11-09 00:00:00,2025-11-01 00:00:00,2025-11-01 00:00:00,,day,,,,,,0,0,0,0,0,0,0,0,0,0,0,na,na,na
gdelt_19bcf07a,en,Day 3 of the MLB Winter Meetings : the Polar Bear move caps the week,2025-12-11 21:45:00,2025-12-11 21:45:00,2025-12-11 00:00:00,2025-12-11 00:00:00,2025-12-11 00:00:00,2025-12-11 00:00:00,2025-12-11 00:00:00,,day,,,,,,0,0,0,0,0,0,0,0,0,0,0,na,na,na
gdelt_19be7ede,ru,США пригрозили РФ санкциями при нежелании мира в Украине – DW – 01 . 09 . 2025,2025-09-01 07:00:00,2025-09-01 07:00:00,2025-09-01 00:00:00,2025-09-01 00:00:00,2025-09-01 00:00:00,2025-09-01 00:00:00,2025-09-01 00:00:00,,day,2025-01-01 00:00:00,2025-01-01 00:00:00,2025-12-31 00:00:00,year,2025,1,1,1,1,1,1,1,1,1,1,1,tie,tie,tie
gdelt_19d675f0,pt,Ataque deixa mortos em centro de ajuda em Gaza – DW – 01 / 06 / 2025,2025-06-02 02:15:00,2025-06-02 02:15:00,2025-06-01 00:00:00,2025-06-02 00:00:00,2025-06-02 00:00:00,2025-06-01 00:00:00,2025-06-01 00:00:00,,day,2025-01-01 00:00:00,2025-01-01 00:00:00,2025-12-31 00:00:00,year,01 / 06 / 2025,1,1,1,1,1,1,1,1,1,1,1,tie,tie,tie
gdelt_19fe3479,en,Communist and far - right candidates head to Chile presidential run - off,2025-11-17 09:45:00,2025-11-17 09:45:00,2025-11-17 00:00:00,2025-11-17 00:00:00,2025-11-17 00:00:00,2025-11-17 00:00:00,2025-11-17 00:00:00,,day,,,,,,0,0,0,0,0,0,0,0,0,0,0,na,na,na
gdelt_1a013eb0,zh-cn,厦门  一张床  政策 惠及超万名大学生 - 新华网,2025-12-15 11:45:00,2025-12-15 11:45:00,2025-12-15 00:00:00,2025-12-15 00:00:00,2025-12-15 00:00:00,2025-12-15 00:00:00,2025-12-15 00:00:00,,day,,,,,,0,0,0,0,0,0,0,0,0,0,0,na,na,na
gdelt_1a2c5f6b,es, ( CIIE ) Inaugurada VIII Exposición Internacional de Importaciones de China en Shanghai,2025-11-05 23:15:00,2025-11-05 23:15:00,2025-11-05 00:00:00,2025-11-05 00:00:00,2025-11-05 00:00:00,2025-11-05 00:00:00,2025-11-05 00:00:00,,day,,,,,,0,0,0,0,0,0,0,0,0,0,0,na,na,na
gdelt_1ab94703,hi,दुनिया भर में अमेरिकी तख्ता पलट की कोशिशों का दागदार इतिहास,2026-03-06 00:30:00,2026-03-06 00:30:00,2026-05-01 00:00:00,2026-03-06 00:00:00,2026-03-06 00:00:00,2026-05-01 00:00:00,2026-05-01 00:00:00,,day,,,,,,0,0,0,0,0,0,0,0,0,0,0,na,na,na
gdelt_1ac2b78e,ru,Глава DB : Движение поездов на основных ветках восстановлено – DW – 11 . 01 . 2026,2026-01-12 03:15:00,2026-01-12 03:15:00,2026-01-11 00:00:00,2026-01-12 00:00:00,2026-01-12 00:00:00,2026-01-11 00:00:00,2026-01-11 00:00:00,,day,2026-01-01 00:00:00,2026-01-01 00:00:00,2026-12-31 00:00:00,year,2026,1,1,1,1,1,1,1,1,1,1,1,tie,tie,tie
gdelt_1add7ce0,en,"Thailand , Cambodia sign border ceasefire agreement as first day of ASEAN Summit wraps up",2025-10-26 23:00:00,2025-10-26 23:00:00,2025-10-26 00:00:00,2025-10-26 00:00:00,2025-10-26 00:00:00,2025-10-26 00:00:00,2025-10-26 00:00:00,,day,,,,,,0,0,0,0,0,0,0,0,0,0,0,na,na,na
gdelt_1b649a33,en,US - Israel war on Iran : What happening on day 30 of attacks ? | US - Israel war on Iran News,2026-03-29 18:15:00,2026-03-29 18:15:00,2026-03-29 00:00:00,2026-03-29 00:00:00,2026-03-29 00:00:00,2026-03-29 00:00:00,2026-03-29 00:00:00,,day,,,,,,0,0,0,0,0,0,0,0,0,0,0,na,na,na
gdelt_1ba4653f,en,"John Calipari is back in business at Arkansas , sounding loud , proud and at peace",2026-03-20 03:00:00,2026-03-20 03:00:00,2026-03-20 00:00:00,2026-03-20 00:00:00,2026-03-20 00:00:00,2026-03-20 00:00:00,2026-03-20 00:00:00,,day,,,,,,0,0,0,0,0,0,0,0,0,0,0,na,na,na
gdelt_1be8d6f7,en,"LIVE : Israel ramps up Gaza City assault , kills children in strike on school | Israel - Palestine conflict News",2025-09-21 01:15:00,2025-09-21 01:15:00,2025-09-21 00:00:00,2025-09-21 00:00:00,2025-09-21 00:00:00,2025-09-21 00:00:00,2025-09-21 00:00:00,,day,,,,,,0,0,0,0,0,0,0,0,0,0,0,na,na,na
gdelt_1c0471c4,en,"220 , 000 Fewer Workers : How Trump Cuts Affected Every Federal Agency",2026-01-11 04:00:00,2026-01-11 04:00:00,2026-01-11 00:00:00,2026-01-11 00:00:00,2026-01-11 00:00:00,2026-01-11 00:00:00,2026-01-11 00:00:00,,day,,,,,,0,0,0,0,0,0,0,0,0,0,0,na,na,na
gdelt_1c2d1265,en,Oklahoma man accused of shooting woman during target practice,2025-12-30 10:45:00,2025-12-30 10:45:00,2025-12-30 00:00:00,2025-12-30 00:00:00,2025-12-30 00:00:00,2025-12-30 00:00:00,2025-12-30 00:00:00,,day,,,,,,0,0,0,0,0,0,0,0,0,0,0,na,na,na
gdelt_1c37f00e,en,Trump to make shipbuilding announcement as US looks to bolster Navy,2025-12-23 02:15:00,2025-12-23 02:15:00,2025-12-23 00:00:00,2025-12-23 00:00:00,2025-12-23 00:00:00,2025-12-23 00:00:00,2025-12-23 00:00:00,,day,,,,,,0,0,0,0,0,0,0,0,0,0,0,na,na,na
gdelt_1c7377a9,en,MasterChef : John Torode subject of racist language allegation in report,2025-07-15 05:15:00,2025-07-15 05:15:00,2025-07-15 00:00:00,2025-07-15 00:00:00,2025-07-15 00:00:00,2025-07-15 00:00:00,2025-07-15 00:00:00,,day,,,,,,0,0,0,0,0,0,0,0,0,0,0,na,na,na
gdelt_1c80f67a,bg,ЕС оряза климатичните си цели – DW – 5 . 11 . 2025,2025-11-05 22:30:00,2025-11-05 22:30:00,2025-11-05 00:00:00,2025-11-05 00:00:00,2025-11-05 00:00:00,2025-11-05 00:00:00,2025-11-05 00:00:00,,day,2025-01-01 00:00:00,2025-01-01 00:00:00,2025-12-31 00:00:00,year,2025,1,1,1,1,1,1,1,1,1,1,1,tie,tie,tie
gdelt_1c926628,en,"Boy , 5 , goes outside for first time since open - heart surgery",2026-03-27 15:45:00,2026-05-27 00:00:00,2026-03-27 00:00:00,2026-05-27 00:00:00,2026-05-27 00:00:00,2026-03-27 00:00:00,2026-03-27 00:00:00,,day,,,,,,0,0,0,0,0,0,0,0,0,0,0,na,na,na
gdelt_1cb59e07,tr,TFFden soruşturma açıklaması : Sıra teknik direktörlerde – DW – 24 . 11 . 2025,2025-11-25 01:30:00,2025-11-25 01:30:00,2025-11-24 00:00:00,2025-11-25 00:00:00,2025-11-25 00:00:00,2025-11-24 00:00:00,2025-11-24 00:00:00,,day,2025-01-01 00:00:00,2025-01-01 00:00:00,2025-12-31 00:00:00,year,2025,1,1,1,1,1,1,1,1,1,1,1,tie,tie,tie
gdelt_1cb5b6eb,fa,شرکت‌های ایلان ماسک از اپل و اوپن ای‌آی شکایت کردند,2025-08-26 08:45:00,2025-08-26 08:45:00,2025-08-26 00:00:00,2025-08-26 00:00:00,2025-08-26 00:00:00,2025-08-26 00:00:00,2025-08-26 00:00:00,,day,,,,,,0,0,0,0,0,0,0,0,0,0,0,na,na,na
gdelt_1cd2d7d6,en,Motion : Neo Kok Beng on suitability of Pritam Singh as Leader of the Opposition,2026-01-14 19:00:00,2026-01-14 19:00:00,2026-01-14 00:00:00,2026-01-14 00:00:00,2026-01-14 00:00:00,2026-01-14 00:00:00,2026-01-14 00:00:00,,day,,,,,,0,0,0,0,0,0,0,0,0,0,0,na,na,na
gdelt_1cef6038,en,Fire at India hospital intensive care unit kills 10 people,2026-03-16 20:15:00,2026-03-16 20:15:00,2026-03-16 00:00:00,2026-03-16 00:00:00,2026-03-16 00:00:00,2026-03-16 00:00:00,2026-03-16 00:00:00,,day,,,,,,0,0,0,0,0,0,0,0,0,0,0,na,na,na
gdelt_1d084ac9,en,Commentary : What China weapons parade says about its military might,2025-09-09 13:00:00,2025-09-09 13:00:00,2025-09-09 00:00:00,2025-09-09 00:00:00,2025-09-09 00:00:00,2025-09-09 00:00:00,2025-09-09 00:00:00,,day,,,,,,0,0,0,0,0,0,0,0,0,0,0,na,na,na
gdelt_1d20a9aa,id,"Jelang COP30 , Banyak Negara Belum Ajukan Target Baru Emisi – DW – 31 . 10 . 2025",2025-10-31 14:00:00,2025-10-31 14:00:00,2025-10-31 00:00:00,2025-10-31 00:00:00,2025-10-31 00:00:00,2025-10-31 00:00:00,2025-10-31 00:00:00,,day,2025-01-01 00:00:00,2025-01-01 00:00:00,2025-12-31 00:00:00,year,2025,1,1,1,1,1,1,1,1,1,1,1,tie,tie,tie
gdelt_1d2fac08,no,Alexander Isak transfer : Sweden striker claims Newcastle have  broken promises  ,2025-08-20 08:00:00,2025-08-20 08:00:00,2025-08-20 00:00:00,2025-08-20 00:00:00,2025-08-20 00:00:00,2025-08-20 00:00:00,2025-08-20 00:00:00,,day,,,,,,0,0,0,0,0,0,0,0,0,0,0,na,na,na
gdelt_1d3f35de,ko,REITs市场迎政策新指引 支持扩容扩募与资产创新 - 新华网,2025-09-22 12:00:00,2025-09-22 12:00:00,2025-09-22 00:00:00,2025-09-22 00:00:00,2025-09-22 00:00:00,2025-09-22 00:00:00,2025-09-22 00:00:00,,day,,,,,,0,0,0,0,0,0,0,0,0,0,0,na,na,na
gdelt_1d498679,en,  We want to contribute  say Greater Manchester asylum seekers,2025-10-31 02:00:00,2025-10-31 02:00:00,2025-10-29 00:00:00,2025-10-31 00:00:00,2025-10-31 00:00:00,2025-10-29 00:00:00,2025-10-29 00:00:00,,day,,,,,,0,0,0,0,0,0,0,0,0,0,0,na,na,na
gdelt_1d6f0bb6,en,Taylor Swift 12th studio album Showgirl shatters Spotify record | Music News,2025-10-03 18:00:00,2025-10-03 18:00:00,2025-10-03 00:00:00,2025-10-03 00:00:00,2025-10-03 00:00:00,2025-10-03 00:00:00,2025-10-03 00:00:00,,day,,,,,,0,0,0,0,0,0,0,0,0,0,0,na,na,na
gdelt_1dcd7204,en,Donald Trump live :  One Big Beautiful Bill  to face tight vote in US House | Donald Trump News,2025-07-03 08:45:00,2025-07-03 08:45:00,2025-07-03 00:00:00,2025-07-03 00:00:00,2025-07-03 00:00:00,2025-07-03 00:00:00,2025-07-03 00:00:00,,day,,,,,,0,0,0,0,0,0,0,0,0,0,0,na,na,na
gdelt_1e03d272,ru,В Турции на протесты оппозиции вышли десятки тысяч человек – DW – 14 . 09 . 2025,2025-09-15 05:00:00,2025-09-15 05:00:00,2025-09-14 00:00:00,2025-09-15 00:00:00,2025-09-15 00:00:00,2025-09-14 00:00:00,2025-09-14 00:00:00,,day,2025-01-01 00:00:00,2025-01-01 00:00:00,2025-12-31 00:00:00,year,2025,1,1,1,1,1,1,1,1,1,1,1,tie,tie,tie
gdelt_1e7b6e03,en,President Trump is in united kingdom for historic second state visit,2025-09-17 07:00:00,2025-09-17 07:00:00,2025-09-17 00:00:00,2025-09-17 00:00:00,2025-09-17 00:00:00,2025-09-17 00:00:00,2025-09-17 00:00:00,,day,,,,,,0,0,0,0,0,0,0,0,0,0,0,na,na,na
gdelt_1e8809fc,en,Five key takeaways from Trump state - of - the - nation address | Donald Trump News,2025-12-18 17:30:00,2025-12-18 17:30:00,2025-12-18 00:00:00,2025-12-18 00:00:00,2025-12-18 00:00:00,2025-12-18 00:00:00,2025-12-18 00:00:00,,day,,,,,,0,0,0,0,0,0,0,0,0,0,0,na,na,na
gdelt_1ed42987,es,Jefe de la ONU y Trump urgen alto el fuego entre Camboya y Tailandia,2025-07-27 17:15:00,2025-07-27 17:15:00,2025-07-27 00:00:00,2025-07-27 00:00:00,2025-07-27 00:00:00,2025-07-27 00:00:00,2025-07-27 00:00:00,,day,,,,,,0,0,0,0,0,0,0,0,0,0,0,na,na,na
gdelt_1f76e05d,pt,Trump recebe Zelenski e diz que acordo está na  fase final  – DW – 28 / 12 / 2025,2025-12-29 06:00:00,2025-12-29 06:00:00,2025-12-28 00:00:00,2025-12-29 00:00:00,2025-12-29 00:00:00,2025-12-28 00:00:00,2025-12-28 00:00:00,,day,2025-01-01 00:00:00,2025-01-01 00:00:00,2025-12-31 00:00:00,year,28 / 12 / 2025,1,1,1,1,1,1,1,1,1,1,1,tie,tie,tie
gdelt_1f9c2e36,ur,جنوبی افریقہ کے نوجوان کپتان نے برائن لارا کا 400 رنز کا ریکارڈ کیوں قائم رہنے دیا ؟ ,2025-07-08 12:15:00,2025-07-08 12:15:00,2025-07-08 00:00:00,2025-07-08 00:00:00,2025-07-08 00:00:00,2025-07-08 00:00:00,2025-07-08 00:00:00,,day,,,,,,0,0,0,0,0,0,0,0,0,0,0,na,na,na
gdelt_1fd4fa33,sw,Saba Saba yaadhimishwa kwa maandamano Kenya – DW – 07 . 07 . 2025,2025-07-07 22:30:00,2025-07-07 00:00:00,2025-07-07 00:00:00,2025-07-07 00:00:00,2025-07-07 00:00:00,2025-07-07 00:00:00,2025-07-07 00:00:00,,day,2025-01-01 00:00:00,2025-01-01 00:00:00,2025-12-31 00:00:00,year,2025,1,1,1,1,1,1,1,1,1,1,1,tie,tie,tie
gdelt_1fded980,en,"Popular Sydney beach deploys drones , helicopter after fatal shark attack",2025-09-07 11:15:00,2025-09-07 11:15:00,2025-09-07 00:00:00,2025-09-07 00:00:00,2025-09-07 00:00:00,2025-09-07 00:00:00,2025-09-07 00:00:00,,day,,,,,,0,0,0,0,0,0,0,0,0,0,0,na,na,na
gdelt_204611f4,en,  The Swiftologist : A full - time Taylor Swift content creator in Singapore,2025-10-17 08:30:00,2025-10-17 08:30:00,2025-10-17 00:00:00,2025-10-17 00:00:00,2025-10-17 00:00:00,2025-10-17 00:00:00,2025-10-17 00:00:00,,day,,,,,,0,0,0,0,0,0,0,0,0,0,0,na,na,na
gdelt_2070f63d,en,Israel to reopen Rafah crossing after search for last hostage body ends,2026-01-26 07:30:00,2026-01-26 07:30:00,2026-01-26 00:00:00,2026-01-26 00:00:00,2026-01-26 00:00:00,2026-01-26 00:00:00,2026-01-26 00:00:00,,day,,,,,,0,0,0,0,0,0,0,0,0,0,0,na,na,na
gdelt_21083c17,fr,Quatre Palestiniens tués dans des attaques israéliennes à Gaza ( sources ) - Xinhua,2025-11-24 23:15:00,2025-11-24 23:15:00,2025-11-24 00:00:00,2025-11-24 00:00:00,2025-11-24 00:00:00,2025-11-24 00:00:00,2025-11-24 00:00:00,,day,,,,,,0,0,0,0,0,0,0,0,0,0,0,na,na,na
gdelt_214ade9e,en,Limited internet briefly returns in Iran after protest blackout,2026-01-19 07:00:00,2026-01-19 07:00:00,2026-01-19 00:00:00,2026-01-19 00:00:00,2026-01-19 00:00:00,2026-01-19 00:00:00,2026-01-19 00:00:00,,day,,,,,,0,0,0,0,0,0,0,0,0,0,0,na,na,na
gdelt_218e3146,es,Medusas paran cuatro reactores de central nuclear francesa – DW – 11 / 08 / 2025,2025-08-11 23:30:00,2025-08-11 23:30:00,2025-08-11 00:00:00,2025-08-11 00:00:00,2025-08-11 00:00:00,2025-08-11 00:00:00,2025-08-11 00:00:00,,day,2025-01-01 00:00:00,2025-01-01 00:00:00,2025-12-31 00:00:00,year,11 / 08 / 2025,1,1,1,1,1,1,1,1,1,1,1,tie,tie,tie
gdelt_21f462d0,mk,Може ли Србија да покаже на ЕУ дека е сериозна за реформите ? – DW – 10 . 12 . 2025,2025-12-10 18:00:00,2025-12-10 18:00:00,2025-12-10 00:00:00,2025-12-10 00:00:00,2025-12-10 00:00:00,2025-12-10 00:00:00,2025-12-10 00:00:00,,day,2025-01-01 00:00:00,2025-01-01 00:00:00,2025-12-31 00:00:00,year,2025,1,1,1,1,1,1,1,1,1,1,1,tie,tie,tie
gdelt_220c2081,ko,世界举重锦标赛落幕 福建省再添一位世界冠军 - 新华网,2025-10-13 15:30:00,2025-10-13 15:30:00,2025-10-13 00:00:00,2025-10-13 00:00:00,2025-10-13 00:00:00,2025-10-13 00:00:00,2025-10-13 00:00:00,,day,,,,,,0,0,0,0,0,0,0,0,0,0,0,na,na,na
gdelt_2215217d,sw,Mwanaharakati wa Kenya aachiliwa huru kwa dhamana – DW – 21 . 07 . 2025,2025-07-22 00:00:00,2025-07-22 00:00:00,2025-07-21 00:00:00,2025-07-22 00:00:00,2025-07-22 00:00:00,2025-07-21 00:00:00,2025-07-21 00:00:00,,day,2025-01-01 00:00:00,2025-01-01 00:00:00,2025-12-31 00:00:00,year,2025,1,1,1,1,1,1,1,1,1,1,1,tie,tie,tie
gdelt_226cbe64,en,IFC to provide $400 million loan for Pakistan copper - gold Reko Diq mine,2025-06-13 23:45:00,2025-06-13 23:45:00,2025-06-13 00:00:00,2025-06-13 00:00:00,2025-06-13 00:00:00,2025-06-13 00:00:00,2025-06-13 00:00:00,,day,,,,,,0,0,0,0,0,0,0,0,0,0,0,na,na,na
gdelt_22b2c05f,ko,逐梦 · 中招进行时丨石家庄市第四十四中学 - 新华网河北频道 - 新华网,2025-07-03 17:15:00,2025-07-03 17:15:00,2025-07-03 00:00:00,2025-07-03 00:00:00,2025-07-03 00:00:00,2025-07-03 00:00:00,2025-07-03 00:00:00,,day,,,,,,0,0,0,0,0,0,0,0,0,0,0,na,na,na
gdelt_22c33835,en,How the Iran war has left Europe facing yet another energy crisis,2026-03-19 14:30:00,2026-03-19 14:30:00,2026-03-19 00:00:00,2026-03-19 00:00:00,2026-03-19 00:00:00,2026-03-19 00:00:00,2026-03-19 00:00:00,,day,,,,,,0,0,0,0,0,0,0,0,0,0,0,na,na,na
gdelt_22d9ea0f,uk,2022 і 2026 : як німецькі ЗМІ писали про війну РФ та України ? ,2026-02-25 16:45:00,2026-02-25 16:45:00,2022-12-31 00:00:00,2026-02-25 00:00:00,2026-02-25 00:00:00,2022-01-01 00:00:00,2022-12-31 00:00:00,,year,,,,,,0,0,0,0,0,0,0,0,0,0,0,na,na,na
gdelt_230198e0,ur,متحدہ عرب امارات فوجی فاؤنڈیشن گروپ سے ایک ارب ڈالر مالیت کے شیئرز کیوں خرید رہا ہے ؟ ,2025-12-29 02:15:00,2025-12-29 02:15:00,2025-12-29 00:00:00,2025-12-29 00:00:00,2025-12-29 00:00:00,2025-12-29 00:00:00,2025-12-29 00:00:00,,day,,,,,,0,0,0,0,0,0,0,0,0,0,0,na,na,na
gdelt_2392b95d,nl,Virus kills dozens of tigers in Thailand park,2026-02-21 15:30:00,2026-02-21 15:30:00,2026-02-21 00:00:00,2026-02-21 00:00:00,2026-02-21 00:00:00,2026-02-21 00:00:00,2026-02-21 00:00:00,,day,,,,,,0,0,0,0,0,0,0,0,0,0,0,na,na,na
gdelt_23ae4b8f,es,Trump dice que espacio aéreo de Venezuela debe considerarse completamente cerrado,2025-11-30 10:30:00,2025-11-30 10:30:00,2025-11-30 00:00:00,2025-11-30 00:00:00,2025-11-30 00:00:00,2025-11-30 00:00:00,2025-11-30 00:00:00,,day,,,,,,0,0,0,0,0,0,0,0,0,0,0,na,na,na
gdelt_2497035d,zh-cn,2025年暑运收官 海航航空集团运送旅客2270万人次 创同期历史新高 - 新华网,2025-09-05 19:45:00,2025-09-05 00:00:00,2025-09-05 00:00:00,2025-09-05 00:00:00,2025-09-05 00:00:00,2025-01-01 00:00:00,2025-12-31 00:00:00,,year,2025-01-01 00:00:00,2025-01-01 00:00:00,2025-12-31 00:00:00,year,2025年,1,1,1,1,1,1,1,1,1,1,1,tie,tie,tie
gdelt_24a2ca9a,pl,UE . Rusza nowy system wjazdu i wyjazdu EES – DW – 12 . 10 . 2025,2025-10-12 20:00:00,2025-10-12 20:00:00,2025-10-12 00:00:00,2025-10-12 00:00:00,2025-10-12 00:00:00,2025-10-12 00:00:00,2025-10-12 00:00:00,,day,2025-01-01 00:00:00,2025-01-01 00:00:00,2025-12-31 00:00:00,year,2025,1,1,1,1,1,1,1,1,1,1,1,tie,tie,tie
gdelt_24eba118,zh-cn,国乒大胜日本队 实现混合团体世界杯  三连冠 - 新华网,2025-12-08 05:30:00,2025-12-08 05:30:00,2025-12-08 00:00:00,2025-12-08 00:00:00,2025-12-08 00:00:00,2025-12-08 00:00:00,2025-12-08 00:00:00,,day,,,,,,0,0,0,0,0,0,0,0,0,0,0,na,na,na
gdelt_250f56ab,en,"Exclusive - Germany PSI Software nears takeover as investors circle , sources say",2025-10-10 03:45:00,2025-10-10 03:45:00,2025-10-10 00:00:00,2025-10-10 00:00:00,2025-10-10 00:00:00,2025-10-10 00:00:00,2025-10-10 00:00:00,,day,,,,,,0,0,0,0,0,0,0,0,0,0,0,na,na,na
gdelt_25350ee1,el,H ώρα της Ευρώπης,2026-02-15 21:00:00,2026-02-15 21:00:00,2026-02-01 00:00:00,2026-02-15 00:00:00,2026-02-15 00:00:00,2026-02-01 00:00:00,2026-02-01 00:00:00,,day,,,,,,0,0,0,0,0,0,0,0,0,0,0,na,na,na
gdelt_25648552,es,"Entrevista : Cuba ve su participación en cumbre del BRICS como  oportunidad estratégica , según analista",2025-07-03 19:45:00,2025-07-03 19:45:00,2025-07-03 00:00:00,2025-07-03 00:00:00,2025-07-03 00:00:00,2025-07-03 00:00:00,2025-07-03 00:00:00,,day,,,,,,0,0,0,0,0,0,0,0,0,0,0,na,na,na
gdelt_258fb7b5,en,"Norway vs Israel was months in the planning for authorities , but politics seeped through",2025-10-12 17:15:00,2025-10-12 17:15:00,2025-10-12 00:00:00,2025-10-12 00:00:00,2025-10-12 00:00:00,2025-10-12 00:00:00,2025-10-12 00:00:00,,day,,,,,,0,0,0,0,0,0,0,0,0,0,0,na,na,na
gdelt_2595263c,en,"Puerto Rico vs . Italy live updates : World Baseball Classic 2026 start time , how to watch and lineups",2026-03-15 02:00:00,2026-03-15 02:00:00,2026-03-15 00:00:00,2026-03-15 00:00:00,2026-03-15 00:00:00,2026-01-01 00:00:00,2026-12-31 00:00:00,,year,2026-01-01 00:00:00,2026-01-01 00:00:00,2026-12-31 00:00:00,year,2026,1,1,1,1,1,1,1,1,1,1,1,tie,tie,tie
gdelt_25e59102,en,Thailand Anutin Charnvirakul : From construction scion to prime minister,2025-09-05 21:00:00,2025-09-05 21:00:00,2025-09-05 00:00:00,2025-09-05 00:00:00,2025-09-05 00:00:00,2025-09-05 00:00:00,2025-09-05 00:00:00,,day,,,,,,0,0,0,0,0,0,0,0,0,0,0,na,na,na
gdelt_25f42db0,en,Tyrese Haliburton clutch shot sinks Thunder as Pacers steal NBA Finals Game 1,2025-06-06 12:15:00,2025-06-06 12:15:00,2025-06-06 00:00:00,2025-06-06 00:00:00,2025-06-06 00:00:00,2025-06-06 00:00:00,2025-06-06 00:00:00,,day,,,,,,0,0,0,0,0,0,0,0,0,0,0,na,na,na
gdelt_2667d290,en,Fans flock to Japan zoo to see viral baby monkey Punch,2026-03-02 14:30:00,2026-03-02 14:30:00,2026-03-02 00:00:00,2026-03-02 00:00:00,2026-03-02 00:00:00,2026-03-02 00:00:00,2026-03-02 00:00:00,,day,,,,,,0,0,0,0,0,0,0,0,0,0,0,na,na,na
gdelt_26ed73b3,es,"Mueren o quedan mutilados más de 60 . 000 niños por conflicto israelí - palestino , dice Unicef",2025-10-08 09:30:00,2025-10-08 09:30:00,2025-10-08 00:00:00,2025-10-08 00:00:00,2025-10-08 00:00:00,2025-10-08 00:00:00,2025-10-08 00:00:00,,day,,,,,,0,0,0,0,0,0,0,0,0,0,0,na,na,na
gdelt_27422b3f,en,"Preparatory works set to begin while studies , consultations continue for Long Island project",2026-03-31 02:30:00,2026-03-31 02:30:00,2026-03-31 00:00:00,2026-03-31 00:00:00,2026-03-31 00:00:00,2026-03-31 00:00:00,2026-03-31 00:00:00,,day,,,,,,0,0,0,0,0,0,0,0,0,0,0,na,na,na
gdelt_27917f70,es,Capacidad de energía nueva y limpia supera por primera vez a energía de carbón en principal provincia carbonífera china,2026-02-02 22:00:00,2026-02-02 22:00:00,2026-02-01 00:00:00,2026-02-02 00:00:00,2026-02-02 00:00:00,2026-02-01 00:00:00,2026-02-01 00:00:00,,day,,,,,,0,0,0,0,0,0,0,0,0,0,0,na,na,na
gdelt_27a0a33c,en,"What the Future Ocean Might Look Like Amid Climate Change , Overfishing and More",2025-09-07 02:45:00,2025-09-07 02:45:00,2025-09-07 00:00:00,2025-09-07 00:00:00,2025-09-07 00:00:00,2025-09-07 00:00:00,2025-09-07 00:00:00,,day,,,,,,0,0,0,0,0,0,0,0,0,0,0,na,na,na
gdelt_27db91eb,en,SPCA longest - serving employee recalls starting out with a fear of dogs,2025-06-09 00:30:00,2025-06-09 00:30:00,2025-06-09 00:00:00,2025-06-09 00:00:00,2025-06-09 00:00:00,2025-06-09 00:00:00,2025-06-09 00:00:00,,day,,,,,,0,0,0,0,0,0,0,0,0,0,0,na,na,na
gdelt_27fa52da,zh-cn,江苏开放型经济稳中有进拓新局 _ 新华网江苏频道,2025-08-03 13:15:00,2025-08-03 13:15:00,2025-08-03 00:00:00,2025-08-03 00:00:00,2025-08-03 00:00:00,2025-08-03 00:00:00,2025-08-03 00:00:00,,day,,,,,,0,0,0,0,0,0,0,0,0,0,0,na,na,na
gdelt_28353461,nl,Deepfake videos  hidden  green impact says Oxford Uni lecturer,2025-10-26 20:30:00,2025-10-26 20:30:00,2025-10-27 00:00:00,2025-10-26 00:00:00,2025-10-26 00:00:00,2025-10-27 00:00:00,2025-10-27 00:00:00,,day,,,,,,0,0,0,0,0,0,0,0,0,0,0,na,na,na
gdelt_285383a6,ru,В Таджикистане активист осужден на 8 лет после высылки из ЕС – DW – 07 . 07 . 2025,2025-07-07 22:45:00,2025-07-07 22:45:00,2025-07-07 00:00:00,2025-07-07 00:00:00,2025-07-07 00:00:00,2025-07-07 00:00:00,2025-07-07 00:00:00,,day,2025-01-01 00:00:00,2025-01-01 00:00:00,2025-12-31 00:00:00,year,2025,1,1,1,1,1,1,1,1,1,1,1,tie,tie,tie
gdelt_288c5131,en,British man tells BBC of horror shark attack on Caribbean holiday,2026-02-04 16:15:00,2026-02-04 16:15:00,2026-02-04 00:00:00,2026-02-04 00:00:00,2026-02-04 00:00:00,2026-02-04 00:00:00,2026-02-04 00:00:00,,day,,,,,,0,0,0,0,0,0,0,0,0,0,0,na,na,na
gdelt_290b3bb6,zh-cn,议会经济委员会批准货币改革方案 伊朗货币里亚尔将  瘦身 - 新华网,2025-08-05 15:15:00,2025-08-05 15:15:00,2025-08-05 00:00:00,2025-08-05 00:00:00,2025-08-05 00:00:00,2025-08-05 00:00:00,2025-08-05 00:00:00,,day,,,,,,0,0,0,0,0,0,0,0,0,0,0,na,na,na
gdelt_29123e0c,en,Syria strikes new ceasefire deal with SDF state media,2026-01-19 01:45:00,2026-01-19 01:45:00,2026-01-19 00:00:00,2026-01-19 00:00:00,2026-01-19 00:00:00,2026-01-19 00:00:00,2026-01-19 00:00:00,,day,,,,,,0,0,0,0,0,0,0,0,0,0,0,na,na,na
gdelt_29bc6863,uk,Зеленський призначив командувача Повітряних сил – DW – 03 . 08 . 2025,2025-08-03 23:15:00,2025-08-03 23:15:00,2025-08-03 00:00:00,2025-08-03 00:00:00,2025-08-03 00:00:00,2025-08-03 00:00:00,2025-08-03 00:00:00,,day,2025-01-01 00:00:00,2025-01-01 00:00:00,2025-12-31 00:00:00,year,2025,1,1,1,1,1,1,1,1,1,1,1,tie,tie,tie
gdelt_29cc1be0,ur,  اونلی فینز  پر ماڈل کا کردار نبھاتی خواتین :  کبھی کبھی گِھن سی آتی ہے ، بار بار سیکسٹنگ کرنا پڑتی ہے  ,2026-03-12 03:45:00,2026-03-12 03:45:00,2026-03-12 00:00:00,2026-03-12 00:00:00,2026-03-12 00:00:00,2026-03-12 00:00:00,2026-03-12 00:00:00,,day,,,,,,0,0,0,0,0,0,0,0,0,0,0,na,na,na
gdelt_29d18c37,en,"Suspected migrant boat capsizes off US coast , killing 4 – DW – 11 / 16 / 2025",2025-11-16 12:15:00,2025-11-16 12:15:00,2025-11-16 00:00:00,2025-11-16 00:00:00,2025-11-16 00:00:00,2025-11-16 00:00:00,2025-11-16 00:00:00,,day,2025-01-01 00:00:00,2025-01-01 00:00:00,2025-12-31 00:00:00,year,11 / 16 / 2025,1,1,1,1,1,1,1,1,1,1,1,tie,tie,tie
gdelt_29dc06bd,en,"LIVE : Israel kills 51 in Gaza , 10 more Palestinians starve to death | Israel - Palestine conflict News",2025-08-28 02:30:00,2025-08-28 02:30:00,2025-08-28 00:00:00,2025-08-28 00:00:00,2025-08-28 00:00:00,2025-08-28 00:00:00,2025-08-28 00:00:00,,day,,,,,,0,0,0,0,0,0,0,0,0,0,0,na,na,na
gdelt_2a3ebe7e,en,Baey Yam Keng on barrier - free access on public footpaths,2026-03-02 13:00:00,2026-03-02 13:00:00,2026-03-02 00:00:00,2026-03-02 00:00:00,2026-03-02 00:00:00,2026-03-02 00:00:00,2026-03-02 00:00:00,,day,,,,,,0,0,0,0,0,0,0,0,0,0,0,na,na,na
gdelt_2a4572f0,zh-tw,中國2025年經濟增長5 %：「 保五 」 背後 ， 出口強撐 ， 內需拖累 - BBC News 中文,2026-01-19 18:15:00,2026-01-19 18:15:00,2025-12-31 00:00:00,2026-01-19 00:00:00,2026-01-19 00:00:00,2025-01-01 00:00:00,2025-12-31 00:00:00,,year,,,,,,0,0,0,0,0,0,0,0,0,0,0,na,na,na
gdelt_2a925109,sq,Bisedimet për Ukrainën : Zelenski dhe Witkoff shohin përparim – DW – 22 / 12 / 2025,2025-12-22 21:00:00,2025-12-22 21:00:00,2025-12-22 00:00:00,2025-12-22 00:00:00,2025-12-22 00:00:00,2025-12-22 00:00:00,2025-12-22 00:00:00,,day,2025-01-01 00:00:00,2025-01-01 00:00:00,2025-12-31 00:00:00,year,22 / 12 / 2025,1,1,1,1,1,1,1,1,1,1,1,tie,tie,tie
gdelt_2aaa9d63,mk,Хизбула атакува Израел . Израел удари Ливан . ,2026-03-02 16:45:00,2026-03-02 16:45:00,2026-03-02 00:00:00,2026-03-02 00:00:00,2026-03-02 00:00:00,2026-03-02 00:00:00,2026-03-02 00:00:00,,day,,,,,,0,0,0,0,0,0,0,0,0,0,0,na,na,na
gdelt_2b724a76,en,ATP Finals : Jannik Sinner beats Carlos Alcaraz to defend title in Turin,2025-11-17 05:00:00,2025-11-17 05:00:00,2025-11-17 00:00:00,2025-11-17 00:00:00,2025-11-17 00:00:00,2025-11-17 00:00:00,2025-11-17 00:00:00,,day,,,,,,0,0,0,0,0,0,0,0,0,0,0,na,na,na
gdelt_2b9f44db,en,"Tears , joy in Israel as Hamas hands over hostages",2025-10-17 13:00:00,2025-10-17 13:00:00,2025-10-17 00:00:00,2025-10-17 00:00:00,2025-10-17 00:00:00,2025-10-17 00:00:00,2025-10-17 00:00:00,,day,,,,,,0,0,0,0,0,0,0,0,0,0,0,na,na,na
gdelt_2bc1f1d3,de,AfD und radikale Christen : Traum von anderer Gesellschaft – DW – 01 . 06 . 2025,2025-06-02 03:45:00,2025-06-02 03:45:00,2025-06-01 00:00:00,2025-06-02 00:00:00,2025-06-02 00:00:00,2025-06-01 00:00:00,2025-06-01 00:00:00,,day,2025-01-01 00:00:00,2025-01-01 00:00:00,2025-12-31 00:00:00,year,2025,1,1,1,1,1,1,1,1,1,1,1,tie,tie,tie
gdelt_2bed1b21,fa,سفارت سوییس در تهران بازگشایی شد – DW – ۱۴۰۴ / ۴ / ۱۵,2025-07-06 23:00:00,2025-07-06 23:00:00,2025-07-06 00:00:00,2025-07-06 00:00:00,2025-07-06 00:00:00,2025-07-06 00:00:00,2025-07-06 00:00:00,,day,,,,,,0,0,0,0,0,0,0,0,0,0,0,na,na,na
gdelt_2bf4df93,tr,Alman Ekonomi Bakanı Reiche : Cesur adımlar atmalıyız – DW – 25 . 11 . 2025,2025-11-26 00:45:00,2025-11-26 00:45:00,2025-11-25 00:00:00,2025-11-26 00:00:00,2025-11-26 00:00:00,2025-11-25 00:00:00,2025-11-25 00:00:00,,day,2025-01-01 00:00:00,2025-01-01 00:00:00,2025-12-31 00:00:00,year,2025,1,1,1,1,1,1,1,1,1,1,1,tie,tie,tie
gdelt_2bfd9be8,en,"Leeds man charged over suicide in Louisiana , united states ",2026-01-26 20:00:00,2026-01-26 20:00:00,2026-01-26 00:00:00,2026-01-26 00:00:00,2026-01-26 00:00:00,2026-01-26 00:00:00,2026-01-26 00:00:00,,day,,,,,,0,0,0,0,0,0,0,0,0,0,0,na,na,na
gdelt_2c009842,en,"Cole Hocker wins first U . S . men 5 , 000m World Championship gold since 2007",2025-09-22 08:00:00,2007-09-22 00:00:00,2007-01-01 00:00:00,2007-09-22 00:00:00,2007-09-22 00:00:00,2007-01-01 00:00:00,2007-12-31 00:00:00,,year,2007-01-01 00:00:00,2007-01-01 00:00:00,2007-12-31 00:00:00,year,since 2007,1,1,1,1,1,1,1,1,1,1,1,tie,tie,tie
gdelt_2c27d2a3,en,"Why Trump secondary tariffs on Russia could bite the US , its allies too | Russia - Ukraine war News",2025-08-07 12:00:00,2025-08-07 12:00:00,2025-08-07 00:00:00,2025-08-07 00:00:00,2025-08-07 00:00:00,2025-08-07 00:00:00,2025-08-07 00:00:00,,day,,,,,,0,0,0,0,0,0,0,0,0,0,0,na,na,na
gdelt_2c280fbf,uk,Блекаут після удару РФ : як оговтується Дніпропетровщина – DW – 08 . 01 . 2026,2026-01-09 03:00:00,2026-01-09 03:00:00,2026-01-08 00:00:00,2026-01-09 00:00:00,2026-01-09 00:00:00,2026-01-08 00:00:00,2026-01-08 00:00:00,,day,2026-01-01 00:00:00,2026-01-01 00:00:00,2026-12-31 00:00:00,year,2026,1,1,1,1,1,1,1,1,1,1,1,tie,tie,tie
gdelt_2c39a9dc,zh-cn,云南省各地举办形式多样活动庆祝第六个中国人民警察节 _ 新华网,2026-01-11 14:00:00,2026-01-11 14:00:00,2026-01-11 00:00:00,2026-01-11 00:00:00,2026-01-11 00:00:00,2026-01-11 00:00:00,2026-01-11 00:00:00,,day,,,,,,0,0,0,0,0,0,0,0,0,0,0,na,na,na
gdelt_2c8df614,en,Learner drivers lose £164k as NxtGen driving school shuts down,2025-11-17 14:30:00,2025-11-17 14:30:00,2025-11-17 00:00:00,2025-11-17 00:00:00,2025-11-17 00:00:00,2025-11-17 00:00:00,2025-11-17 00:00:00,,day,,,,,,0,0,0,0,0,0,0,0,0,0,0,na,na,na
gdelt_2ca6642d,en,"Success uncertain , but Israelis continue to back  heroic  war with Iran | US - Israel war on Iran News",2026-03-14 04:00:00,2026-03-14 04:00:00,2026-03-14 00:00:00,2026-03-14 00:00:00,2026-03-14 00:00:00,2026-03-14 00:00:00,2026-03-14 00:00:00,,day,,,,,,0,0,0,0,0,0,0,0,0,0,0,na,na,na
gdelt_2ca66d70,zh-cn,全国爱牙日 ： 小口腔关乎大健康 - 新华网,2025-09-21 12:30:00,2025-09-21 12:30:00,2025-09-21 00:00:00,2025-09-21 00:00:00,2025-09-21 00:00:00,2025-09-21 00:00:00,2025-09-21 00:00:00,,day,,,,,,0,0,0,0,0,0,0,0,0,0,0,na,na,na
gdelt_2cafb171,uk,Зеленський пообіцяв не застосувати Tomahawk проти цивільних – DW – 12 . 10 . 2025,2025-10-13 03:15:00,2025-10-13 03:15:00,2025-10-12 00:00:00,2025-10-13 00:00:00,2025-10-13 00:00:00,2025-10-12 00:00:00,2025-10-12 00:00:00,,day,2025-01-01 00:00:00,2025-01-01 00:00:00,2025-12-31 00:00:00,year,2025,1,1,1,1,1,1,1,1,1,1,1,tie,tie,tie
gdelt_2d164313,fr,Le PCC lance une campagne d  éducation pour promouvoir la vision juste des performances politiques - Xinhua,2026-02-24 09:00:00,2026-02-24 09:00:00,2026-02-24 00:00:00,2026-02-24 00:00:00,2026-02-24 00:00:00,2026-02-24 00:00:00,2026-02-24 00:00:00,,day,,,,,,0,0,0,0,0,0,0,0,0,0,0,na,na,na
gdelt_2d36a406,fr,Xi Jinping rencontre le président serbe - Xinhua - french . news . cn,2025-09-04 21:30:00,2025-09-04 21:30:00,2025-09-04 00:00:00,2025-09-04 00:00:00,2025-09-04 00:00:00,2025-09-04 00:00:00,2025-09-04 00:00:00,,day,,,,,,0,0,0,0,0,0,0,0,0,0,0,na,na,na
gdelt_2d514267,en,"Let pause to remember Rondale Moore , another life gone too soon",2026-03-07 20:00:00,2026-03-07 20:00:00,2026-03-07 00:00:00,2026-03-07 00:00:00,2026-03-07 00:00:00,2026-03-07 00:00:00,2026-03-07 00:00:00,,day,,,,,,0,0,0,0,0,0,0,0,0,0,0,na,na,na
gdelt_2d647a71,sw,BRICS wakutana chini ya kivuli cha vita vya ushuru vya Trump – DW – 06 . 07 . 2025,2025-07-07 03:00:00,2025-07-07 00:00:00,2025-07-06 00:00:00,2025-07-07 00:00:00,2025-07-07 00:00:00,2025-07-06 00:00:00,2025-07-06 00:00:00,,day,2025-01-01 00:00:00,2025-01-01 00:00:00,2025-12-31 00:00:00,year,2025,1,1,1,1,1,1,1,1,1,1,1,tie,tie,tie
gdelt_2d6ce16c,en,Ukraine hopes Israel - Iran crisis wont decrease military aid,2025-06-14 21:30:00,2025-06-14 21:30:00,2025-06-14 00:00:00,2025-06-14 00:00:00,2025-06-14 00:00:00,2025-06-14 00:00:00,2025-06-14 00:00:00,,day,,,,,,0,0,0,0,0,0,0,0,0,0,0,na,na,na
gdelt_2db5fe2c,de,Europas Hotellerie fordert Schadenersatz von Booking . com – DW – 04 . 08 . 2025,2025-08-04 19:00:00,2025-08-04 19:00:00,2025-08-04 00:00:00,2025-08-04 00:00:00,2025-08-04 00:00:00,2025-08-04 00:00:00,2025-08-04 00:00:00,,day,2025-01-01 00:00:00,2025-01-01 00:00:00,2025-12-31 00:00:00,year,2025,1,1,1,1,1,1,1,1,1,1,1,tie,tie,tie
gdelt_2dc7a6ae,fa,کنیز اوکراینی ، اشراف‌زاده ایتالیایی یا « جادوگر روس »: خرم سلطان ، قدرتمندترین زن تاریخ عثمانی که بود ؟ ,2025-10-06 17:15:00,2025-10-06 17:15:00,2025-10-06 00:00:00,2025-10-06 00:00:00,2025-10-06 00:00:00,2025-10-06 00:00:00,2025-10-06 00:00:00,,day,,,,,,0,0,0,0,0,0,0,0,0,0,0,na,na,na
gdelt_2e6f491c,ko,減肥 ： 印度廉價仿製藥或將重塑全球市場格局 - BBC News 中文,2026-03-19 14:30:00,2026-03-19 14:30:00,2026-03-19 00:00:00,2026-03-19 00:00:00,2026-03-19 00:00:00,2026-03-19 00:00:00,2026-03-19 00:00:00,,day,,,,,,0,0,0,0,0,0,0,0,0,0,0,na,na,na
gdelt_2e7f4df4,en,Zelenskyy offers Saudi Arabia MBS help countering Iranian drones | Russia - Ukraine war News,2026-03-08 09:00:00,2026-03-08 09:00:00,2026-03-08 00:00:00,2026-03-08 00:00:00,2026-03-08 00:00:00,2026-03-08 00:00:00,2026-03-08 00:00:00,,day,,,,,,0,0,0,0,0,0,0,0,0,0,0,na,na,na
gdelt_2ea5cc86,tr,Kır saçlı boşanma nedir ve yetişkin çocuklar nasıl etkileniyor ? ,2025-09-21 18:30:00,2025-09-21 18:30:00,2025-09-19 00:00:00,2025-09-21 00:00:00,2025-09-21 00:00:00,2025-09-19 00:00:00,2025-09-19 00:00:00,,day,,,,,,0,0,0,0,0,0,0,0,0,0,0,na,na,na
gdelt_2ebebb82,en,Over 80 film workers slam Berlin festival silence on Israel Gaza war | Israel - Palestine conflict News,2026-02-18 12:00:00,2026-02-18 12:00:00,2026-02-18 00:00:00,2026-02-18 00:00:00,2026-02-18 00:00:00,2026-02-18 00:00:00,2026-02-18 00:00:00,,day,,,,,,0,0,0,0,0,0,0,0,0,0,0,na,na,na
gdelt_2ecc0b54,en,Shorter processing time for family offices as MAS takes  risk - proportionate  approach to attract the ultra - rich,2025-07-09 16:00:00,2025-07-09 16:00:00,2025-07-09 00:00:00,2025-07-09 00:00:00,2025-07-09 00:00:00,2025-07-09 00:00:00,2025-07-09 00:00:00,,day,,,,,,0,0,0,0,0,0,0,0,0,0,0,na,na,na
gdelt_2ee9976c,en,Leon Draisaitl plays OT hero as Oilers defeat Panthers in Game 1 of Stanley Cup Final : Takeaways,2025-06-05 14:00:00,2025-06-05 14:00:00,2025-06-05 00:00:00,2025-06-05 00:00:00,2025-06-05 00:00:00,2025-06-05 00:00:00,2025-06-05 00:00:00,,day,,,,,,0,0,0,0,0,0,0,0,0,0,0,na,na,na
gdelt_2f104af1,zh-cn,世界上最神圣的地方之一 ， 正被改建为豪华大型度假村 - BBC News 中文,2025-09-08 09:30:00,2025-09-08 09:30:00,2025-09-08 00:00:00,2025-09-08 00:00:00,2025-09-08 00:00:00,2025-09-08 00:00:00,2025-09-08 00:00:00,,day,,,,,,0,0,0,0,0,0,0,0,0,0,0,na,na,na
gdelt_2f28be5b,es,Mueren siete personas en descarrilamiento de un tren en Rusia | Spanish . xinhuanet . com,2025-06-01 16:00:00,2025-06-01 16:00:00,2025-06-01 00:00:00,2025-06-01 00:00:00,2025-06-01 00:00:00,2025-06-01 00:00:00,2025-06-01 00:00:00,,day,,,,,,0,0,0,0,0,0,0,0,0,0,0,na,na,na
gdelt_2fb0f200,es,Al menos 10 muertos y 100 heridos por ataque israelí en Gaza – DW – 01 / 06 / 2025,2025-06-01 14:30:00,2025-06-01 14:30:00,2025-06-01 00:00:00,2025-06-01 00:00:00,2025-06-01 00:00:00,2025-06-01 00:00:00,2025-06-01 00:00:00,,day,2025-01-01 00:00:00,2025-01-01 00:00:00,2025-12-31 00:00:00,year,01 / 06 / 2025,1,1,1,1,1,1,1,1,1,1,1,tie,tie,tie
gdelt_3028c949,pt,Drones viram desafio de segurança na Alemanha – DW – 21 / 12 / 2025,2025-12-22 07:30:00,2025-12-22 07:30:00,2025-12-21 00:00:00,2025-12-22 00:00:00,2025-12-22 00:00:00,2025-12-21 00:00:00,2025-12-21 00:00:00,,day,2025-01-01 00:00:00,2025-01-01 00:00:00,2025-12-31 00:00:00,year,21 / 12 / 2025,1,1,1,1,1,1,1,1,1,1,1,tie,tie,tie
gdelt_30571d4c,en,City helps bring new Sherlock series to life,2026-03-05 01:45:00,2026-03-05 01:45:00,2026-03-05 00:00:00,2026-03-05 00:00:00,2026-03-05 00:00:00,2026-03-05 00:00:00,2026-03-05 00:00:00,,day,,,,,,0,0,0,0,0,0,0,0,0,0,0,na,na,na
gdelt_308b8579,en,Cowboys vs . Eagles score and live updates : Latest from 2025 NFL season kickoff,2025-09-05 10:00:00,2025-09-05 00:00:00,2025-01-01 00:00:00,2025-09-05 00:00:00,2025-09-05 00:00:00,2025-01-01 00:00:00,2025-12-31 00:00:00,,year,2025-01-01 00:00:00,2025-01-01 00:00:00,2025-12-31 00:00:00,year,from 2025,1,1,1,1,1,1,1,1,1,1,1,tie,tie,tie
gdelt_30a35005,en,"Why Germany , India face obstacles to closer strategic ties – DW – 01 / 11 / 2026",2026-01-12 18:00:00,2026-01-12 18:00:00,2026-01-11 00:00:00,2026-01-12 00:00:00,2026-01-12 00:00:00,2026-01-11 00:00:00,2026-01-11 00:00:00,,day,2026-01-01 00:00:00,2026-01-01 00:00:00,2026-12-31 00:00:00,year,01 / 11 / 2026,1,1,1,1,1,1,1,1,1,1,1,tie,tie,tie
gdelt_30b4fdf0,en,Enzo Fernandez says he received  unwavering support  from Chelsea after racist France chant,2025-12-02 22:00:00,2025-12-02 22:00:00,2025-12-02 00:00:00,2025-12-02 00:00:00,2025-12-02 00:00:00,2025-12-02 00:00:00,2025-12-02 00:00:00,,day,,,,,,0,0,0,0,0,0,0,0,0,0,0,na,na,na
gdelt_31dc8adb,ar,كيم جونغ أون : كيف أصبح شاب عشريني الزعيم الأعلى لكوريا الشمالية ؟ ,2026-02-26 17:00:00,2026-02-26 17:00:00,2026-02-26 00:00:00,2026-02-26 00:00:00,2026-02-26 00:00:00,2026-02-26 00:00:00,2026-02-26 00:00:00,,day,,,,,,0,0,0,0,0,0,0,0,0,0,0,na,na,na
gdelt_324331da,en,"Russia - Ukraine war : List of key events , day 1 , 371",2025-11-26 09:30:00,2025-11-26 09:30:00,2025-11-26 00:00:00,2025-11-26 00:00:00,2025-11-26 00:00:00,2025-11-26 00:00:00,2025-11-26 00:00:00,,day,,,,,,0,0,0,0,0,0,0,0,0,0,0,na,na,na
gdelt_3246b1da,zh-cn,海南2026年春节假期接待游客超1232万人次 - 新华网,2026-02-25 00:15:00,2026-02-25 00:15:00,2026-02-25 00:00:00,2026-02-25 00:00:00,2026-02-25 00:00:00,2026-02-25 00:00:00,2026-02-25 00:00:00,,day,2026-01-01 00:00:00,2026-01-01 00:00:00,2026-12-31 00:00:00,year,2026年,1,1,1,1,1,1,1,1,1,1,1,tie,tie,tie
gdelt_32566452,en,"Low pay , 84 - hour working week : Malaysia doctor shortage under the microscope",2025-08-15 07:00:00,1984-08-15 00:00:00,2025-08-01 00:00:00,1984-08-15 00:00:00,1984-08-15 00:00:00,2025-08-01 00:00:00,2025-08-01 00:00:00,,day,,,,,,0,0,0,0,0,0,0,0,0,0,0,na,na,na
gdelt_32b12161,de,Nach gescheiterter Regierungsbildung : Kosovo am Scheideweg – DW – 30 . 10 . 2025,2025-10-31 02:30:00,2025-10-31 02:30:00,2025-10-30 00:00:00,2025-10-31 00:00:00,2025-10-31 00:00:00,2025-10-30 00:00:00,2025-10-30 00:00:00,,day,2025-01-01 00:00:00,2025-01-01 00:00:00,2025-12-31 00:00:00,year,2025,1,1,1,1,1,1,1,1,1,1,1,tie,tie,tie
gdelt_32bbc64e,en,"USMNT vs Australia live updates : International friendly team news , predictions and more",2025-10-15 06:00:00,2025-10-15 06:00:00,2025-10-15 00:00:00,2025-10-15 00:00:00,2025-10-15 00:00:00,2025-10-15 00:00:00,2025-10-15 00:00:00,,day,,,,,,0,0,0,0,0,0,0,0,0,0,0,na,na,na
gdelt_32f89068,es,Comienza en ONU conferencia para la solución de dos estados – DW – 28 / 07 / 2025,2025-07-29 00:30:00,2025-07-29 00:30:00,2025-07-28 00:00:00,2025-07-29 00:00:00,2025-07-29 00:00:00,2025-07-28 00:00:00,2025-07-28 00:00:00,,day,2025-01-01 00:00:00,2025-01-01 00:00:00,2025-12-31 00:00:00,year,28 / 07 / 2025,1,1,1,1,1,1,1,1,1,1,1,tie,tie,tie
gdelt_33532475,en,Air Canada flight attendants to continue strike despite government order,2025-08-18 05:00:00,2025-08-18 05:00:00,2025-08-18 00:00:00,2025-08-18 00:00:00,2025-08-18 00:00:00,2025-08-18 00:00:00,2025-08-18 00:00:00,,day,,,,,,0,0,0,0,0,0,0,0,0,0,0,na,na,na
gdelt_33612cbb,en,LIVE : Nigeria confirms US strikes on ISIL targets in its northwest,2025-12-26 19:15:00,2025-12-26 19:15:00,2025-12-26 00:00:00,2025-12-26 00:00:00,2025-12-26 00:00:00,2025-12-26 00:00:00,2025-12-26 00:00:00,,day,,,,,,0,0,0,0,0,0,0,0,0,0,0,na,na,na
gdelt_337b72ca,sw,"Burkina , Mali zasusia mkutano wa ulinzi Afrika mjini Abuja – DW – 26 . 08 . 2025",2025-08-26 13:00:00,2025-08-26 00:00:00,2025-08-26 00:00:00,2025-08-26 00:00:00,2025-08-26 00:00:00,2025-08-26 00:00:00,2025-08-26 00:00:00,,day,2025-01-01 00:00:00,2025-01-01 00:00:00,2025-12-31 00:00:00,year,2025,1,1,1,1,1,1,1,1,1,1,1,tie,tie,tie
gdelt_33c349d8,en,Pochettino gives greatest indication yet of his USMNT World Cup roster core,2026-03-18 19:45:00,2026-03-18 19:45:00,2026-03-18 00:00:00,2026-03-18 00:00:00,2026-03-18 00:00:00,2026-03-18 00:00:00,2026-03-18 00:00:00,,day,,,,,,0,0,0,0,0,0,0,0,0,0,0,na,na,na
gdelt_34404886,ko,嘉兴全域推行民生微实事立办制度 - 新华网,2025-09-14 13:00:00,2025-09-14 13:00:00,2025-09-14 00:00:00,2025-09-14 00:00:00,2025-09-14 00:00:00,2025-09-14 00:00:00,2025-09-14 00:00:00,,day,,,,,,0,0,0,0,0,0,0,0,0,0,0,na,na,na
gdelt_34a1568b,en,"What is the Monroe Doctrine , which Trump has cited over Venezuela ? ",2026-01-04 21:15:00,2026-01-04 21:15:00,2026-01-04 00:00:00,2026-01-04 00:00:00,2026-01-04 00:00:00,2026-01-04 00:00:00,2026-01-04 00:00:00,,day,,,,,,0,0,0,0,0,0,0,0,0,0,0,na,na,na
gdelt_34ae1cf4,en,"Oklahoma escapes LSU , nears likely Playoff bid as Tigers await Lane Kiffin decision",2025-11-30 11:15:00,2025-11-30 11:15:00,2025-11-30 00:00:00,2025-11-30 00:00:00,2025-11-30 00:00:00,2025-11-30 00:00:00,2025-11-30 00:00:00,,day,,,,,,0,0,0,0,0,0,0,0,0,0,0,na,na,na
gdelt_34e974af,ko,"中 캔톤페어 설명회 , 서울서 열려 - Xinhua",2026-03-22 10:00:00,2026-03-22 10:00:00,2026-03-22 00:00:00,2026-03-22 00:00:00,2026-03-22 00:00:00,2026-03-22 00:00:00,2026-03-22 00:00:00,,day,,,,,,0,0,0,0,0,0,0,0,0,0,0,na,na,na
gdelt_351744f9,tl,Super Typhoon Ragasa hits Hong Kong,2025-09-24 14:15:00,2025-09-24 14:15:00,2025-09-24 00:00:00,2025-09-24 00:00:00,2025-09-24 00:00:00,2025-09-24 00:00:00,2025-09-24 00:00:00,,day,,,,,,0,0,0,0,0,0,0,0,0,0,0,na,na,na
gdelt_353377b9,en,China economy grows at steady pace despite Trump trade war | Donald Trump News,2025-07-15 15:15:00,2025-07-15 15:15:00,2025-07-15 00:00:00,2025-07-15 00:00:00,2025-07-15 00:00:00,2025-07-15 00:00:00,2025-07-15 00:00:00,,day,,,,,,0,0,0,0,0,0,0,0,0,0,0,na,na,na
gdelt_35457ef7,zh-cn,2025年全省志愿服务项目展示交流活动暨2025年度  贵州省志愿服务之星  集中发布仪式在遵义举行 - 新华网,2025-10-31 12:45:00,2025-10-31 00:00:00,2025-10-31 00:00:00,2025-10-31 00:00:00,2025-10-31 00:00:00,2025-01-01 00:00:00,2025-12-31 00:00:00,,year,2025-01-01 00:00:00,2025-01-01 00:00:00,2025-12-31 00:00:00,year,2025年,1,1,1,1,1,1,1,1,1,1,1,tie,tie,tie
gdelt_354bfb45,en,Saudi Arabia and Qatar sign high - speed rail deal to link capitals,2025-12-09 02:15:00,2025-12-09 02:15:00,2025-12-09 00:00:00,2025-12-09 00:00:00,2025-12-09 00:00:00,2025-12-09 00:00:00,2025-12-09 00:00:00,,day,,,,,,0,0,0,0,0,0,0,0,0,0,0,na,na,na
gdelt_35bf1a4e,fr,La Chine dévoile des mesures financières pour promouvoir le développement de lindustrie forestière - Xinhua,2025-08-26 01:15:00,2025-08-26 01:15:00,2025-08-26 00:00:00,2025-08-26 00:00:00,2025-08-26 00:00:00,2025-08-26 00:00:00,2025-08-26 00:00:00,,day,,,,,,0,0,0,0,0,0,0,0,0,0,0,na,na,na
gdelt_35f2f41d,en,"Iranians fear more economic pain , war as UN sanctions snapback",2025-09-28 19:15:00,2025-09-28 19:15:00,2025-09-28 00:00:00,2025-09-28 00:00:00,2025-09-28 00:00:00,2025-09-28 00:00:00,2025-09-28 00:00:00,,day,,,,,,0,0,0,0,0,0,0,0,0,0,0,na,na,na
gdelt_360c3907,uk,Слабке місце НАТО : сценарій можливого нападу РФ на Литву,2026-02-23 20:15:00,2026-02-23 20:15:00,2026-02-23 00:00:00,2026-02-23 00:00:00,2026-02-23 00:00:00,2026-02-23 00:00:00,2026-02-23 00:00:00,,day,,,,,,0,0,0,0,0,0,0,0,0,0,0,na,na,na
gdelt_363f1101,es,Especial : Automóviles chinos ganan terreno en Chile con tecnología avanzada a precio razonable,2025-07-27 08:15:00,2025-07-27 08:15:00,2025-07-01 00:00:00,2025-07-27 00:00:00,2025-07-27 00:00:00,2025-07-01 00:00:00,2025-07-01 00:00:00,,day,,,,,,0,0,0,0,0,0,0,0,0,0,0,na,na,na
gdelt_36b080aa,ur,خون کبھی خشک نہیں ہوتا – DW – 31 . 08 . 2025,2025-09-01 00:45:00,2025-09-01 00:45:00,2025-08-31 00:00:00,2025-09-01 00:00:00,2025-09-01 00:00:00,2025-08-31 00:00:00,2025-08-31 00:00:00,,day,2025-01-01 00:00:00,2025-01-01 00:00:00,2025-12-31 00:00:00,year,2025,1,1,1,1,1,1,1,1,1,1,1,tie,tie,tie
gdelt_36bf40cb,pt,O que é o lenacapavir e como ele age na preveno do HIV,2026-01-15 02:00:00,2026-01-15 02:00:00,2026-01-11 00:00:00,2026-01-15 00:00:00,2026-01-15 00:00:00,2026-01-11 00:00:00,2026-01-11 00:00:00,,day,,,,,,0,0,0,0,0,0,0,0,0,0,0,na,na,na
gdelt_36c9664b,it,Potato Leek Gratin Recipe,2025-11-21 20:15:00,2025-11-21 20:15:00,2025-11-21 00:00:00,2025-11-21 00:00:00,2025-11-21 00:00:00,2025-11-21 00:00:00,2025-11-21 00:00:00,,day,,,,,,0,0,0,0,0,0,0,0,0,0,0,na,na,na
gdelt_378f913d,fr,"Chine : lIPC en baisse de 0 , 4 % en août - Xinhua",2025-09-10 15:00:00,2025-09-10 15:00:00,2025-08-01 00:00:00,2025-09-10 00:00:00,2025-09-10 00:00:00,2025-08-01 00:00:00,2025-08-01 00:00:00,,day,,,,,,0,0,0,0,0,0,0,0,0,0,0,na,na,na
gdelt_37ac29f6,en,Doechii pulls out of All Points East and two other festivals,2025-08-19 18:45:00,2025-08-19 18:45:00,2025-08-19 00:00:00,2025-08-19 00:00:00,2025-08-19 00:00:00,2025-08-19 00:00:00,2025-08-19 00:00:00,,day,,,,,,0,0,0,0,0,0,0,0,0,0,0,na,na,na
gdelt_37b9a99c,bn,চীন সফরে জার্মান চ্যান্সেলর,2026-02-26 02:45:00,2026-02-26 02:45:00,2026-02-26 00:00:00,2026-02-26 00:00:00,2026-02-26 00:00:00,2026-02-26 00:00:00,2026-02-26 00:00:00,,day,,,,,,0,0,0,0,0,0,0,0,0,0,0,na,na,na
gdelt_381d66ad,en,Iran war : What is happening on day six of US - Israel attacks ? ,2026-03-05 15:30:00,2026-03-05 15:30:00,2026-03-05 00:00:00,2026-03-05 00:00:00,2026-03-05 00:00:00,2026-03-05 00:00:00,2026-03-05 00:00:00,,day,,,,,,0,0,0,0,0,0,0,0,0,0,0,na,na,na
gdelt_386e2cdd,en,Israel holding more than half of Palestinian child detainees without charge,2026-03-19 05:00:00,2026-03-19 05:00:00,2026-03-19 00:00:00,2026-03-19 00:00:00,2026-03-19 00:00:00,2026-03-19 00:00:00,2026-03-19 00:00:00,,day,,,,,,0,0,0,0,0,0,0,0,0,0,0,na,na,na
gdelt_38747256,ko,台州启动第七届  放心消费台州行  大型新闻行动 - 新华网,2026-03-16 22:45:00,2026-03-16 22:45:00,2026-03-16 00:00:00,2026-03-16 00:00:00,2026-03-16 00:00:00,2026-03-16 00:00:00,2026-03-16 00:00:00,,day,,,,,,0,0,0,0,0,0,0,0,0,0,0,na,na,na
gdelt_387d7fed,id,"LIVE : Iran , Palestine to headline Netanyahu - Trump White House meeting | Benjamin Netanyahu News",2026-02-11 22:30:00,2026-02-11 22:30:00,2026-02-11 00:00:00,2026-02-11 00:00:00,2026-02-11 00:00:00,2026-02-11 00:00:00,2026-02-11 00:00:00,,day,,,,,,0,0,0,0,0,0,0,0,0,0,0,na,na,na
gdelt_38ece887,hi,जर्मनी के राष्ट्रीय रेलवे को मिलेगी पहली महिला सीईओ – DW – 21 . 09 . 2025,2025-09-21 16:15:00,2025-09-21 16:15:00,2025-09-21 00:00:00,2025-09-21 00:00:00,2025-09-21 00:00:00,2025-09-21 00:00:00,2025-09-21 00:00:00,,day,2025-01-01 00:00:00,2025-01-01 00:00:00,2025-12-31 00:00:00,year,2025,1,1,1,1,1,1,1,1,1,1,1,tie,tie,tie
gdelt_396da40e,en,"Russia , China move closer to new gas pipeline deal",2025-09-03 08:15:00,2025-09-03 08:15:00,2025-09-03 00:00:00,2025-09-03 00:00:00,2025-09-03 00:00:00,2025-09-03 00:00:00,2025-09-03 00:00:00,,day,,,,,,0,0,0,0,0,0,0,0,0,0,0,na,na,na
gdelt_39f4bc7e,uk,Лондон зафіксував рекордну кількість мігрантів із Франції – DW – 01 . 06 . 2025,2025-06-02 04:15:00,2025-06-02 04:15:00,2025-06-01 00:00:00,2025-06-02 00:00:00,2025-06-02 00:00:00,2025-06-01 00:00:00,2025-06-01 00:00:00,,day,2025-01-01 00:00:00,2025-01-01 00:00:00,2025-12-31 00:00:00,year,2025,1,1,1,1,1,1,1,1,1,1,1,tie,tie,tie
gdelt_3a50b4cd,el, « Πυρά » Ερντογάν κατά του Ισραήλ,2026-03-18 20:45:00,2026-03-18 20:45:00,2026-03-18 00:00:00,2026-03-18 00:00:00,2026-03-18 00:00:00,2026-03-18 00:00:00,2026-03-18 00:00:00,,day,,,,,,0,0,0,0,0,0,0,0,0,0,0,na,na,na
gdelt_3a6cb836,en,Singapore Tonight - Sun 21 Dec 2025,2025-12-22 09:30:00,2025-12-21 00:00:00,2025-12-21 00:00:00,2025-12-21 00:00:00,2025-12-21 00:00:00,2025-12-01 00:00:00,2025-12-31 00:00:00,,month,2025-12-01 00:00:00,2025-12-01 00:00:00,2025-12-31 00:00:00,month,Dec 2025,1,1,1,1,1,1,1,1,1,1,1,tie,tie,tie
gdelt_3ac80523,es,Ministro de Hacienda chino promete ampliar gasto fiscal en 2026,2025-12-28 22:30:00,2025-12-28 22:30:00,2026-01-01 00:00:00,2025-12-28 00:00:00,2025-12-28 00:00:00,2026-01-01 00:00:00,2026-12-31 00:00:00,,year,2026-01-01 00:00:00,2026-01-01 00:00:00,2026-12-31 00:00:00,year,en 2026,1,1,0,1,0,1,0,1,0,1,1,v2_better,v2_better,v2_better
gdelt_3ad86279,fr,LEgypte commence à admettre les Palestiniens blessés et malades de Gaza via le poste - frontière de Rafah - Xinhua,2026-02-03 08:15:00,2026-02-03 08:15:00,2026-02-03 00:00:00,2026-02-03 00:00:00,2026-02-03 00:00:00,2026-02-03 00:00:00,2026-02-03 00:00:00,,day,,,,,,0,0,0,0,0,0,0,0,0,0,0,na,na,na
gdelt_3b0dcd80,en,Ukraine : Government building damaged during Russia attacks – DW – 09 / 07 / 2025,2025-09-07 15:15:00,2025-09-07 00:00:00,2025-09-07 00:00:00,2025-09-07 00:00:00,2025-09-07 00:00:00,2025-09-07 00:00:00,2025-09-07 00:00:00,,day,2025-01-01 00:00:00,2025-01-01 00:00:00,2025-12-31 00:00:00,year,09 / 07 / 2025,1,1,1,1,1,1,1,1,1,1,1,tie,tie,tie
gdelt_3b600c6d,uk,Чому українська молодь фанатіє від 90 - х і нульових,2026-01-28 15:15:00,2026-01-28 15:15:00,2026-01-28 00:00:00,2026-01-28 00:00:00,2026-01-28 00:00:00,2026-01-28 00:00:00,2026-01-28 00:00:00,,day,,,,,,0,0,0,0,0,0,0,0,0,0,0,na,na,na
gdelt_3b6359f7,hr,"BIH - spor oko pravila 90 / 180 , prevoznici izlaze na granice",2026-03-23 20:45:00,2026-03-23 20:45:00,2026-03-23 00:00:00,2026-03-23 00:00:00,2026-03-23 00:00:00,2026-03-23 00:00:00,2026-03-23 00:00:00,,day,,,,,,0,0,0,0,0,0,0,0,0,0,0,na,na,na
gdelt_3b67076a,sw,CDU ya Merz yabwagwa uchaguzi Baden Würtemberg,2026-03-09 18:45:00,2026-03-09 18:45:00,2026-03-09 00:00:00,2026-03-09 00:00:00,2026-03-09 00:00:00,2026-03-09 00:00:00,2026-03-09 00:00:00,,day,,,,,,0,0,0,0,0,0,0,0,0,0,0,na,na,na
gdelt_3b9755d1,es,Provincia insular del sur de china activa alerta máxima ante cercanía de tifón Kajiki,2025-08-24 22:00:00,2025-08-24 22:00:00,2025-08-24 00:00:00,2025-08-24 00:00:00,2025-08-24 00:00:00,2025-08-24 00:00:00,2025-08-24 00:00:00,,day,,,,,,0,0,0,0,0,0,0,0,0,0,0,na,na,na
gdelt_3bb02a81,en,How Xabi Alonso in - game changes guided Real Madrid past Juventus,2025-07-02 23:30:00,2025-07-02 23:30:00,2025-07-02 00:00:00,2025-07-02 00:00:00,2025-07-02 00:00:00,2025-07-02 00:00:00,2025-07-02 00:00:00,,day,,,,,,0,0,0,0,0,0,0,0,0,0,0,na,na,na
gdelt_3bb7272d,fr,LIran condamne lattaque  terroriste  contre une mosquée en Syrie - Xinhua,2025-12-28 12:00:00,2025-12-28 12:00:00,2025-12-28 00:00:00,2025-12-28 00:00:00,2025-12-28 00:00:00,2025-12-28 00:00:00,2025-12-28 00:00:00,,day,,,,,,0,0,0,0,0,0,0,0,0,0,0,na,na,na
gdelt_3bf2ee86,ja,ふたご座流星群とカルスト地形を撮影 中国広西チワン族自治区,2025-12-21 10:30:00,2025-12-21 10:30:00,2025-12-21 00:00:00,2025-12-21 00:00:00,2025-12-21 00:00:00,2025-12-21 00:00:00,2025-12-21 00:00:00,,day,,,,,,0,0,0,0,0,0,0,0,0,0,0,na,na,na
gdelt_3c0be0fa,en,"NFL Week 15 Power Rankings : Rams return to top spot , Bills lurking and Jaguars surging",2025-12-09 20:00:00,2025-12-09 20:00:00,2025-12-09 00:00:00,2025-12-09 00:00:00,2025-12-09 00:00:00,2025-12-09 00:00:00,2025-12-09 00:00:00,,day,,,,,,0,0,0,0,0,0,0,0,0,0,0,na,na,na
gdelt_3cdd008c,es,Zelensky nombra nuevo jefe para conversaciones de paz con EEUU y Rusia,2025-11-30 10:30:00,2025-11-30 10:30:00,2025-11-30 00:00:00,2025-11-30 00:00:00,2025-11-30 00:00:00,2025-11-30 00:00:00,2025-11-30 00:00:00,,day,,,,,,0,0,0,0,0,0,0,0,0,0,0,na,na,na
gdelt_3cfa30a2,sl,Tri decenije kasnije : Duboke rane Krajišnika – DW – 3 . 8 . 2025 . ,2025-08-03 14:30:00,2025-08-03 14:30:00,2025-08-03 00:00:00,2025-08-03 00:00:00,2025-08-03 00:00:00,2025-08-03 00:00:00,2025-08-03 00:00:00,,day,2025-01-01 00:00:00,2025-01-01 00:00:00,2025-12-31 00:00:00,year,2025,1,1,1,1,1,1,1,1,1,1,1,tie,tie,tie
gdelt_3d727277,en,Garden gun - maker manufactured assassination kits for crime groups,2025-06-10 15:30:00,2025-06-10 15:30:00,2025-06-10 00:00:00,2025-06-10 00:00:00,2025-06-10 00:00:00,2025-06-10 00:00:00,2025-06-10 00:00:00,,day,,,,,,0,0,0,0,0,0,0,0,0,0,0,na,na,na
gdelt_3de9b31b,zh-cn,博鳌亚洲论坛2026年年会志愿者征集工作启动 - 新华网,2026-01-11 13:30:00,2026-01-11 00:00:00,2026-01-11 00:00:00,2026-01-11 00:00:00,2026-01-11 00:00:00,2026-01-01 00:00:00,2026-12-31 00:00:00,,year,,,,,,0,0,0,0,0,0,0,0,0,0,0,na,na,na
gdelt_3e052a3a,ru,Франция ввела в УК принцип согласия на половой акт – DW – 29 . 10 . 2025,2025-10-30 05:00:00,2025-10-30 05:00:00,2025-10-29 00:00:00,2025-10-30 00:00:00,2025-10-30 00:00:00,2025-10-29 00:00:00,2025-10-29 00:00:00,,day,2025-01-01 00:00:00,2025-01-01 00:00:00,2025-12-31 00:00:00,year,2025,1,1,1,1,1,1,1,1,1,1,1,tie,tie,tie
gdelt_3e233bdf,en,Trump administration nixes temporary immigration protections for Haitians,2025-11-27 04:30:00,2025-11-27 04:30:00,2025-11-27 00:00:00,2025-11-27 00:00:00,2025-11-27 00:00:00,2025-11-27 00:00:00,2025-11-27 00:00:00,,day,,,,,,0,0,0,0,0,0,0,0,0,0,0,na,na,na
gdelt_3e3cc141,en,Tennis players facing the heat at Shanghai and Wuhan tournaments,2025-10-08 15:15:00,2025-10-08 15:15:00,2025-10-08 00:00:00,2025-10-08 00:00:00,2025-10-08 00:00:00,2025-10-08 00:00:00,2025-10-08 00:00:00,,day,,,,,,0,0,0,0,0,0,0,0,0,0,0,na,na,na
gdelt_3e58282c,zh-cn,浙江桐乡 ： 首届濮院电竞节开启  无界  新篇章 - 新华网,2025-12-22 18:45:00,2025-12-22 18:45:00,2025-12-22 00:00:00,2025-12-22 00:00:00,2025-12-22 00:00:00,2025-12-22 00:00:00,2025-12-22 00:00:00,,day,,,,,,0,0,0,0,0,0,0,0,0,0,0,na,na,na
gdelt_3e6ac7c6,en,Man Utd v Aston Villa : How Jadon Sancho dream United move became a nightmare,2026-03-15 16:00:00,2026-03-15 16:00:00,2026-03-15 00:00:00,2026-03-15 00:00:00,2026-03-15 00:00:00,2026-03-15 00:00:00,2026-03-15 00:00:00,,day,,,,,,0,0,0,0,0,0,0,0,0,0,0,na,na,na
gdelt_3e7e9c8a,uk,Bad Bunny виграв  Греммі  в номінації  Альбом року  ,2026-02-02 16:00:00,2026-02-02 16:00:00,2026-02-01 00:00:00,2026-02-02 00:00:00,2026-02-02 00:00:00,2026-02-01 00:00:00,2026-02-01 00:00:00,,day,,,,,,0,0,0,0,0,0,0,0,0,0,0,na,na,na
gdelt_3ecfdd45,ru,Авантюрист Скосырев : как россиянин стал королем Андорры – DW – 01 . 12 . 2025,2025-12-01 20:00:00,2025-12-01 20:00:00,2025-12-01 00:00:00,2025-12-01 00:00:00,2025-12-01 00:00:00,2025-12-01 00:00:00,2025-12-01 00:00:00,,day,2025-01-01 00:00:00,2025-01-01 00:00:00,2025-12-31 00:00:00,year,2025,1,1,1,1,1,1,1,1,1,1,1,tie,tie,tie
gdelt_3f0c7ee4,en,Sir Keir Starmer vows to lead Labour into Holyrood election,2025-09-26 01:45:00,2025-09-26 01:45:00,2025-09-26 00:00:00,2025-09-26 00:00:00,2025-09-26 00:00:00,2025-09-26 00:00:00,2025-09-26 00:00:00,,day,,,,,,0,0,0,0,0,0,0,0,0,0,0,na,na,na
gdelt_3f236f14,en,"Thailand , Cambodia border tensions continue as talks conclude in Malaysia",2025-08-07 12:00:00,2025-08-07 12:00:00,2025-08-07 00:00:00,2025-08-07 00:00:00,2025-08-07 00:00:00,2025-08-07 00:00:00,2025-08-07 00:00:00,,day,,,,,,0,0,0,0,0,0,0,0,0,0,0,na,na,na
gdelt_3f3b05f2,pt,Entenda megapacote fiscal de Trump aprovado pelo Congresso – DW – 03 / 07 / 2025,2025-07-04 04:00:00,2025-07-04 04:00:00,2025-07-03 00:00:00,2025-07-04 00:00:00,2025-07-04 00:00:00,2025-07-03 00:00:00,2025-07-03 00:00:00,,day,2025-01-01 00:00:00,2025-01-01 00:00:00,2025-12-31 00:00:00,year,03 / 07 / 2025,1,1,1,1,1,1,1,1,1,1,1,tie,tie,tie
gdelt_3f4c99c8,en,Korean Jeon Recipes for a Party - NYT Cooking,2026-02-19 03:15:00,2026-02-19 03:15:00,2026-02-19 00:00:00,2026-02-19 00:00:00,2026-02-19 00:00:00,2026-02-19 00:00:00,2026-02-19 00:00:00,,day,,,,,,0,0,0,0,0,0,0,0,0,0,0,na,na,na
gdelt_3f609d07,bg,Как Унгария е предавала конфиденциална информация на Кремъл,2026-03-25 00:15:00,2026-03-25 00:15:00,2026-03-25 00:00:00,2026-03-25 00:00:00,2026-03-25 00:00:00,2026-03-25 00:00:00,2026-03-25 00:00:00,,day,,,,,,0,0,0,0,0,0,0,0,0,0,0,na,na,na
gdelt_3fa8b5e9,en,Analysis : Old meets new economy : AI boom to supercharge European bank rally,2025-12-15 22:15:00,2025-12-15 22:15:00,2025-12-15 00:00:00,2025-12-15 00:00:00,2025-12-15 00:00:00,2025-12-15 00:00:00,2025-12-15 00:00:00,,day,,,,,,0,0,0,0,0,0,0,0,0,0,0,na,na,na
gdelt_3fa98a73,ta,முகப்பு - BBC News தமிழ்,2025-11-24 23:15:00,2025-11-24 23:15:00,2025-11-24 00:00:00,2025-11-24 00:00:00,2025-11-24 00:00:00,2025-11-24 00:00:00,2025-11-24 00:00:00,,day,,,,,,0,0,0,0,0,0,0,0,0,0,0,na,na,na
gdelt_3fbe58ef,vi,  Tôi đã đưa tin về 40 cuộc chiến tranh nhưng chưa từng thấy năm nào đáng lo ngại như 2025  ,2025-12-30 08:45:00,2025-12-30 08:45:00,2025-12-30 00:00:00,2025-12-30 00:00:00,2025-12-30 00:00:00,2025-01-01 00:00:00,2025-12-31 00:00:00,,year,2025-01-01 00:00:00,2025-01-01 00:00:00,2025-12-31 00:00:00,year,2025,1,1,1,1,1,1,1,1,1,1,1,tie,tie,tie
gdelt_3fee9584,ko,열차 안내에서 열차 정비까지 ... 中  춘윈  기간 펼쳐진 로봇 활약상 - Xinhua,2026-02-19 12:00:00,2026-02-19 12:00:00,2026-02-19 00:00:00,2026-02-19 00:00:00,2026-02-19 00:00:00,2026-02-19 00:00:00,2026-02-19 00:00:00,,day,,,,,,0,0,0,0,0,0,0,0,0,0,0,na,na,na
gdelt_3ff6d691,en,  Worst - case scenario : Trump weighs replacing Khamenei as leader of Iran | Donald Trump News,2026-03-04 09:00:00,2026-03-04 09:00:00,2026-03-04 00:00:00,2026-03-04 00:00:00,2026-03-04 00:00:00,2026-03-04 00:00:00,2026-03-04 00:00:00,,day,,,,,,0,0,0,0,0,0,0,0,0,0,0,na,na,na
gdelt_40748f69,fa,آیا رژیم وگان برای سالمندان مناسب است ؟ - BBC News فارسی,2025-11-21 16:30:00,2025-11-21 16:30:00,2025-11-21 00:00:00,2025-11-21 00:00:00,2025-11-21 00:00:00,2025-11-21 00:00:00,2025-11-21 00:00:00,,day,,,,,,0,0,0,0,0,0,0,0,0,0,0,na,na,na
gdelt_40a1c166,en,Eleven arrested as protests erupt before Aston Villa - Maccabi Tel Aviv match,2025-11-07 15:15:00,2025-11-07 15:15:00,2025-11-07 00:00:00,2025-11-07 00:00:00,2025-11-07 00:00:00,2025-11-07 00:00:00,2025-11-07 00:00:00,,day,,,,,,0,0,0,0,0,0,0,0,0,0,0,na,na,na
gdelt_40aa0792,en,Man injured following Skegness Butlins balcony fall,2025-09-29 18:30:00,2025-09-29 18:30:00,2025-09-29 00:00:00,2025-09-29 00:00:00,2025-09-29 00:00:00,2025-09-29 00:00:00,2025-09-29 00:00:00,,day,,,,,,0,0,0,0,0,0,0,0,0,0,0,na,na,na
gdelt_4115bba8,en,LIVE : Five die of hunger as Amnesty says Israel deliberately starving Gaza | Israel - Palestine conflict News,2025-08-18 18:45:00,2025-08-18 18:45:00,2025-08-18 00:00:00,2025-08-18 00:00:00,2025-08-18 00:00:00,2025-08-18 00:00:00,2025-08-18 00:00:00,,day,,,,,,0,0,0,0,0,0,0,0,0,0,0,na,na,na
gdelt_41292d47,zh-cn,微导纳米黎微明 ： 半导体技术创新给镀膜设备带来新发展机遇 _ 新华网江苏频道,2025-09-08 16:30:00,2025-09-08 16:30:00,2025-09-08 00:00:00,2025-09-08 00:00:00,2025-09-08 00:00:00,2025-09-08 00:00:00,2025-09-08 00:00:00,,day,,,,,,0,0,0,0,0,0,0,0,0,0,0,na,na,na
gdelt_412d9c31,en,Goh Pei Ming on reducing vegetation fires,2026-03-04 12:30:00,2026-03-04 12:30:00,2026-03-04 00:00:00,2026-03-04 00:00:00,2026-03-04 00:00:00,2026-03-04 00:00:00,2026-03-04 00:00:00,,day,,,,,,0,0,0,0,0,0,0,0,0,0,0,na,na,na
gdelt_4169af88,en,"Oversupply , low prices driving South Korean rice farmers to switch crops , explore new markets",2025-07-17 22:00:00,2025-07-17 22:00:00,2025-07-17 00:00:00,2025-07-17 00:00:00,2025-07-17 00:00:00,2025-07-17 00:00:00,2025-07-17 00:00:00,,day,,,,,,0,0,0,0,0,0,0,0,0,0,0,na,na,na
gdelt_41af16d8,pl,Przed spotkaniem Trump - Putin . Apel europejskich liderów – DW – 10 . 08 . 2025,2025-08-10 19:00:00,2025-08-10 19:00:00,2025-08-10 00:00:00,2025-08-10 00:00:00,2025-08-10 00:00:00,2025-08-10 00:00:00,2025-08-10 00:00:00,,day,2025-01-01 00:00:00,2025-01-01 00:00:00,2025-12-31 00:00:00,year,2025,1,1,1,1,1,1,1,1,1,1,1,tie,tie,tie
gdelt_42026e9a,ru,При ударе ВС РФ по Харькову 7 июня погибли шесть человек – DW – 08 . 06 . 2025,2025-06-08 19:45:00,2025-06-08 19:45:00,2025-06-08 00:00:00,2025-06-08 00:00:00,2025-06-08 00:00:00,2025-06-08 00:00:00,2025-06-08 00:00:00,,day,2025-01-01 00:00:00,2025-01-01 00:00:00,2025-12-31 00:00:00,year,2025,1,1,1,1,1,1,1,1,1,1,1,tie,tie,tie
gdelt_4204ae55,en,"Actor Zhang Yaodong starts TikTok account , says he is grateful for support for his Tampines zi char stall",2025-06-13 16:00:00,2025-06-13 16:00:00,2025-06-13 00:00:00,2025-06-13 00:00:00,2025-06-13 00:00:00,2025-06-13 00:00:00,2025-06-13 00:00:00,,day,,,,,,0,0,0,0,0,0,0,0,0,0,0,na,na,na
gdelt_4236d311,en,"Commentary : As negotiations on global plastics treaty stall , cleanup efforts are more vital than ever",2025-08-19 06:30:00,2025-08-19 06:30:00,2025-08-19 00:00:00,2025-08-19 00:00:00,2025-08-19 00:00:00,2025-08-19 00:00:00,2025-08-19 00:00:00,,day,,,,,,0,0,0,0,0,0,0,0,0,0,0,na,na,na
gdelt_42669313,fa,عضو مجمع تشخیص مصلحت ایران : روسیه اطلاعات پدافند ایران را به اسر,2025-08-25 23:30:00,2025-08-25 23:30:00,2025-08-25 00:00:00,2025-08-25 00:00:00,2025-08-25 00:00:00,2025-08-25 00:00:00,2025-08-25 00:00:00,,day,,,,,,0,0,0,0,0,0,0,0,0,0,0,na,na,na
gdelt_4287ba31,fr,La Russie déclare quelle ne se lancera pas dans une escalade après lexpiration du traité nucléaire New START - Xinhua,2026-02-10 23:30:00,2026-02-10 23:30:00,2026-02-10 00:00:00,2026-02-10 00:00:00,2026-02-10 00:00:00,2026-02-10 00:00:00,2026-02-10 00:00:00,,day,,,,,,0,0,0,0,0,0,0,0,0,0,0,na,na,na
gdelt_42bc2004,en,Chee Hong Tat on life expectancy factor in property purchases,2026-02-04 16:15:00,2026-02-04 16:15:00,2026-02-04 00:00:00,2026-02-04 00:00:00,2026-02-04 00:00:00,2026-02-04 00:00:00,2026-02-04 00:00:00,,day,,,,,,0,0,0,0,0,0,0,0,0,0,0,na,na,na
gdelt_43db449d,ur,چین میں بغیر ڈرائیور چلنے والے  تیز رفتار  ٹرک جو ٹرانسپورٹ کی صنعت میں انقلاب برپا کر سکتے ہیں,2025-06-10 17:00:00,2025-06-10 17:00:00,2025-06-10 00:00:00,2025-06-10 00:00:00,2025-06-10 00:00:00,2025-06-10 00:00:00,2025-06-10 00:00:00,,day,,,,,,0,0,0,0,0,0,0,0,0,0,0,na,na,na
gdelt_43ff20b1,ru,Экс - премьер Грузии Гарибашвили получил пять лет тюрьмы,2026-01-12 23:45:00,2026-01-12 23:45:00,2026-01-12 00:00:00,2026-01-12 00:00:00,2026-01-12 00:00:00,2026-01-12 00:00:00,2026-01-12 00:00:00,,day,,,,,,0,0,0,0,0,0,0,0,0,0,0,na,na,na
gdelt_44000242,en,China halts export ban to US of some  dual use  materials : Ministry,2025-11-09 16:15:00,2025-11-09 16:15:00,2025-11-09 00:00:00,2025-11-09 00:00:00,2025-11-09 00:00:00,2025-11-09 00:00:00,2025-11-09 00:00:00,,day,,,,,,0,0,0,0,0,0,0,0,0,0,0,na,na,na
gdelt_446f9424,es,China insta a EEUU a dejar de privar al pueblo cubano de sus derechos a la subsistencia y el desarrollo,2026-01-27 20:00:00,2026-01-27 20:00:00,2026-01-01 00:00:00,2026-01-27 00:00:00,2026-01-27 00:00:00,2026-01-01 00:00:00,2026-01-01 00:00:00,,day,,,,,,0,0,0,0,0,0,0,0,0,0,0,na,na,na
gdelt_447b0415,ko,琼海 ： 安商招商政策有力让企业发展有底 - 新华网,2025-07-03 09:30:00,2025-07-03 09:30:00,2025-07-03 00:00:00,2025-07-03 00:00:00,2025-07-03 00:00:00,2025-07-03 00:00:00,2025-07-03 00:00:00,,day,,,,,,0,0,0,0,0,0,0,0,0,0,0,na,na,na
gdelt_44a1414f,en,Israeli settler kills West Bank activist who worked on Oscar - winning film,2025-07-29 12:30:00,2025-07-29 12:30:00,2025-07-29 00:00:00,2025-07-29 00:00:00,2025-07-29 00:00:00,2025-07-29 00:00:00,2025-07-29 00:00:00,,day,,,,,,0,0,0,0,0,0,0,0,0,0,0,na,na,na
gdelt_44bcb411,id,Gelombang Bentrokan Guncang Persiapan Piala Dunia di Meksiko,2026-02-25 15:45:00,2026-02-25 15:45:00,2026-02-22 00:00:00,2026-02-25 00:00:00,2026-02-25 00:00:00,2026-02-22 00:00:00,2026-02-22 00:00:00,,day,,,,,,0,0,0,0,0,0,0,0,0,0,0,na,na,na
gdelt_45d7ec35,en,"Manchester United 2 Chelsea 1 – Amorim side hold on after red cards for Sanchez , Casemiro",2025-09-21 03:30:00,2025-09-21 03:30:00,2025-09-21 00:00:00,2025-09-21 00:00:00,2025-09-21 00:00:00,2025-09-21 00:00:00,2025-09-21 00:00:00,,day,,,,,,0,0,0,0,0,0,0,0,0,0,0,na,na,na
gdelt_466fdc39,zh-cn,综合消息｜澳全国降半旗志哀 将加强枪支管理 - 新华网,2025-12-16 13:00:00,2025-12-16 13:00:00,2025-12-16 00:00:00,2025-12-16 00:00:00,2025-12-16 00:00:00,2025-12-16 00:00:00,2025-12-16 00:00:00,,day,,,,,,0,0,0,0,0,0,0,0,0,0,0,na,na,na
gdelt_46ae431f,uk,12 найкращих серіалів вересня : що подивитися - BBC News Україна,2025-08-31 18:15:00,2025-08-31 18:15:00,2025-09-01 00:00:00,2025-08-31 00:00:00,2025-08-31 00:00:00,2025-09-01 00:00:00,2025-09-01 00:00:00,,day,,,,,,0,0,0,0,0,0,0,0,0,0,0,na,na,na
gdelt_46fc428d,ro,Analiză : Cine alimentează conflictul din CCR – DW – 29 . 12 . 2025,2025-12-30 01:30:00,2025-12-30 01:30:00,2025-12-29 00:00:00,2025-12-30 00:00:00,2025-12-30 00:00:00,2025-12-29 00:00:00,2025-12-29 00:00:00,,day,2025-01-01 00:00:00,2025-01-01 00:00:00,2025-12-31 00:00:00,year,2025,1,1,1,1,1,1,1,1,1,1,1,tie,tie,tie
gdelt_46ffb64b,en,What the united kingdom Budget will mean for Scotland,2025-11-25 07:45:00,2025-11-25 07:45:00,2025-11-25 00:00:00,2025-11-25 00:00:00,2025-11-25 00:00:00,2025-11-25 00:00:00,2025-11-25 00:00:00,,day,,,,,,0,0,0,0,0,0,0,0,0,0,0,na,na,na
gdelt_4733961a,so,War ka soo kordhay weerarkii lagu dilay Yahuud ku dabaal - degeysay xeeb ku taalla Australia,2025-12-15 12:30:00,2025-12-15 12:30:00,2025-11-01 00:00:00,2025-12-15 00:00:00,2025-12-15 00:00:00,2025-11-01 00:00:00,2025-11-01 00:00:00,,day,,,,,,0,0,0,0,0,0,0,0,0,0,0,na,na,na
gdelt_4738713a,ru,КНР : Санкции против РФ ударили по отношениям Китая и ЕС – DW – 21 . 07 . 2025,2025-07-21 22:15:00,2025-07-21 22:15:00,2025-07-21 00:00:00,2025-07-21 00:00:00,2025-07-21 00:00:00,2025-07-21 00:00:00,2025-07-21 00:00:00,,day,2025-01-01 00:00:00,2025-01-01 00:00:00,2025-12-31 00:00:00,year,2025,1,1,1,1,1,1,1,1,1,1,1,tie,tie,tie
gdelt_47531653,uk,В Іспанії зіткнулися швидкісні поїзди : щонайменше 39 жертв,2026-01-19 18:30:00,2026-01-19 18:30:00,2026-01-19 00:00:00,2026-01-19 00:00:00,2026-01-19 00:00:00,2026-01-19 00:00:00,2026-01-19 00:00:00,,day,,,,,,0,0,0,0,0,0,0,0,0,0,0,na,na,na
gdelt_475675ca,zh-cn,新疆伊尔克什坦口岸试行全时段货运通关 - 新华网,2025-06-02 14:45:00,2025-06-02 14:45:00,2025-06-02 00:00:00,2025-06-02 00:00:00,2025-06-02 00:00:00,2025-06-02 00:00:00,2025-06-02 00:00:00,,day,,,,,,0,0,0,0,0,0,0,0,0,0,0,na,na,na
gdelt_47771090,en,"LIVE : Israel kills 56 aid seekers as 22 , 000 aid trucks stuck outside Gaza | Israel - Palestine conflict News",2025-08-04 13:30:00,2056-08-04 00:00:00,2025-08-04 00:00:00,2056-08-04 00:00:00,2056-08-04 00:00:00,2025-08-04 00:00:00,2025-08-04 00:00:00,,day,,,,,,0,0,0,0,0,0,0,0,0,0,0,na,na,na
gdelt_47a23191,en,"Israel bombs ports , power plant in Yemen as Houthis fire more missiles",2025-07-07 12:45:00,2025-07-07 12:45:00,2025-07-07 00:00:00,2025-07-07 00:00:00,2025-07-07 00:00:00,2025-07-07 00:00:00,2025-07-07 00:00:00,,day,,,,,,0,0,0,0,0,0,0,0,0,0,0,na,na,na
gdelt_47a965a9,en,Rookie left tackle Josh Simmons rejoins Chiefs after missing 4 games,2025-11-04 04:30:00,2025-11-04 04:30:00,2025-11-04 00:00:00,2025-11-04 00:00:00,2025-11-04 00:00:00,2025-11-04 00:00:00,2025-11-04 00:00:00,,day,,,,,,0,0,0,0,0,0,0,0,0,0,0,na,na,na
gdelt_47dd9a8d,en,"Singapore sprint queen Shanti Pereira wins gold , keeps SEA Games 100m crown",2025-12-17 22:30:00,2025-12-17 22:30:00,2025-12-17 00:00:00,2025-12-17 00:00:00,2025-12-17 00:00:00,2025-12-17 00:00:00,2025-12-17 00:00:00,,day,,,,,,0,0,0,0,0,0,0,0,0,0,0,na,na,na
gdelt_47fa33de,en,Honduras election : Why has Trump threatened to cut off aid ? ,2025-12-03 04:30:00,2025-12-03 04:30:00,2025-12-03 00:00:00,2025-12-03 00:00:00,2025-12-03 00:00:00,2025-12-03 00:00:00,2025-12-03 00:00:00,,day,,,,,,0,0,0,0,0,0,0,0,0,0,0,na,na,na
gdelt_47fbed27,en,Israel Netanyahu hopes to  taper  Israel off US military aid in next decade,2026-01-10 20:15:00,2036-01-10 20:15:00,2026-01-10 00:00:00,2036-01-10 00:00:00,2036-01-10 00:00:00,2026-01-10 00:00:00,2026-01-10 00:00:00,,day,,,,,,0,0,0,0,0,0,0,0,0,0,0,na,na,na
gdelt_486e7c01,fr,LAPL effectue des patrouilles de routine en mer de Chine méridionale - Xinhua,2025-09-14 19:15:00,2025-09-14 19:15:00,2025-09-10 00:00:00,2025-09-14 00:00:00,2025-09-14 00:00:00,2025-09-10 00:00:00,2025-09-10 00:00:00,,day,,,,,,0,0,0,0,0,0,0,0,0,0,0,na,na,na
gdelt_4896f095,zh-cn,奥运冠军全部无缘决赛 辽宁队摘全运会射击首金 - 新华网,2025-10-13 11:45:00,2025-10-13 11:45:00,2025-10-13 00:00:00,2025-10-13 00:00:00,2025-10-13 00:00:00,2025-10-13 00:00:00,2025-10-13 00:00:00,,day,,,,,,0,0,0,0,0,0,0,0,0,0,0,na,na,na
gdelt_489d1af6,ne,दलाई लामा का ट्रस्ट तय करेगा उनका उत्तराधिकारी – DW – 02 . 07 . 2025,2025-07-02 14:45:00,2025-07-02 14:45:00,2025-07-02 00:00:00,2025-07-02 00:00:00,2025-07-02 00:00:00,2025-07-02 00:00:00,2025-07-02 00:00:00,,day,2025-01-01 00:00:00,2025-01-01 00:00:00,2025-12-31 00:00:00,year,2025,1,1,1,1,1,1,1,1,1,1,1,tie,tie,tie
gdelt_48cc007d,es,"Tus dedos provienen del trasero de peces , según estudio – DW – 22 / 09 / 2025",2025-09-23 00:45:00,2025-09-23 00:45:00,2025-09-22 00:00:00,2025-09-23 00:00:00,2025-09-23 00:00:00,2025-09-22 00:00:00,2025-09-22 00:00:00,,day,2025-01-01 00:00:00,2025-01-01 00:00:00,2025-12-31 00:00:00,year,22 / 09 / 2025,1,1,1,1,1,1,1,1,1,1,1,tie,tie,tie
gdelt_48e8d7d7,fr,La Chine lance un nouveau satellite dessai pour les technologies de communication - Xinhua,2025-12-21 09:45:00,2025-12-21 09:45:00,2025-12-21 00:00:00,2025-12-21 00:00:00,2025-12-21 00:00:00,2025-12-21 00:00:00,2025-12-21 00:00:00,,day,,,,,,0,0,0,0,0,0,0,0,0,0,0,na,na,na
gdelt_49407e47,fr,Le parcours de  dépassement  dune étudiante chinoise à lONU ( REPORTAGE ) - Xinhua,2026-03-16 09:00:00,2026-03-16 09:00:00,2026-03-16 00:00:00,2026-03-16 00:00:00,2026-03-16 00:00:00,2026-03-16 00:00:00,2026-03-16 00:00:00,,day,,,,,,0,0,0,0,0,0,0,0,0,0,0,na,na,na
gdelt_496b28a7,es,Transportistas de Venezuela se movilizan en Caracas para pedir liberación de Nicolás Maduro y Cilia Flores,2026-01-14 11:00:00,2026-01-14 11:00:00,2026-01-14 00:00:00,2026-01-14 00:00:00,2026-01-14 00:00:00,2026-01-14 00:00:00,2026-01-14 00:00:00,,day,,,,,,0,0,0,0,0,0,0,0,0,0,0,na,na,na
gdelt_49ea1808,en,US Supreme Court to review gun restrictions for illegal drug users,2025-10-21 02:45:00,2025-10-21 02:45:00,2025-10-21 00:00:00,2025-10-21 00:00:00,2025-10-21 00:00:00,2025-10-21 00:00:00,2025-10-21 00:00:00,,day,,,,,,0,0,0,0,0,0,0,0,0,0,0,na,na,na
gdelt_4a032e8b,de,Vietnam : Kompromissbereit bei Handelsabkommen mit den united states – DW – 01 . 07 . 2025,2025-07-08 01:30:00,2025-07-08 01:30:00,2025-07-01 00:00:00,2025-07-08 00:00:00,2025-07-08 00:00:00,2025-07-01 00:00:00,2025-07-01 00:00:00,,day,2025-01-01 00:00:00,2025-01-01 00:00:00,2025-12-31 00:00:00,year,2025,1,1,1,1,1,1,1,1,1,1,1,tie,tie,tie
gdelt_4adea169,en,LIVE : Sirens sound across Israel amid Iranian missile attacks | Military News,2025-06-14 03:15:00,2025-06-14 03:15:00,2025-06-14 00:00:00,2025-06-14 00:00:00,2025-06-14 00:00:00,2025-06-14 00:00:00,2025-06-14 00:00:00,,day,,,,,,0,0,0,0,0,0,0,0,0,0,0,na,na,na
gdelt_4aef7f85,tr,Akın Gürlek bahis soruşturmasıyla ilgili yeni operasyon sinyali,2025-11-20 19:45:00,2025-11-20 19:45:00,2025-11-20 00:00:00,2025-11-20 00:00:00,2025-11-20 00:00:00,2025-11-20 00:00:00,2025-11-20 00:00:00,,day,,,,,,0,0,0,0,0,0,0,0,0,0,0,na,na,na
gdelt_4b08b91d,ko,  雷锋故里  出新招 暑期  官方带娃  受欢迎 - 新华网,2025-08-25 10:15:00,2025-08-25 10:15:00,2025-08-25 00:00:00,2025-08-25 00:00:00,2025-08-25 00:00:00,2025-08-25 00:00:00,2025-08-25 00:00:00,,day,,,,,,0,0,0,0,0,0,0,0,0,0,0,na,na,na
gdelt_4b52fc1d,sw,"Papa Leo XIV , Mahmoud Abbas wajadili hali Mashariki ya kati – DW – 06 . 11 . 2025",2025-11-07 00:45:00,2025-11-07 00:45:00,2025-11-06 00:00:00,2025-11-07 00:00:00,2025-11-07 00:00:00,2025-11-06 00:00:00,2025-11-06 00:00:00,,day,2025-01-01 00:00:00,2025-01-01 00:00:00,2025-12-31 00:00:00,year,2025,1,1,1,1,1,1,1,1,1,1,1,tie,tie,tie
gdelt_4b775b76,pt,Químico eterno TFA contamina cereais na União Europeia,2026-01-12 23:15:00,2026-01-12 23:15:00,2026-01-12 00:00:00,2026-01-12 00:00:00,2026-01-12 00:00:00,2026-01-12 00:00:00,2026-01-12 00:00:00,,day,,,,,,0,0,0,0,0,0,0,0,0,0,0,na,na,na
gdelt_4b89e5ba,zh-cn,庆阳 ： 旅游市场升温 唱响文旅  好声音 - 新华网,2025-10-07 13:15:00,2025-10-07 13:15:00,2025-10-07 00:00:00,2025-10-07 00:00:00,2025-10-07 00:00:00,2025-10-07 00:00:00,2025-10-07 00:00:00,,day,,,,,,0,0,0,0,0,0,0,0,0,0,0,na,na,na
gdelt_4bdd87e2,es,"Las 25 mejores películas de 2025 , según los críticos de la BBC",2025-12-21 19:45:00,2025-12-21 19:45:00,2025-12-21 00:00:00,2025-12-21 00:00:00,2025-12-21 00:00:00,2025-01-01 00:00:00,2025-12-31 00:00:00,,year,2025-01-01 00:00:00,2025-01-01 00:00:00,2025-12-31 00:00:00,year,de 2025,1,1,1,1,1,1,1,1,1,1,1,tie,tie,tie
gdelt_4c0d3287,es,Casi 30 personas mueren en ataques de Israel en Gaza – DW – 13 / 07 / 2025,2025-07-13 18:30:00,2025-07-13 18:30:00,2025-07-13 00:00:00,2025-07-13 00:00:00,2025-07-13 00:00:00,2025-07-13 00:00:00,2025-07-13 00:00:00,,day,2025-01-01 00:00:00,2025-01-01 00:00:00,2025-12-31 00:00:00,year,13 / 07 / 2025,1,1,1,1,1,1,1,1,1,1,1,tie,tie,tie
gdelt_4c19f897,zh-cn,严查回流药 ！ 国家医保局公布十起典型案例 - 新华网,2025-07-27 10:15:00,2025-07-27 10:15:00,2025-07-27 00:00:00,2025-07-27 00:00:00,2025-07-27 00:00:00,2025-07-27 00:00:00,2025-07-27 00:00:00,,day,,,,,,0,0,0,0,0,0,0,0,0,0,0,na,na,na
gdelt_4c5aaab7,en,Germany most powerful state leader wants to redraw the map,2026-01-19 20:00:00,2026-01-19 20:00:00,2026-01-19 00:00:00,2026-01-19 00:00:00,2026-01-19 00:00:00,2026-01-19 00:00:00,2026-01-19 00:00:00,,day,,,,,,0,0,0,0,0,0,0,0,0,0,0,na,na,na
gdelt_4c6cef22,en,Campaigners hope to save one of Scotland oldest churches,2026-03-10 12:00:00,2026-03-10 12:00:00,2026-03-10 00:00:00,2026-03-10 00:00:00,2026-03-10 00:00:00,2026-03-10 00:00:00,2026-03-10 00:00:00,,day,,,,,,0,0,0,0,0,0,0,0,0,0,0,na,na,na
gdelt_4c7fc519,en,Indonesia searches for missing plane with at least 10 on board,2026-01-18 02:00:00,2026-01-18 02:00:00,2026-01-18 00:00:00,2026-01-18 00:00:00,2026-01-18 00:00:00,2026-01-18 00:00:00,2026-01-18 00:00:00,,day,,,,,,0,0,0,0,0,0,0,0,0,0,0,na,na,na
gdelt_4c89f3bc,en,Denmark Copenhagen airport reopens after nearly four - hour drone disruption,2025-09-23 09:45:00,2025-09-23 09:45:00,2025-09-01 00:00:00,2025-09-23 00:00:00,2025-09-23 00:00:00,2025-09-01 00:00:00,2025-09-01 00:00:00,,day,,,,,,0,0,0,0,0,0,0,0,0,0,0,na,na,na
gdelt_4c92010f,en,Milton Keynes man being sentenced for murdering wife in hot tub,2026-03-24 06:15:00,2026-03-24 06:15:00,2026-03-24 00:00:00,2026-03-24 00:00:00,2026-03-24 00:00:00,2026-03-24 00:00:00,2026-03-24 00:00:00,,day,,,,,,0,0,0,0,0,0,0,0,0,0,0,na,na,na
gdelt_4cb7a9b9,bg,След руски плен :  Мразя руснаците с цялото си сърце  – DW – 19 . 06 . 2025,2025-07-20 19:30:00,2025-07-20 19:30:00,2025-06-19 00:00:00,2025-07-20 00:00:00,2025-07-20 00:00:00,2025-06-19 00:00:00,2025-06-19 00:00:00,,day,2025-01-01 00:00:00,2025-01-01 00:00:00,2025-12-31 00:00:00,year,2025,1,1,1,1,1,1,1,1,1,1,1,tie,tie,tie
gdelt_4cbfc358,vi,"Hội nghị 15 kết thúc , có gì đáng chú ý ? - BBC News Tiếng Việt",2025-12-23 15:45:00,2025-12-23 15:45:00,2025-12-01 00:00:00,2025-12-23 00:00:00,2025-12-23 00:00:00,2025-12-01 00:00:00,2025-12-01 00:00:00,,day,,,,,,0,0,0,0,0,0,0,0,0,0,0,na,na,na
gdelt_4ccb2971,tr,Rusyanın Batı  ya karşı  gerçeklik  girişimi : GFCN – DW – 08 . 06 . 2025,2025-06-08 15:45:00,2025-06-08 15:45:00,2025-06-08 00:00:00,2025-06-08 00:00:00,2025-06-08 00:00:00,2025-06-08 00:00:00,2025-06-08 00:00:00,,day,2025-01-01 00:00:00,2025-01-01 00:00:00,2025-12-31 00:00:00,year,2025,1,1,1,1,1,1,1,1,1,1,1,tie,tie,tie
gdelt_4cef8670,en,"Iran war live : US , Israel attack ignites worst trade disruption in 80 years | US - Israel war on Iran News",2026-03-27 05:00:00,1946-03-27 05:00:00,2026-03-27 00:00:00,1946-03-27 00:00:00,1946-03-27 00:00:00,2026-03-27 00:00:00,2026-03-27 00:00:00,,day,,,,,,0,0,0,0,0,0,0,0,0,0,0,na,na,na
gdelt_4d0a1401,ur,بی جے پی کے سابق رُکن پارلیمان کو ریپ کے جرم میں دی گئی عمرقید کی سزا معطل کرنے کے متنازع فیصلے پر عملدرآمد روک دیا گیا,2025-12-30 02:15:00,2025-12-30 02:15:00,2025-12-30 00:00:00,2025-12-30 00:00:00,2025-12-30 00:00:00,2025-12-30 00:00:00,2025-12-30 00:00:00,,day,,,,,,0,0,0,0,0,0,0,0,0,0,0,na,na,na
gdelt_4d0dd34d,en,"LIVE :  Worst - case scenario of famine  unfolding in Gaza , IPC report finds | Israel - Palestine conflict News",2025-07-29 22:30:00,2025-07-29 22:30:00,2025-07-29 00:00:00,2025-07-29 00:00:00,2025-07-29 00:00:00,2025-07-29 00:00:00,2025-07-29 00:00:00,,day,,,,,,0,0,0,0,0,0,0,0,0,0,0,na,na,na
gdelt_4d281cbf,en,"Israel kills two Palestinians , including 16 year - old , in West Bank | Gaza News",2025-12-21 22:00:00,2025-12-21 22:00:00,2025-12-21 00:00:00,2025-12-21 00:00:00,2025-12-21 00:00:00,2025-12-21 00:00:00,2025-12-21 00:00:00,,day,,,,,,0,0,0,0,0,0,0,0,0,0,0,na,na,na
gdelt_4dddd785,en,Huge crowds gather in Israel calling for hostage deal and end to Gaza war,2025-08-18 05:45:00,2025-08-18 05:45:00,2025-08-18 00:00:00,2025-08-18 00:00:00,2025-08-18 00:00:00,2025-08-18 00:00:00,2025-08-18 00:00:00,,day,,,,,,0,0,0,0,0,0,0,0,0,0,0,na,na,na
gdelt_4df05d0c,es,Irán : ola de ejecuciones como parte de la represión política – DW – 12 / 10 / 2025,2025-10-12 16:00:00,2025-10-12 16:00:00,2025-10-12 00:00:00,2025-10-12 00:00:00,2025-10-12 00:00:00,2025-10-12 00:00:00,2025-10-12 00:00:00,,day,2025-01-01 00:00:00,2025-01-01 00:00:00,2025-12-31 00:00:00,year,12 / 10 / 2025,1,1,1,1,1,1,1,1,1,1,1,tie,tie,tie
gdelt_4e6c3907,so,Trump oo dalabkii ugu dambeeyay u diray Ukraine si dagaalka loo soo afjaro,2025-11-23 12:45:00,2025-11-23 12:45:00,2025-11-23 00:00:00,2025-11-23 00:00:00,2025-11-23 00:00:00,2025-11-23 00:00:00,2025-11-23 00:00:00,,day,,,,,,0,0,0,0,0,0,0,0,0,0,0,na,na,na
gdelt_4e9ca037,zh-cn,普洱消防救援机动支队挂牌成立 _ 新华网,2026-02-01 15:30:00,2026-02-01 15:30:00,2026-02-01 00:00:00,2026-02-01 00:00:00,2026-02-01 00:00:00,2026-02-01 00:00:00,2026-02-01 00:00:00,,day,,,,,,0,0,0,0,0,0,0,0,0,0,0,na,na,na
gdelt_4ea89d00,no,Sun halo over Singapore,2025-08-25 17:30:00,2025-08-25 17:30:00,2025-08-24 00:00:00,2025-08-25 00:00:00,2025-08-25 00:00:00,2025-08-24 00:00:00,2025-08-24 00:00:00,,day,,,,,,0,0,0,0,0,0,0,0,0,0,0,na,na,na
gdelt_4f2b4942,en,China names new Central Military Commission vice chair amid ruling elite biggest shake - up in 8 years,2025-10-23 19:00:00,2017-10-23 19:00:00,2025-10-23 00:00:00,2017-10-23 00:00:00,2017-10-23 00:00:00,2025-10-23 00:00:00,2025-10-23 00:00:00,,day,,,,,,0,0,0,0,0,0,0,0,0,0,0,na,na,na
gdelt_4f4942ab,sv,"Dennis Schröder moment , Skinny Luka , Gianni emotion and 6 more lessons from EuroBasket",2025-09-15 21:15:00,2025-09-15 21:15:00,2025-09-16 00:00:00,2025-09-15 00:00:00,2025-09-15 00:00:00,2025-09-16 00:00:00,2025-09-16 00:00:00,,day,,,,,,0,0,0,0,0,0,0,0,0,0,0,na,na,na
gdelt_4f91e6f9,en,Canadian police say 10 dead in British Columbia Tumbler Ridge shooting | Gun Violence News,2026-02-11 12:15:00,2026-02-11 12:15:00,2026-02-11 00:00:00,2026-02-11 00:00:00,2026-02-11 00:00:00,2026-02-11 00:00:00,2026-02-11 00:00:00,,day,,,,,,0,0,0,0,0,0,0,0,0,0,0,na,na,na
gdelt_505a18b2,en,"Pakistan deploys helicopters , drones to end standoff with Baloch rebels | Conflict News",2026-02-04 20:30:00,2026-02-04 20:30:00,2026-02-04 00:00:00,2026-02-04 00:00:00,2026-02-04 00:00:00,2026-02-04 00:00:00,2026-02-04 00:00:00,,day,,,,,,0,0,0,0,0,0,0,0,0,0,0,na,na,na
gdelt_506dde81,en,"Bangladesh to hold election in first half of April 2026 , interim PM says",2025-06-07 06:30:00,2025-06-07 06:30:00,2026-04-01 00:00:00,2025-06-07 00:00:00,2025-06-07 00:00:00,2026-04-01 00:00:00,2026-04-30 00:00:00,,month,2026-04-01 00:00:00,2026-04-01 00:00:00,2026-04-30 00:00:00,month,April 2026,1,1,0,1,0,1,0,1,0,1,1,v2_better,v2_better,v2_better
gdelt_507104f1,es,Libros de Xi sobre economía y sus interacciones con estudiantes universitarios debutan en Hong Kong,2026-03-18 21:00:00,2026-03-18 21:00:00,2026-03-18 00:00:00,2026-03-18 00:00:00,2026-03-18 00:00:00,2026-03-18 00:00:00,2026-03-18 00:00:00,,day,,,,,,0,0,0,0,0,0,0,0,0,0,0,na,na,na
gdelt_50828c6e,ru,Рубио и Умеров : Переговоры во Флориде были очень продуктивны – DW – 30 . 11 . 2025,2025-12-01 06:30:00,2025-12-01 06:30:00,2025-11-30 00:00:00,2025-12-01 00:00:00,2025-12-01 00:00:00,2025-11-30 00:00:00,2025-11-30 00:00:00,,day,2025-01-01 00:00:00,2025-01-01 00:00:00,2025-12-31 00:00:00,year,2025,1,1,1,1,1,1,1,1,1,1,1,tie,tie,tie
gdelt_50af347f,en,Vuelta a Espana : Ben Turner wins fourth stage to claim maiden Grand Tour stage victory,2025-08-27 00:15:00,2025-08-27 00:15:00,2025-08-27 00:00:00,2025-08-27 00:00:00,2025-08-27 00:00:00,2025-08-27 00:00:00,2025-08-27 00:00:00,,day,,,,,,0,0,0,0,0,0,0,0,0,0,0,na,na,na
gdelt_5142574d,en,"The Singaporean female mountaineer who scaled Everest , K2 and Annapurna",2025-09-09 10:30:00,2025-09-09 10:30:00,2025-09-09 00:00:00,2025-09-09 00:00:00,2025-09-09 00:00:00,2025-09-09 00:00:00,2025-09-09 00:00:00,,day,,,,,,0,0,0,0,0,0,0,0,0,0,0,na,na,na
gdelt_519ef55a,zh-cn,澳门全面部署应对台风  桦加沙 - 新华网,2025-09-23 01:30:00,2025-09-23 01:30:00,2025-09-23 00:00:00,2025-09-23 00:00:00,2025-09-23 00:00:00,2025-09-23 00:00:00,2025-09-23 00:00:00,,day,,,,,,0,0,0,0,0,0,0,0,0,0,0,na,na,na
gdelt_51b6365e,uk,"Зеленський : Україна готується стягнути з РФ 6 , 9 млрд доларів – DW – 20 . 07 . 2025",2025-07-20 22:00:00,2025-07-20 22:00:00,2025-07-20 00:00:00,2025-07-20 00:00:00,2025-07-20 00:00:00,2025-07-20 00:00:00,2025-07-20 00:00:00,,day,2025-01-01 00:00:00,2025-01-01 00:00:00,2025-12-31 00:00:00,year,2025,1,1,1,1,1,1,1,1,1,1,1,tie,tie,tie
gdelt_52274732,en,"  In an instant , they were gone  - Tennessee town mourns 16 people after blast",2025-10-13 03:00:00,2025-10-13 03:00:00,2025-10-13 00:00:00,2025-10-13 00:00:00,2025-10-13 00:00:00,2025-10-13 00:00:00,2025-10-13 00:00:00,,day,,,,,,0,0,0,0,0,0,0,0,0,0,0,na,na,na
gdelt_52598972,sw,Nchi 10 zenye Visiwa vingi zaidi duniani - BBC News Swahili,2025-08-04 11:45:00,2025-08-04 11:45:00,2025-08-04 00:00:00,2025-08-04 00:00:00,2025-08-04 00:00:00,2025-08-04 00:00:00,2025-08-04 00:00:00,,day,,,,,,0,0,0,0,0,0,0,0,0,0,0,na,na,na
gdelt_52742718,en,"China courts Taiwanese worshippers in religious charm offensive , study shows",2025-10-23 13:15:00,2025-10-23 13:15:00,2025-10-23 00:00:00,2025-10-23 00:00:00,2025-10-23 00:00:00,2025-10-23 00:00:00,2025-10-23 00:00:00,,day,,,,,,0,0,0,0,0,0,0,0,0,0,0,na,na,na
gdelt_5275e69e,zh-cn,长三角地区首个国家级国土空间规划落地 _ 新华网江苏频道,2025-12-15 12:30:00,2025-12-15 12:30:00,2025-12-15 00:00:00,2025-12-15 00:00:00,2025-12-15 00:00:00,2025-12-15 00:00:00,2025-12-15 00:00:00,,day,,,,,,0,0,0,0,0,0,0,0,0,0,0,na,na,na
gdelt_52ebac30,ko,云南省发布 《 林下西洋参生产技术规程 》_ 新华网,2025-08-05 11:00:00,2025-08-05 11:00:00,2025-08-05 00:00:00,2025-08-05 00:00:00,2025-08-05 00:00:00,2025-08-05 00:00:00,2025-08-05 00:00:00,,day,,,,,,0,0,0,0,0,0,0,0,0,0,0,na,na,na
gdelt_53483f7d,zh-cn,台风  丹娜丝  或在闽北至浙江沿海登陆 - 新华网,2025-07-06 09:30:00,2025-07-06 09:30:00,2025-07-06 00:00:00,2025-07-06 00:00:00,2025-07-06 00:00:00,2025-07-06 00:00:00,2025-07-06 00:00:00,,day,,,,,,0,0,0,0,0,0,0,0,0,0,0,na,na,na
gdelt_5388ad42,en,China population falls for a fourth straight year,2026-01-19 13:00:00,2026-01-19 13:00:00,2026-01-01 00:00:00,2026-01-19 00:00:00,2026-01-19 00:00:00,2026-01-01 00:00:00,2026-01-01 00:00:00,,day,,,,,,0,0,0,0,0,0,0,0,0,0,0,na,na,na
gdelt_53b89799,pl,Prasa : Plan Trumpa odbiera Ukrainie podstawę jej egzystencji – DW – 20 . 11 . 2025,2025-11-20 20:00:00,2025-11-20 20:00:00,2025-11-20 00:00:00,2025-11-20 00:00:00,2025-11-20 00:00:00,2025-11-20 00:00:00,2025-11-20 00:00:00,,day,2025-01-01 00:00:00,2025-01-01 00:00:00,2025-12-31 00:00:00,year,2025,1,1,1,1,1,1,1,1,1,1,1,tie,tie,tie
gdelt_5433bb10,en,"Anxiety : Some days I could not leave the house , says musician",2026-01-05 15:00:00,2026-01-05 15:00:00,2026-01-05 00:00:00,2026-01-05 00:00:00,2026-01-05 00:00:00,2026-01-05 00:00:00,2026-01-05 00:00:00,,day,,,,,,0,0,0,0,0,0,0,0,0,0,0,na,na,na
gdelt_5469808f,en,"Denmark , Greenland envoys met with White House officials over Trump call for a  takeover  ",2026-01-09 06:15:00,2026-01-09 06:15:00,2026-01-09 00:00:00,2026-01-09 00:00:00,2026-01-09 00:00:00,2026-01-09 00:00:00,2026-01-09 00:00:00,,day,,,,,,0,0,0,0,0,0,0,0,0,0,0,na,na,na
gdelt_54781416,en,US treasury secretary declines to rule out future Federal Reserve lawsuits,2026-02-06 04:30:00,2026-02-06 04:30:00,2026-02-06 00:00:00,2026-02-06 00:00:00,2026-02-06 00:00:00,2026-02-06 00:00:00,2026-02-06 00:00:00,,day,,,,,,0,0,0,0,0,0,0,0,0,0,0,na,na,na
gdelt_54a20e87,en,UNC fumbles away chance for first ACC win under Bill Belichick,2025-10-18 19:00:00,2025-10-18 19:00:00,2025-10-18 00:00:00,2025-10-18 00:00:00,2025-10-18 00:00:00,2025-10-18 00:00:00,2025-10-18 00:00:00,,day,,,,,,0,0,0,0,0,0,0,0,0,0,0,na,na,na
gdelt_54c4a11d,ru,Тысяча чертей ! Обнаружен скелет д  Артаньяна ? ,2026-03-27 00:45:00,2026-03-27 00:45:00,2026-03-27 00:00:00,2026-03-27 00:00:00,2026-03-27 00:00:00,2026-03-27 00:00:00,2026-03-27 00:00:00,,day,,,,,,0,0,0,0,0,0,0,0,0,0,0,na,na,na
gdelt_54cacee5,en,"Bagpuss film  will be faithful to original , Birmingham producer says",2025-09-10 15:30:00,2025-09-10 15:30:00,2025-09-10 00:00:00,2025-09-10 00:00:00,2025-09-10 00:00:00,2025-09-10 00:00:00,2025-09-10 00:00:00,,day,,,,,,0,0,0,0,0,0,0,0,0,0,0,na,na,na
gdelt_55226002,en,Airbnb and short - term rentals provide little relief for stretched World Cup travelers,2026-02-04 23:00:00,2026-02-04 23:00:00,2026-02-04 00:00:00,2026-02-04 00:00:00,2026-02-04 00:00:00,2026-02-04 00:00:00,2026-02-04 00:00:00,,day,,,,,,0,0,0,0,0,0,0,0,0,0,0,na,na,na
gdelt_557a8138,en,The community repair cafes fixing sentimental and everyday items,2025-12-28 16:15:00,2025-12-28 16:15:00,2025-12-28 00:00:00,2025-12-28 00:00:00,2025-12-28 00:00:00,2025-12-28 00:00:00,2025-12-28 00:00:00,,day,,,,,,0,0,0,0,0,0,0,0,0,0,0,na,na,na
gdelt_558591f9,zh-cn,白银会宁县产业联盟成立 - 新华网,2025-11-10 13:00:00,2025-11-10 13:00:00,2025-11-10 00:00:00,2025-11-10 00:00:00,2025-11-10 00:00:00,2025-11-10 00:00:00,2025-11-10 00:00:00,,day,,,,,,0,0,0,0,0,0,0,0,0,0,0,na,na,na
gdelt_55b200f0,en,President Prabowo reaffirms commitment to making Nusantara Indonesia future capital city,2026-01-14 02:00:00,2026-01-14 02:00:00,2026-01-14 00:00:00,2026-01-14 00:00:00,2026-01-14 00:00:00,2026-01-14 00:00:00,2026-01-14 00:00:00,,day,,,,,,0,0,0,0,0,0,0,0,0,0,0,na,na,na
gdelt_55d35b66,zh-cn,新春走基层丨老庙会新玩法 ， 非遗如何圈粉年轻人 ？- 新华网,2026-02-26 17:00:00,2026-02-26 17:00:00,2026-02-01 00:00:00,2026-02-26 00:00:00,2026-02-26 00:00:00,2026-02-01 00:00:00,2026-02-01 00:00:00,,day,,,,,,0,0,0,0,0,0,0,0,0,0,0,na,na,na
gdelt_55eb1cd0,en,Why the world superyachts are getting bigger and bigger,2025-07-03 08:45:00,2025-07-03 08:45:00,2025-07-03 00:00:00,2025-07-03 00:00:00,2025-07-03 00:00:00,2025-07-03 00:00:00,2025-07-03 00:00:00,,day,,,,,,0,0,0,0,0,0,0,0,0,0,0,na,na,na
gdelt_55ebd1cc,en,"  Heroic  train worker in life - threatening condition after knife attack , with suspect in custody",2025-11-03 15:45:00,2025-11-03 15:45:00,2025-11-03 00:00:00,2025-11-03 00:00:00,2025-11-03 00:00:00,2025-11-03 00:00:00,2025-11-03 00:00:00,,day,,,,,,0,0,0,0,0,0,0,0,0,0,0,na,na,na
gdelt_5603a458,en,The impact of altitude on World Cup 2026 :  Running back and taking a breath is what costs you  ,2025-12-07 21:30:00,2025-12-07 21:30:00,2026-01-01 00:00:00,2025-12-07 00:00:00,2025-12-07 00:00:00,2026-01-01 00:00:00,2026-12-31 00:00:00,,year,2026-01-01 00:00:00,2026-01-01 00:00:00,2026-12-31 00:00:00,year,2026,1,1,0,1,0,1,0,1,0,1,1,v2_better,v2_better,v2_better
gdelt_561de866,en,Lammy admits licence error on JD Vance fishing trip,2025-08-13 23:15:00,2025-08-13 23:15:00,2025-08-13 00:00:00,2025-08-13 00:00:00,2025-08-13 00:00:00,2025-08-13 00:00:00,2025-08-13 00:00:00,,day,,,,,,0,0,0,0,0,0,0,0,0,0,0,na,na,na
gdelt_56ff2270,fa,از افغانستان تا ایران ؛ آیا مداخله نظامی آمریکا جواب می‌دهد ؟ ,2025-07-03 22:30:00,2025-07-03 22:30:00,2025-07-03 00:00:00,2025-07-03 00:00:00,2025-07-03 00:00:00,2025-07-03 00:00:00,2025-07-03 00:00:00,,day,,,,,,0,0,0,0,0,0,0,0,0,0,0,na,na,na
gdelt_57339f32,uk,У Гаазі створили Комісію для роботи над репараціями Україні – DW – 16 . 12 . 2025,2025-12-17 04:45:00,2025-12-17 04:45:00,2025-12-16 00:00:00,2025-12-17 00:00:00,2025-12-17 00:00:00,2025-12-16 00:00:00,2025-12-16 00:00:00,,day,2025-01-01 00:00:00,2025-01-01 00:00:00,2025-12-31 00:00:00,year,2025,1,1,1,1,1,1,1,1,1,1,1,tie,tie,tie
gdelt_575adea5,ru,Жалоба в ООН за выдворение из Беларуси,2026-03-05 21:45:00,2026-03-05 21:45:00,2026-03-05 00:00:00,2026-03-05 00:00:00,2026-03-05 00:00:00,2026-03-05 00:00:00,2026-03-05 00:00:00,,day,,,,,,0,0,0,0,0,0,0,0,0,0,0,na,na,na
gdelt_5792f69d,sq,Itali : Megafabrikë nën tokë - prodhim i paligjshëm cigaresh – DW – 28 / 09 / 2025,2025-09-28 19:15:00,2025-09-28 19:15:00,2025-09-28 00:00:00,2025-09-28 00:00:00,2025-09-28 00:00:00,2025-09-28 00:00:00,2025-09-28 00:00:00,,day,2025-01-01 00:00:00,2025-01-01 00:00:00,2025-12-31 00:00:00,year,28 / 09 / 2025,1,1,1,1,1,1,1,1,1,1,1,tie,tie,tie
gdelt_579720bd,en,Delhi Red Fort blast kills 13 : What happened as police invoke  terror  law ? | Crime News,2025-11-11 16:15:00,2025-11-11 16:15:00,2025-11-11 00:00:00,2025-11-11 00:00:00,2025-11-11 00:00:00,2025-11-11 00:00:00,2025-11-11 00:00:00,,day,,,,,,0,0,0,0,0,0,0,0,0,0,0,na,na,na
gdelt_57c6008a,ru,В Венесуэле из тюрьмы освобождены правозащитник и активисты,2026-02-02 10:00:00,2026-02-02 10:00:00,2026-02-02 00:00:00,2026-02-02 00:00:00,2026-02-02 00:00:00,2026-02-02 00:00:00,2026-02-02 00:00:00,,day,,,,,,0,0,0,0,0,0,0,0,0,0,0,na,na,na
gdelt_57ea487b,tr,Almanya Başbakanı Merzten Körfez ülkelerine kritik ziyaret,2026-02-04 21:45:00,2026-02-04 21:45:00,2026-02-04 00:00:00,2026-02-04 00:00:00,2026-02-04 00:00:00,2026-02-04 00:00:00,2026-02-04 00:00:00,,day,,,,,,0,0,0,0,0,0,0,0,0,0,0,na,na,na
gdelt_583318bd,en,Commentary : Amazon layoffs show how AI is coming for India,2025-11-04 06:45:00,2025-11-04 06:45:00,2025-11-04 00:00:00,2025-11-04 00:00:00,2025-11-04 00:00:00,2025-11-04 00:00:00,2025-11-04 00:00:00,,day,,,,,,0,0,0,0,0,0,0,0,0,0,0,na,na,na
gdelt_584023b2,ko,"中 닝샤 , 양조용 포도밭 카본싱크 거래 첫걸음 - Xinhua",2025-12-22 13:30:00,2025-12-22 13:30:00,2025-12-22 00:00:00,2025-12-22 00:00:00,2025-12-22 00:00:00,2025-12-22 00:00:00,2025-12-22 00:00:00,,day,,,,,,0,0,0,0,0,0,0,0,0,0,0,na,na,na
gdelt_58445e09,de,Wal strandet an Ostseeküste : Kann er gerettet werden ? ,2026-03-23 20:45:00,2026-03-23 20:45:00,2026-01-01 00:00:00,2026-03-23 00:00:00,2026-03-23 00:00:00,2026-01-01 00:00:00,2026-01-01 00:00:00,,day,,,,,,0,0,0,0,0,0,0,0,0,0,0,na,na,na
gdelt_584dfacc,en,"Jail , caning for man who cursed at NEA officers over discarded cigarette , tried to rob store wielding metal rod",2025-07-21 13:30:00,2025-07-21 13:30:00,2025-07-21 00:00:00,2025-07-21 00:00:00,2025-07-21 00:00:00,2025-07-21 00:00:00,2025-07-21 00:00:00,,day,,,,,,0,0,0,0,0,0,0,0,0,0,0,na,na,na
gdelt_588069fd,en,"  Little hands , big heart : How a young family community projects are inspiring others",2026-02-16 15:00:00,2026-02-16 15:00:00,2026-02-16 00:00:00,2026-02-16 00:00:00,2026-02-16 00:00:00,2026-02-16 00:00:00,2026-02-16 00:00:00,,day,,,,,,0,0,0,0,0,0,0,0,0,0,0,na,na,na
gdelt_592d0226,en,  Im terrified after sixth car crashed into my home  ,2026-01-14 16:30:00,2026-01-14 16:30:00,2026-01-14 00:00:00,2026-01-14 00:00:00,2026-01-14 00:00:00,2026-01-14 00:00:00,2026-01-14 00:00:00,,day,,,,,,0,0,0,0,0,0,0,0,0,0,0,na,na,na
gdelt_594fdc5c,en,Two dead and eight critically injured after shooting at Brown University,2025-12-14 09:30:00,2025-12-14 09:30:00,2025-12-14 00:00:00,2025-12-14 00:00:00,2025-12-14 00:00:00,2025-12-14 00:00:00,2025-12-14 00:00:00,,day,,,,,,0,0,0,0,0,0,0,0,0,0,0,na,na,na
gdelt_59581c33,sw,"Watu 100 wafukiwa na maporomoko ya ardhi huko Masisi , DRC",2026-03-08 18:45:00,2026-03-08 18:45:00,2026-03-08 00:00:00,2026-03-08 00:00:00,2026-03-08 00:00:00,2026-03-08 00:00:00,2026-03-08 00:00:00,,day,,,,,,0,0,0,0,0,0,0,0,0,0,0,na,na,na
gdelt_5974670b,es,"Japón emite aviso de tsunami tras temblor de magnitud 6 , 7 – DW – 09 / 11 / 2025",2025-11-09 21:15:00,2025-11-09 21:15:00,2025-11-09 00:00:00,2025-11-09 00:00:00,2025-11-09 00:00:00,2025-11-09 00:00:00,2025-11-09 00:00:00,,day,2025-01-01 00:00:00,2025-01-01 00:00:00,2025-12-31 00:00:00,year,09 / 11 / 2025,1,1,1,1,1,1,1,1,1,1,1,tie,tie,tie
gdelt_59e4a2c2,en,"No Pride , no Palestine : Bundestag boss claims neutrality – DW – 06 / 30 / 2025",2025-07-02 13:15:00,2025-06-30 00:00:00,2025-06-30 00:00:00,2025-06-30 00:00:00,2025-06-30 00:00:00,2025-06-30 00:00:00,2025-06-30 00:00:00,,day,2025-01-01 00:00:00,2025-01-01 00:00:00,2025-12-31 00:00:00,year,06 / 30 / 2025,1,1,1,1,1,1,1,1,1,1,1,tie,tie,tie
gdelt_5a19c421,en,How Trump absence marks leadership opportunity for China at G20 | Business and Economy News,2025-11-21 15:15:00,2025-11-21 15:15:00,2025-11-21 00:00:00,2025-11-21 00:00:00,2025-11-21 00:00:00,2025-11-21 00:00:00,2025-11-21 00:00:00,,day,,,,,,0,0,0,0,0,0,0,0,0,0,0,na,na,na
gdelt_5a1a2597,en,Australian PM announces intelligence review as country mourns Bondi attack,2025-12-21 14:30:00,2025-12-21 14:30:00,2025-12-21 00:00:00,2025-12-21 00:00:00,2025-12-21 00:00:00,2025-12-21 00:00:00,2025-12-21 00:00:00,,day,,,,,,0,0,0,0,0,0,0,0,0,0,0,na,na,na
gdelt_5a98b176,ko,江苏出台21项措施推动游艇业发展 _ 新华网江苏频道,2025-12-16 11:30:00,2025-12-16 11:30:00,2025-12-16 00:00:00,2025-12-16 00:00:00,2025-12-16 00:00:00,2025-12-16 00:00:00,2025-12-16 00:00:00,,day,,,,,,0,0,0,0,0,0,0,0,0,0,0,na,na,na
gdelt_5af9f01d,ko,闽浙首条跨省公交线路开通 - 新华网,2025-11-27 11:45:00,2025-11-27 11:45:00,2025-11-27 00:00:00,2025-11-27 00:00:00,2025-11-27 00:00:00,2025-11-27 00:00:00,2025-11-27 00:00:00,,day,,,,,,0,0,0,0,0,0,0,0,0,0,0,na,na,na
gdelt_5b2627c7,en,Madagascar President Rajoelina warns of attempted coup – DW – 10 / 12 / 2025,2025-10-12 16:00:00,2025-10-12 16:00:00,2025-10-12 00:00:00,2025-10-12 00:00:00,2025-10-12 00:00:00,2025-10-12 00:00:00,2025-10-12 00:00:00,,day,2025-01-01 00:00:00,2025-01-01 00:00:00,2025-12-31 00:00:00,year,10 / 12 / 2025,1,1,1,1,1,1,1,1,1,1,1,tie,tie,tie
gdelt_5b48fb11,en,Typhoon Podul blows through southern Taiwan leaving one person missing,2025-08-13 19:00:00,2025-08-13 19:00:00,2025-08-13 00:00:00,2025-08-13 00:00:00,2025-08-13 00:00:00,2025-08-13 00:00:00,2025-08-13 00:00:00,,day,,,,,,0,0,0,0,0,0,0,0,0,0,0,na,na,na
gdelt_5b52198d,en,Singapore and Shanghai mark 35 years of ties with cultural showcase,2025-10-27 09:45:00,1990-10-27 09:45:00,2025-10-27 00:00:00,1990-10-27 00:00:00,1990-10-27 00:00:00,2025-10-27 00:00:00,2025-10-27 00:00:00,,day,,,,,,0,0,0,0,0,0,0,0,0,0,0,na,na,na
gdelt_5b641929,en,"Malaysia king to MPs : National interests over state rights , anti - corruption fight continues",2026-01-19 20:15:00,2026-01-19 20:15:00,2026-01-19 00:00:00,2026-01-19 00:00:00,2026-01-19 00:00:00,2026-01-19 00:00:00,2026-01-19 00:00:00,,day,,,,,,0,0,0,0,0,0,0,0,0,0,0,na,na,na
gdelt_5b967055,tr,Grammy 2026 :  Yılın en büyük müzik ödüllerinin favorileri ve ilkleri,2026-02-01 15:00:00,2026-02-01 15:00:00,2026-02-01 00:00:00,2026-02-01 00:00:00,2026-02-01 00:00:00,2026-01-01 00:00:00,2026-12-31 00:00:00,,year,2026-01-01 00:00:00,2026-01-01 00:00:00,2026-12-31 00:00:00,year,2026,1,1,1,1,1,1,1,1,1,1,1,tie,tie,tie
gdelt_5be07577,en,Finales del torneo de tenis China Open 2025 | Spanish . xinhuanet . com,2025-10-06 15:15:00,2025-10-06 15:15:00,2025-10-06 00:00:00,2025-10-06 00:00:00,2025-10-06 00:00:00,2025-01-01 00:00:00,2025-12-31 00:00:00,,year,2025-01-01 00:00:00,2025-01-01 00:00:00,2025-12-31 00:00:00,year,2025 |,1,1,1,1,1,1,1,1,1,1,1,tie,tie,tie
gdelt_5bfba997,en,Japan deep - sea hunt finds rare earths as it seeks to cut reliance on China,2026-02-02 19:45:00,2026-02-02 19:45:00,2026-02-02 00:00:00,2026-02-02 00:00:00,2026-02-02 00:00:00,2026-02-02 00:00:00,2026-02-02 00:00:00,,day,,,,,,0,0,0,0,0,0,0,0,0,0,0,na,na,na
gdelt_5c0b0852,en,US accuses Iran in plot to kill Israeli ambassador in Mexico,2025-11-08 08:30:00,2025-11-08 08:30:00,2025-11-08 00:00:00,2025-11-08 00:00:00,2025-11-08 00:00:00,2025-11-08 00:00:00,2025-11-08 00:00:00,,day,,,,,,0,0,0,0,0,0,0,0,0,0,0,na,na,na
gdelt_5c4d2267,en,Malaysia unemployment rate hits 11 - year low amid strengthening ringgit,2026-01-10 11:15:00,2026-11-10 00:00:00,2026-01-01 00:00:00,2026-11-10 00:00:00,2026-11-10 00:00:00,2026-01-01 00:00:00,2026-01-01 00:00:00,,day,,,,,,0,0,0,0,0,0,0,0,0,0,0,na,na,na
gdelt_5c67173f,en,Deep Dive - US seizure of Venezuela president : What it means for smaller countries like Singapore,2026-01-07 11:00:00,2026-01-07 11:00:00,2026-01-07 00:00:00,2026-01-07 00:00:00,2026-01-07 00:00:00,2026-01-07 00:00:00,2026-01-07 00:00:00,,day,,,,,,0,0,0,0,0,0,0,0,0,0,0,na,na,na
gdelt_5c706f14,ko,福建浦城 ： 以  大美术  赋能文化兴村 - 新华网,2026-03-22 22:15:00,2026-03-22 22:15:00,2026-03-22 00:00:00,2026-03-22 00:00:00,2026-03-22 00:00:00,2026-03-22 00:00:00,2026-03-22 00:00:00,,day,,,,,,0,0,0,0,0,0,0,0,0,0,0,na,na,na
gdelt_5caef907,id,PM Jepang Ishiba Tegaskan Tetap Menjabat Meski Kalah Pemilu – DW – 21 . 07 . 2025,2025-07-21 14:15:00,2025-07-21 14:15:00,2025-07-21 00:00:00,2025-07-21 00:00:00,2025-07-21 00:00:00,2025-07-21 00:00:00,2025-07-21 00:00:00,,day,2025-01-01 00:00:00,2025-01-01 00:00:00,2025-12-31 00:00:00,year,2025,1,1,1,1,1,1,1,1,1,1,1,tie,tie,tie
gdelt_5d231625,en,Germany news : Vice Chancellor Klingbeil in China for talks – DW – 11 / 17 / 2025,2025-11-17 17:00:00,2025-11-17 00:00:00,2025-11-17 00:00:00,2025-11-17 00:00:00,2025-11-17 00:00:00,2025-11-17 00:00:00,2025-11-17 00:00:00,,day,2025-01-01 00:00:00,2025-01-01 00:00:00,2025-12-31 00:00:00,year,11 / 17 / 2025,1,1,1,1,1,1,1,1,1,1,1,tie,tie,tie
gdelt_5d579426,en,"Man Utd ownership latest : Turki Al - Sheikh tweet ,  drag - along  rights and who could be interested ? ",2025-10-11 13:45:00,2025-10-11 13:45:00,2025-10-11 00:00:00,2025-10-11 00:00:00,2025-10-11 00:00:00,2025-10-11 00:00:00,2025-10-11 00:00:00,,day,,,,,,0,0,0,0,0,0,0,0,0,0,0,na,na,na
gdelt_5d629bbc,en,Why Ohio State should feel optimistic in 2026 and what still needs to be fixed,2026-01-16 22:30:00,2026-01-16 00:00:00,2026-01-16 00:00:00,2026-01-16 00:00:00,2026-01-16 00:00:00,2026-01-01 00:00:00,2026-12-31 00:00:00,,year,2026-01-01 00:00:00,2026-01-01 00:00:00,2026-12-31 00:00:00,year,in 2026,1,1,1,1,1,1,1,1,1,1,1,tie,tie,tie
gdelt_5e1ad10b,zh-cn,2025环塔 | 中国环塔国际拉力赛收官 - 新华网,2025-06-02 14:45:00,2025-06-02 00:00:00,2025-06-02 00:00:00,2025-06-02 00:00:00,2025-06-02 00:00:00,2025-01-01 00:00:00,2025-12-31 00:00:00,,year,,,,,,0,0,0,0,0,0,0,0,0,0,0,na,na,na
gdelt_5e20753b,en,  What our fault ?: India expulsion of Pakistanis still splits families | Conflict,2025-12-04 14:30:00,2025-12-04 14:30:00,2025-12-04 00:00:00,2025-12-04 00:00:00,2025-12-04 00:00:00,2025-12-04 00:00:00,2025-12-04 00:00:00,,day,,,,,,0,0,0,0,0,0,0,0,0,0,0,na,na,na
gdelt_5e3d8b2f,en,KPop Demon Hunters goes Golden on Billboard with chart - topping hit,2025-08-12 14:00:00,2025-08-12 14:00:00,2025-08-12 00:00:00,2025-08-12 00:00:00,2025-08-12 00:00:00,2025-08-12 00:00:00,2025-08-12 00:00:00,,day,,,,,,0,0,0,0,0,0,0,0,0,0,0,na,na,na
gdelt_5e66e32c,tr,Merkelin açık kapı politikasının sonuçları ne oldu ? – DW – 31 . 08 . 2025,2025-08-31 15:00:00,2025-08-31 15:00:00,2025-08-31 00:00:00,2025-08-31 00:00:00,2025-08-31 00:00:00,2025-08-31 00:00:00,2025-08-31 00:00:00,,day,2025-01-01 00:00:00,2025-01-01 00:00:00,2025-12-31 00:00:00,year,2025,1,1,1,1,1,1,1,1,1,1,1,tie,tie,tie
gdelt_5ec4549d,et,ABD ordusu Rus petrol tankerine el koydu – DW – 07 . 01 . 2026,2026-01-08 05:30:00,2026-01-08 05:30:00,2026-01-07 00:00:00,2026-01-08 00:00:00,2026-01-08 00:00:00,2026-01-07 00:00:00,2026-01-07 00:00:00,,day,2026-01-01 00:00:00,2026-01-01 00:00:00,2026-12-31 00:00:00,year,2026,1,1,1,1,1,1,1,1,1,1,1,tie,tie,tie
gdelt_5ecb3a33,ca,Australia critica a Netanyahu por llamar  débil  a Albanese – DW – 20 / 08 / 2025,2025-08-20 11:45:00,2025-08-20 11:45:00,2025-08-20 00:00:00,2025-08-20 00:00:00,2025-08-20 00:00:00,2025-08-20 00:00:00,2025-08-20 00:00:00,,day,2025-01-01 00:00:00,2025-01-01 00:00:00,2025-12-31 00:00:00,year,20 / 08 / 2025,1,1,1,1,1,1,1,1,1,1,1,tie,tie,tie
gdelt_5ecb846f,en,Battle of the Beanfield : Calls for a public inquiry into violence,2025-06-03 00:15:00,2025-06-03 00:15:00,2025-06-03 00:00:00,2025-06-03 00:00:00,2025-06-03 00:00:00,2025-06-03 00:00:00,2025-06-03 00:00:00,,day,,,,,,0,0,0,0,0,0,0,0,0,0,0,na,na,na
gdelt_5edb96be,zh-cn,浙江省浙商涉外法律服务中心启用 - 新华网,2025-11-24 11:15:00,2025-11-24 11:15:00,2025-11-24 00:00:00,2025-11-24 00:00:00,2025-11-24 00:00:00,2025-11-24 00:00:00,2025-11-24 00:00:00,,day,,,,,,0,0,0,0,0,0,0,0,0,0,0,na,na,na
gdelt_5eece6c4,en,49er offseason project : Restocking their once - powerful receiving corps,2025-11-22 20:00:00,2025-11-22 20:00:00,2025-11-22 00:00:00,2025-11-22 00:00:00,2025-11-22 00:00:00,2025-11-22 00:00:00,2025-11-22 00:00:00,,day,,,,,,0,0,0,0,0,0,0,0,0,0,0,na,na,na
gdelt_5f650381,en,Covid Inquiry : Care homes had  fragile  workforce at start of pandemic,2025-07-22 03:15:00,2025-07-22 03:15:00,2025-07-22 00:00:00,2025-07-22 00:00:00,2025-07-22 00:00:00,2025-07-22 00:00:00,2025-07-22 00:00:00,,day,,,,,,0,0,0,0,0,0,0,0,0,0,0,na,na,na
gdelt_5fa5f05c,zh-cn,浙江探索全要素OPC社区生态 赋能人工智能  超级个体  创业 - 新华网,2026-03-22 20:15:00,2026-03-22 20:15:00,2026-03-22 00:00:00,2026-03-22 00:00:00,2026-03-22 00:00:00,2026-03-22 00:00:00,2026-03-22 00:00:00,,day,,,,,,0,0,0,0,0,0,0,0,0,0,0,na,na,na
gdelt_5fbaf983,en,Critically ill children arrive in Scotland from Gaza,2025-09-16 02:30:00,2025-09-16 02:30:00,2025-09-16 00:00:00,2025-09-16 00:00:00,2025-09-16 00:00:00,2025-09-16 00:00:00,2025-09-16 00:00:00,,day,,,,,,0,0,0,0,0,0,0,0,0,0,0,na,na,na
gdelt_5fcac2b4,ur,پاکستان میں مبینہ ٹیکس فراڈ پر گرفتاری سمیت ایف بی آر کے وہ نئے اختیارات جن پر کاروباری افراد فکر مند ہیں,2025-07-20 23:30:00,2025-07-20 23:30:00,2025-07-20 00:00:00,2025-07-20 00:00:00,2025-07-20 00:00:00,2025-07-20 00:00:00,2025-07-20 00:00:00,,day,,,,,,0,0,0,0,0,0,0,0,0,0,0,na,na,na
gdelt_5ff9c9a5,tr,Zayıflama iğnesini bırakanlar dört kat hızla kilo alıyor – DW – 08 . 01 . 2026,2026-01-08 19:45:00,2026-01-08 19:45:00,2026-01-08 00:00:00,2026-01-08 00:00:00,2026-01-08 00:00:00,2026-01-08 00:00:00,2026-01-08 00:00:00,,day,2026-01-01 00:00:00,2026-01-01 00:00:00,2026-12-31 00:00:00,year,2026,1,1,1,1,1,1,1,1,1,1,1,tie,tie,tie
gdelt_5ffc5f84,en,US politicians attend event to celebrate links to Northern Ireland,2026-03-19 16:30:00,2026-03-19 16:30:00,2026-03-19 00:00:00,2026-03-19 00:00:00,2026-03-19 00:00:00,2026-03-19 00:00:00,2026-03-19 00:00:00,,day,,,,,,0,0,0,0,0,0,0,0,0,0,0,na,na,na
gdelt_608f5d4e,en,Calls for London Aquarium penguins to be released,2025-10-19 23:45:00,2025-10-19 23:45:00,2025-10-19 00:00:00,2025-10-19 00:00:00,2025-10-19 00:00:00,2025-10-19 00:00:00,2025-10-19 00:00:00,,day,,,,,,0,0,0,0,0,0,0,0,0,0,0,na,na,na
gdelt_609f275c,tl,Al Hilal yatoka sare na St Éloi Lupopo – DW – 01 . 12 . 2025,2025-12-01 21:00:00,2025-12-01 21:00:00,2025-12-01 00:00:00,2025-12-01 00:00:00,2025-12-01 00:00:00,2025-12-01 00:00:00,2025-12-01 00:00:00,,day,2025-01-01 00:00:00,2025-01-01 00:00:00,2025-12-31 00:00:00,year,2025,1,1,1,1,1,1,1,1,1,1,1,tie,tie,tie
gdelt_60aa8f77,no,Zelenskyy and Trump talk amid possible Tomahawk delivery – DW – 10 / 12 / 2025,2025-10-13 03:45:00,2025-10-13 03:45:00,2025-12-10 00:00:00,2025-10-13 00:00:00,2025-10-13 00:00:00,2025-12-10 00:00:00,2025-12-10 00:00:00,,day,2025-01-01 00:00:00,2025-01-01 00:00:00,2025-12-31 00:00:00,year,10 / 12 / 2025,1,1,1,1,1,1,1,1,1,1,1,tie,tie,tie
gdelt_618f3784,ur,  زندہ انسانوں کا قبرستان : ٹرمپ دور میں بے دخل کیے گئے افراد پر ایل سلواڈور کی بدنام زمانہ جیل میں کیا گزری ؟ ,2025-08-19 02:45:00,2025-08-19 02:45:00,2025-08-19 00:00:00,2025-08-19 00:00:00,2025-08-19 00:00:00,2025-08-19 00:00:00,2025-08-19 00:00:00,,day,,,,,,0,0,0,0,0,0,0,0,0,0,0,na,na,na
gdelt_61a52209,en,Commentary : There one easy solution to the AI porn problem,2026-01-14 08:00:00,2026-01-14 08:00:00,2026-01-14 00:00:00,2026-01-14 00:00:00,2026-01-14 00:00:00,2026-01-14 00:00:00,2026-01-14 00:00:00,,day,,,,,,0,0,0,0,0,0,0,0,0,0,0,na,na,na
gdelt_624edd00,en,Cinema legend Robert Redford dead at 89,2025-09-17 03:00:00,2025-09-17 03:00:00,2025-09-17 00:00:00,2025-09-17 00:00:00,2025-09-17 00:00:00,2025-09-17 00:00:00,2025-09-17 00:00:00,,day,,,,,,0,0,0,0,0,0,0,0,0,0,0,na,na,na
gdelt_625142a4,ko,云南 ： 奋力开创城市高质量发展新局面 _ 新华网,2025-10-12 11:30:00,2025-10-12 11:30:00,2025-10-12 00:00:00,2025-10-12 00:00:00,2025-10-12 00:00:00,2025-10-12 00:00:00,2025-10-12 00:00:00,,day,,,,,,0,0,0,0,0,0,0,0,0,0,0,na,na,na
gdelt_629508e1,en,Spinning genocide : How is Israel using US PR firms to frame its Gaza war ? ,2025-10-31 02:30:00,2025-10-31 02:30:00,2025-10-31 00:00:00,2025-10-31 00:00:00,2025-10-31 00:00:00,2025-10-31 00:00:00,2025-10-31 00:00:00,,day,,,,,,0,0,0,0,0,0,0,0,0,0,0,na,na,na
gdelt_62c9dee6,zh-cn,2025  把青春华章写在祖国大地上  大思政课网络主题宣传和互动引导活动在河海大学举行 _ 新华网江苏频道,2025-10-13 15:30:00,2025-10-13 15:30:00,2025-10-13 00:00:00,2025-10-13 00:00:00,2025-10-13 00:00:00,2025-01-01 00:00:00,2025-12-31 00:00:00,,year,2025-01-01 00:00:00,2025-01-01 00:00:00,2025-12-31 00:00:00,year,2025,1,1,1,1,1,1,1,1,1,1,1,tie,tie,tie
gdelt_62d1e957,tr,İran savaşı : İranda internet erişimi yüzde 1  e düştü,2026-03-11 01:00:00,2026-03-11 01:00:00,2026-03-11 00:00:00,2026-03-11 00:00:00,2026-03-11 00:00:00,2026-03-11 00:00:00,2026-03-11 00:00:00,,day,,,,,,0,0,0,0,0,0,0,0,0,0,0,na,na,na
gdelt_6328eb8c,en,Italy Meloni condemns anti - Olympics protesters in Milan | Olympics News,2026-02-09 02:45:00,2026-02-09 02:45:00,2026-02-09 00:00:00,2026-02-09 00:00:00,2026-02-09 00:00:00,2026-02-09 00:00:00,2026-02-09 00:00:00,,day,,,,,,0,0,0,0,0,0,0,0,0,0,0,na,na,na
gdelt_63537db1,en,"War on Iran : Projectiles strike fuel tankers in Iraqi waters , setting them ablaze",2026-03-12 22:15:00,2026-03-12 22:15:00,2026-03-12 00:00:00,2026-03-12 00:00:00,2026-03-12 00:00:00,2026-03-12 00:00:00,2026-03-12 00:00:00,,day,,,,,,0,0,0,0,0,0,0,0,0,0,0,na,na,na
gdelt_637afc9c,pt,Trump demite  Barbie do ICE  e nomeia senador para o cargo,2026-03-06 06:15:00,2026-03-06 06:15:00,2026-03-01 00:00:00,2026-03-06 00:00:00,2026-03-06 00:00:00,2026-03-01 00:00:00,2026-03-01 00:00:00,,day,,,,,,0,0,0,0,0,0,0,0,0,0,0,na,na,na
gdelt_63aaf42b,zh-cn,埃文 · 凯尔新书 《 敢为 》 深圳首发 - 新华网,2025-08-17 09:00:00,2025-08-17 09:00:00,2025-08-17 00:00:00,2025-08-17 00:00:00,2025-08-17 00:00:00,2025-08-17 00:00:00,2025-08-17 00:00:00,,day,,,,,,0,0,0,0,0,0,0,0,0,0,0,na,na,na
gdelt_63cf8306,en,"Charlie Kirk shooting suspect not cooperating with authorities , Utah governor says",2025-09-15 08:30:00,2025-09-15 08:30:00,2025-09-15 00:00:00,2025-09-15 00:00:00,2025-09-15 00:00:00,2025-09-15 00:00:00,2025-09-15 00:00:00,,day,,,,,,0,0,0,0,0,0,0,0,0,0,0,na,na,na
gdelt_63e9a7e1,en,Flax : The historic plant making a comeback in Northern Ireland,2025-09-14 16:15:00,2025-09-14 16:15:00,2025-09-14 00:00:00,2025-09-14 00:00:00,2025-09-14 00:00:00,2025-09-14 00:00:00,2025-09-14 00:00:00,,day,,,,,,0,0,0,0,0,0,0,0,0,0,0,na,na,na
gdelt_63ee49c3,en,IN FOCUS : How can we help people with dementia find their way home when they are lost ? ,2025-08-13 06:30:00,2025-08-13 06:30:00,2025-08-13 00:00:00,2025-08-13 00:00:00,2025-08-13 00:00:00,2025-08-13 00:00:00,2025-08-13 00:00:00,,day,,,,,,0,0,0,0,0,0,0,0,0,0,0,na,na,na
gdelt_641f1e21,en,Ecuador arrests five for alleged presidential assassination attempt,2025-10-08 10:00:00,2025-10-08 10:00:00,2025-10-08 00:00:00,2025-10-08 00:00:00,2025-10-08 00:00:00,2025-10-08 00:00:00,2025-10-08 00:00:00,,day,,,,,,0,0,0,0,0,0,0,0,0,0,0,na,na,na
gdelt_6463323a,es,Trump afirma que Irán está  negociando seriamente  con EE . UU . ,2026-02-01 17:00:00,2026-02-01 17:00:00,2026-02-01 00:00:00,2026-02-01 00:00:00,2026-02-01 00:00:00,2026-02-01 00:00:00,2026-02-01 00:00:00,,day,,,,,,0,0,0,0,0,0,0,0,0,0,0,na,na,na
gdelt_6480669d,en,"Guardians pitcher Emmanuel Clase used coded language , rigged pitch in playoff game : Feds",2026-02-14 09:15:00,2026-02-14 09:15:00,2026-02-14 00:00:00,2026-02-14 00:00:00,2026-02-14 00:00:00,2026-02-14 00:00:00,2026-02-14 00:00:00,,day,,,,,,0,0,0,0,0,0,0,0,0,0,0,na,na,na
gdelt_64a9032d,en,"Russia - Ukraine war : List of key events , day 1 , 412",2026-01-06 11:30:00,2026-01-06 11:30:00,2026-01-06 00:00:00,2026-01-06 00:00:00,2026-01-06 00:00:00,2026-01-06 00:00:00,2026-01-06 00:00:00,,day,,,,,,0,0,0,0,0,0,0,0,0,0,0,na,na,na
gdelt_64d73f83,fa,آتش‌سوزی در قایق‌های جشنواره آتش‌بازی تابستانی در ژاپن,2025-08-06 04:45:00,2025-08-06 04:45:00,2025-08-06 00:00:00,2025-08-06 00:00:00,2025-08-06 00:00:00,2025-08-06 00:00:00,2025-08-06 00:00:00,,day,,,,,,0,0,0,0,0,0,0,0,0,0,0,na,na,na
gdelt_64e45548,ko,中 경제브리핑 ... 싼야 펑황국제공항 제3터미널 정식 개장 - Xinhua,2026-02-08 12:00:00,2026-02-08 12:00:00,2026-02-08 00:00:00,2026-02-08 00:00:00,2026-02-08 00:00:00,2026-02-08 00:00:00,2026-02-08 00:00:00,,day,,,,,,0,0,0,0,0,0,0,0,0,0,0,na,na,na
gdelt_65464f36,en,Trump will be hosted by King at Windsor during second state visit,2025-07-14 08:00:00,2025-07-14 08:00:00,2025-07-14 00:00:00,2025-07-14 00:00:00,2025-07-14 00:00:00,2025-07-14 00:00:00,2025-07-14 00:00:00,,day,,,,,,0,0,0,0,0,0,0,0,0,0,0,na,na,na
gdelt_655f7f5a,en,"Boroughbridge grandmother grows 4 , 000 trees in her back garden",2025-08-04 16:00:00,2025-08-04 16:00:00,2025-08-04 00:00:00,2025-08-04 00:00:00,2025-08-04 00:00:00,2025-08-04 00:00:00,2025-08-04 00:00:00,,day,,,,,,0,0,0,0,0,0,0,0,0,0,0,na,na,na
gdelt_65ad8a26,zh-cn,辽宁朝阳 ： 九九消费季  在北票天鹅湾启动 - 新华网辽宁频道,2025-12-22 10:00:00,2025-12-22 10:00:00,2025-12-22 00:00:00,2025-12-22 00:00:00,2025-12-22 00:00:00,2025-12-22 00:00:00,2025-12-22 00:00:00,,day,,,,,,0,0,0,0,0,0,0,0,0,0,0,na,na,na
gdelt_66c63500,en,"Israeli military prepares to relocate residents to southern Gaza , spokesperson says",2025-08-17 09:30:00,2025-08-17 09:30:00,2025-08-17 00:00:00,2025-08-17 00:00:00,2025-08-17 00:00:00,2025-08-17 00:00:00,2025-08-17 00:00:00,,day,,,,,,0,0,0,0,0,0,0,0,0,0,0,na,na,na
gdelt_67ad5833,ko,"中 , 지난 5년간 수자원 보호에 약 1천200조원 투입 - Xinhua",2026-01-12 10:15:00,2026-01-12 10:15:00,2026-01-12 00:00:00,2026-01-12 00:00:00,2026-01-12 00:00:00,2026-01-12 00:00:00,2026-01-12 00:00:00,,day,,,,,,0,0,0,0,0,0,0,0,0,0,0,na,na,na
gdelt_67b3fca6,es,Niños participan en actividades de verano en Shandong | Spanish . xinhuanet . com,2025-07-06 14:00:00,2025-07-06 14:00:00,2025-07-06 00:00:00,2025-07-06 00:00:00,2025-07-06 00:00:00,2025-07-06 00:00:00,2025-07-06 00:00:00,,day,,,,,,0,0,0,0,0,0,0,0,0,0,0,na,na,na
gdelt_6842bbd1,en,Former North Yorkshire Police officer visits dog unit he set up in 1960s,2025-12-15 19:00:00,2025-12-15 18:27:20,2025-12-15 00:00:00,2025-12-15 00:00:00,2025-12-15 00:00:00,2025-12-15 00:00:00,2025-12-15 00:00:00,,day,2025-01-01 00:00:00,2025-01-01 00:00:00,2025-12-31 00:00:00,year,in 1960s,1,1,1,1,1,1,1,1,1,1,1,tie,tie,tie
gdelt_6901193b,el,Η Τουρκία θέλει διαρκή ρόλο στη Γάζα – DW – 13 / 10 / 2025,2025-10-13 20:15:00,2025-10-13 20:15:00,2025-10-13 00:00:00,2025-10-13 00:00:00,2025-10-13 00:00:00,2025-10-13 00:00:00,2025-10-13 00:00:00,,day,2025-01-01 00:00:00,2025-01-01 00:00:00,2025-12-31 00:00:00,year,13 / 10 / 2025,1,1,1,1,1,1,1,1,1,1,1,tie,tie,tie
gdelt_6912bc5a,en,Dont Tell These Australians They Cant Have a Pet Crocodile,2025-07-02 12:30:00,2025-07-02 12:30:00,2025-07-02 00:00:00,2025-07-02 00:00:00,2025-07-02 00:00:00,2025-07-02 00:00:00,2025-07-02 00:00:00,,day,,,,,,0,0,0,0,0,0,0,0,0,0,0,na,na,na
gdelt_694a4db5,en,Is the CIA planning to arm Kurdish forces to spark an uprising in Iran ? ,2026-03-04 23:45:00,2026-03-04 23:45:00,2026-03-04 00:00:00,2026-03-04 00:00:00,2026-03-04 00:00:00,2026-03-04 00:00:00,2026-03-04 00:00:00,,day,,,,,,0,0,0,0,0,0,0,0,0,0,0,na,na,na
gdelt_695e13b1,sw,Watu 29 wamefariki katika maandamano dhidi ya serikali Iran – DW – 06 . 01 . 2026,2026-01-06 10:00:00,2026-01-06 00:00:00,2026-01-06 00:00:00,2026-01-06 00:00:00,2026-01-06 00:00:00,2026-01-06 00:00:00,2026-01-06 00:00:00,,day,2026-01-01 00:00:00,2026-01-01 00:00:00,2026-12-31 00:00:00,year,2026,1,1,1,1,1,1,1,1,1,1,1,tie,tie,tie
gdelt_698485f4,en,"North Korea Kim Jong Un fires vice premier , publicly rebukes officials | Kim Jong Un News",2026-01-20 15:30:00,2026-01-20 15:30:00,2026-01-20 00:00:00,2026-01-20 00:00:00,2026-01-20 00:00:00,2026-01-20 00:00:00,2026-01-20 00:00:00,,day,,,,,,0,0,0,0,0,0,0,0,0,0,0,na,na,na
gdelt_69c9f198,en,"Highlights : Trump , Putin wrap up Alaska summit with no concrete deal but hint at future talks",2025-08-16 11:45:00,2025-08-16 11:45:00,2025-08-16 00:00:00,2025-08-16 00:00:00,2025-08-16 00:00:00,2025-08-16 00:00:00,2025-08-16 00:00:00,,day,,,,,,0,0,0,0,0,0,0,0,0,0,0,na,na,na
gdelt_6a0f806f,en,"CNA Explains : What are Roblox and Gorebox , and how might they be used for radicalisation ? ",2026-01-28 20:00:00,2026-01-28 20:00:00,2026-01-28 00:00:00,2026-01-28 00:00:00,2026-01-28 00:00:00,2026-01-28 00:00:00,2026-01-28 00:00:00,,day,,,,,,0,0,0,0,0,0,0,0,0,0,0,na,na,na
gdelt_6a1da614,ro,Maia Sandu la Strasbourg : Europa se află în două războaie,2026-01-27 23:45:00,2026-01-27 23:45:00,2026-01-27 00:00:00,2026-01-27 00:00:00,2026-01-27 00:00:00,2026-01-27 00:00:00,2026-01-27 00:00:00,,day,,,,,,0,0,0,0,0,0,0,0,0,0,0,na,na,na
gdelt_6a395947,ko,街头艺术点亮新春 雄安街头艺术汇首场演出精彩上演 - 新华网河北频道 - 新华网,2026-02-15 16:45:00,2026-02-15 16:45:00,2026-02-15 00:00:00,2026-02-15 00:00:00,2026-02-15 00:00:00,2026-02-15 00:00:00,2026-02-15 00:00:00,,day,,,,,,0,0,0,0,0,0,0,0,0,0,0,na,na,na
gdelt_6a5404ff,en,"BBC director general : Who are the candidates , and will anybody want the job ? ",2025-11-13 18:15:00,2025-11-13 18:15:00,2025-11-13 00:00:00,2025-11-13 00:00:00,2025-11-13 00:00:00,2025-11-13 00:00:00,2025-11-13 00:00:00,,day,,,,,,0,0,0,0,0,0,0,0,0,0,0,na,na,na
gdelt_6a71064f,en,Trump administration opens criminal probe into Fed Chair Jerome Powell,2026-01-12 11:00:00,2026-01-12 11:00:00,2026-01-12 00:00:00,2026-01-12 00:00:00,2026-01-12 00:00:00,2026-01-12 00:00:00,2026-01-12 00:00:00,,day,,,,,,0,0,0,0,0,0,0,0,0,0,0,na,na,na
gdelt_6a9763c1,en,"Important for  likeminded  partners to work together in an uncertain world , says DPM Gan after India trip",2025-08-14 12:15:00,2025-08-14 12:15:00,2025-08-14 00:00:00,2025-08-14 00:00:00,2025-08-14 00:00:00,2025-08-14 00:00:00,2025-08-14 00:00:00,,day,,,,,,0,0,0,0,0,0,0,0,0,0,0,na,na,na
gdelt_6aacf5f5,en,"Wigan homebuyers  got £10 , 000 off by mucking in on site  ",2025-07-28 14:00:00,2025-07-28 14:00:00,2025-07-28 00:00:00,2025-07-28 00:00:00,2025-07-28 00:00:00,2025-07-28 00:00:00,2025-07-28 00:00:00,,day,,,,,,0,0,0,0,0,0,0,0,0,0,0,na,na,na
gdelt_6ab3281f,mk,Скопје воведува ноќна забрана за отпад – казни до 1 . 800 евра – DW – 17 . 11 . 2025,2025-11-17 22:30:00,2025-11-17 22:30:00,2025-11-17 00:00:00,2025-11-17 00:00:00,2025-11-17 00:00:00,2025-11-17 00:00:00,2025-11-17 00:00:00,,day,2025-01-01 00:00:00,2025-01-01 00:00:00,2025-12-31 00:00:00,year,2025,1,1,1,1,1,1,1,1,1,1,1,tie,tie,tie
gdelt_6ab67cae,en,"André Burakovsky , Frank Nazar find redemption , reward in Blackhawk OT win over Mammoth",2026-03-11 01:45:00,2026-03-11 01:45:00,2026-03-11 00:00:00,2026-03-11 00:00:00,2026-03-11 00:00:00,2026-03-11 00:00:00,2026-03-11 00:00:00,,day,,,,,,0,0,0,0,0,0,0,0,0,0,0,na,na,na
gdelt_6ad905b6,en,North Korea watches and learns as US attacks Iran,2026-03-18 21:15:00,2026-03-18 21:15:00,2026-03-18 00:00:00,2026-03-18 00:00:00,2026-03-18 00:00:00,2026-03-18 00:00:00,2026-03-18 00:00:00,,day,,,,,,0,0,0,0,0,0,0,0,0,0,0,na,na,na
gdelt_6ae5d9dc,fr,Ukraine updates : Kyiv set to quit anti - land mine treaty – DW – 06 / 29 / 2025,2025-07-02 13:15:00,2025-07-02 13:15:00,2025-06-29 00:00:00,2025-07-02 00:00:00,2025-07-02 00:00:00,2025-06-29 00:00:00,2025-06-29 00:00:00,,day,2025-01-01 00:00:00,2025-01-01 00:00:00,2025-12-31 00:00:00,year,06 / 29 / 2025,1,1,1,1,1,1,1,1,1,1,1,tie,tie,tie
gdelt_6af287c7,en,Campaign group formed to oppose Yorkshire Dales wind farm plans,2025-12-08 18:30:00,2025-12-08 18:30:00,2025-12-08 00:00:00,2025-12-08 00:00:00,2025-12-08 00:00:00,2025-12-08 00:00:00,2025-12-08 00:00:00,,day,,,,,,0,0,0,0,0,0,0,0,0,0,0,na,na,na
gdelt_6b2f1e80,es,"Hundimiento de barco deja dos muertos y tres desaparecidos frente a Java Oriental , Indonesia",2025-07-14 21:15:00,2025-07-14 21:15:00,2025-07-01 00:00:00,2025-07-14 00:00:00,2025-07-14 00:00:00,2025-07-01 00:00:00,2025-07-01 00:00:00,,day,,,,,,0,0,0,0,0,0,0,0,0,0,0,na,na,na
gdelt_6b8924c2,en,"Cyan Boujee video : Social media recruitment for jobs in Russia na scam , South Africa tok",2025-08-26 03:15:00,2025-08-26 03:15:00,2025-08-26 00:00:00,2025-08-26 00:00:00,2025-08-26 00:00:00,2025-08-26 00:00:00,2025-08-26 00:00:00,,day,,,,,,0,0,0,0,0,0,0,0,0,0,0,na,na,na
gdelt_6b8b417a,en,"Sri Lanka set to regain economic output lost to crisis , Dissanayake says",2025-11-07 21:00:00,2025-11-07 21:00:00,2025-11-07 00:00:00,2025-11-07 00:00:00,2025-11-07 00:00:00,2025-11-07 00:00:00,2025-11-07 00:00:00,,day,,,,,,0,0,0,0,0,0,0,0,0,0,0,na,na,na
gdelt_6b8fd1f2,en,"Israel says it launched  special , targeted operation in southern Lebanon | Israel attacks Lebanon News",2025-07-09 23:00:00,2025-07-09 23:00:00,2025-07-09 00:00:00,2025-07-09 00:00:00,2025-07-09 00:00:00,2025-07-09 00:00:00,2025-07-09 00:00:00,,day,,,,,,0,0,0,0,0,0,0,0,0,0,0,na,na,na
gdelt_6be4e4fe,en,Local polytechnics deepening partnerships with industry to help train students in AI,2026-01-11 23:45:00,2026-01-11 23:45:00,2026-01-11 00:00:00,2026-01-11 00:00:00,2026-01-11 00:00:00,2026-01-11 00:00:00,2026-01-11 00:00:00,,day,,,,,,0,0,0,0,0,0,0,0,0,0,0,na,na,na
gdelt_6bff80a6,zh-cn,云南年货寄递开启  春运  模式 _ 新华网,2026-01-21 13:30:00,2026-01-21 13:30:00,2026-01-01 00:00:00,2026-01-21 00:00:00,2026-01-21 00:00:00,2026-01-01 00:00:00,2026-01-01 00:00:00,,day,,,,,,0,0,0,0,0,0,0,0,0,0,0,na,na,na
gdelt_6d06221d,en,The AI job cuts are here - or are they ? ,2025-10-29 11:00:00,2025-10-29 11:00:00,2025-10-29 00:00:00,2025-10-29 00:00:00,2025-10-29 00:00:00,2025-10-29 00:00:00,2025-10-29 00:00:00,,day,,,,,,0,0,0,0,0,0,0,0,0,0,0,na,na,na
gdelt_6d2c0559,uk,Грузія : штурм президентського палацу розколов опозицію – DW – 05 . 10 . 2025,2025-10-05 22:45:00,2025-10-05 22:45:00,2025-10-05 00:00:00,2025-10-05 00:00:00,2025-10-05 00:00:00,2025-10-05 00:00:00,2025-10-05 00:00:00,,day,2025-01-01 00:00:00,2025-01-01 00:00:00,2025-12-31 00:00:00,year,2025,1,1,1,1,1,1,1,1,1,1,1,tie,tie,tie
gdelt_6d4c3f8d,hr,Zločin u Tuzli i Sarajevu : Krah zaštite djece – DW – 06 . 11 . 2025,2025-11-06 14:45:00,2025-11-06 14:45:00,2025-11-06 00:00:00,2025-11-06 00:00:00,2025-11-06 00:00:00,2025-11-06 00:00:00,2025-11-06 00:00:00,,day,2025-01-01 00:00:00,2025-01-01 00:00:00,2025-12-31 00:00:00,year,2025,1,1,1,1,1,1,1,1,1,1,1,tie,tie,tie
gdelt_6d6cceef,sw,"Venezuela yamuapisha rais wa mpito , Maduro akana mashtaka katika mahakama ya Marekani",2026-01-06 14:00:00,2026-01-06 14:00:00,2026-01-06 00:00:00,2026-01-06 00:00:00,2026-01-06 00:00:00,2026-01-06 00:00:00,2026-01-06 00:00:00,,day,,,,,,0,0,0,0,0,0,0,0,0,0,0,na,na,na
gdelt_6d781a19,en,"36 Hours in Grand Junction , Colo .: Things to Do and See",2026-03-12 17:45:00,2026-03-11 05:45:00,2026-03-11 00:00:00,2026-03-11 00:00:00,2026-03-11 00:00:00,2026-03-11 00:00:00,2026-03-11 00:00:00,,day,,,,,,0,0,0,0,0,0,0,0,0,0,0,na,na,na
gdelt_6d8b7a9c,it,Sara Duterte : Philippine vice - president to run for president in 2028,2026-02-18 12:15:00,2026-02-18 12:15:00,2028-01-01 00:00:00,2026-02-18 00:00:00,2026-02-18 00:00:00,2028-01-01 00:00:00,2028-12-31 00:00:00,,year,2028-01-01 00:00:00,2028-01-01 00:00:00,2028-12-31 00:00:00,year,in 2028,1,1,0,1,0,1,0,1,0,1,1,v2_better,v2_better,v2_better
gdelt_6da93668,es,"Instalación de fábrica de firma china BYD marca nueva fase de industrialización en Brasil , resalta Lula",2025-07-03 09:45:00,2025-07-03 09:45:00,2025-07-03 00:00:00,2025-07-03 00:00:00,2025-07-03 00:00:00,2025-07-03 00:00:00,2025-07-03 00:00:00,,day,,,,,,0,0,0,0,0,0,0,0,0,0,0,na,na,na
gdelt_6dccfd11,uk,ПС ЗСУ про нічну атаку РФ : влучання балістики і 12 дронів,2026-02-02 19:15:00,2026-02-02 19:15:00,2026-02-02 00:00:00,2026-02-02 00:00:00,2026-02-02 00:00:00,2026-02-02 00:00:00,2026-02-02 00:00:00,,day,,,,,,0,0,0,0,0,0,0,0,0,0,0,na,na,na
gdelt_6e232a42,en,"Russia using Belarus territory to bypass Ukraine defences , says Zelenskyy | Russia - Ukraine war News",2025-12-27 13:00:00,2025-12-27 13:00:00,2025-12-27 00:00:00,2025-12-27 00:00:00,2025-12-27 00:00:00,2025-12-27 00:00:00,2025-12-27 00:00:00,,day,,,,,,0,0,0,0,0,0,0,0,0,0,0,na,na,na
gdelt_6f0798f1,pl,Wypadek Flixbusa w Niemczech . Na pokładzie byli też Polacy – DW – 04 . 07 . 2025,2025-07-04 17:45:00,2025-07-04 17:45:00,2025-07-04 00:00:00,2025-07-04 00:00:00,2025-07-04 00:00:00,2025-07-04 00:00:00,2025-07-04 00:00:00,,day,2025-01-01 00:00:00,2025-01-01 00:00:00,2025-12-31 00:00:00,year,2025,1,1,1,1,1,1,1,1,1,1,1,tie,tie,tie
gdelt_6f977ccc,ko,敦煌悬泉置文化展示中心建成揭牌 - 新华网,2025-09-21 13:30:00,2025-09-21 13:30:00,2025-09-21 00:00:00,2025-09-21 00:00:00,2025-09-21 00:00:00,2025-09-21 00:00:00,2025-09-21 00:00:00,,day,,,,,,0,0,0,0,0,0,0,0,0,0,0,na,na,na
gdelt_6ffbc7a4,en,"Driver in Tampines chain collision that killed 2 , including Junior College student , to plead guilty",2025-07-31 12:15:00,2025-07-31 12:15:00,2025-07-31 00:00:00,2025-07-31 00:00:00,2025-07-31 00:00:00,2025-07-31 00:00:00,2025-07-31 00:00:00,,day,,,,,,0,0,0,0,0,0,0,0,0,0,0,na,na,na
gdelt_70206a79,el,Ωφελεί τελικά η κατάργηση εθνικών αργιών ; – DW – 02 / 09 / 2025,2025-09-02 14:45:00,2025-09-02 14:45:00,2025-09-02 00:00:00,2025-09-02 00:00:00,2025-09-02 00:00:00,2025-09-02 00:00:00,2025-09-02 00:00:00,,day,2025-01-01 00:00:00,2025-01-01 00:00:00,2025-12-31 00:00:00,year,02 / 09 / 2025,1,1,1,1,1,1,1,1,1,1,1,tie,tie,tie
gdelt_703c2d5f,unknown,ප්‍රධාන පුවත් - BBC News සිංහල,2025-11-24 23:15:00,2025-11-24 23:15:00,2025-11-24 00:00:00,2025-11-24 00:00:00,2025-11-24 00:00:00,2025-11-24 00:00:00,2025-11-24 00:00:00,,day,,,,,,0,0,0,0,0,0,0,0,0,0,0,na,na,na
gdelt_704242dd,zh-cn,三亚亚沙会集体项目分组抽签结果揭晓 - 新华网,2026-03-19 09:15:00,2026-03-19 09:15:00,2026-03-01 00:00:00,2026-03-19 00:00:00,2026-03-19 00:00:00,2026-03-01 00:00:00,2026-03-01 00:00:00,,day,,,,,,0,0,0,0,0,0,0,0,0,0,0,na,na,na
gdelt_7055a17a,ur,غزہ میں امدادی مقامات کی سکیورٹی پر مامور اسلام مخالف  امریکی بائیکر گینگ  جس کے ارکان خود کو  صلیبی جنگجو  کہتے ہیں,2025-09-14 16:45:00,2025-09-14 16:45:00,2025-09-14 00:00:00,2025-09-14 00:00:00,2025-09-14 00:00:00,2025-09-14 00:00:00,2025-09-14 00:00:00,,day,,,,,,0,0,0,0,0,0,0,0,0,0,0,na,na,na
gdelt_70abf79d,en,"Border clash between Ugandan , South Sudanese troops kills at least four",2025-07-30 22:45:00,2025-07-30 22:45:00,2025-07-30 00:00:00,2025-07-30 00:00:00,2025-07-30 00:00:00,2025-07-30 00:00:00,2025-07-30 00:00:00,,day,,,,,,0,0,0,0,0,0,0,0,0,0,0,na,na,na
gdelt_70e285b5,da,Yen dips as rate hike talk fades ; sterling lifted by united kingdom budget,2025-11-27 08:30:00,2025-11-27 08:30:00,2025-01-01 00:00:00,2025-11-27 00:00:00,2025-11-27 00:00:00,2025-01-01 00:00:00,2025-01-01 00:00:00,,day,,,,,,0,0,0,0,0,0,0,0,0,0,0,na,na,na
gdelt_70eb9bbc,en,"MDC Brooklyn , the notorious prison housing Maduro and his wife",2026-01-06 10:30:00,2026-01-06 10:30:00,2026-01-06 00:00:00,2026-01-06 00:00:00,2026-01-06 00:00:00,2026-01-06 00:00:00,2026-01-06 00:00:00,,day,,,,,,0,0,0,0,0,0,0,0,0,0,0,na,na,na
gdelt_70efe21d,en,Iranian helicopter confronts US warship approaching territorial waters,2025-07-24 13:00:00,2025-07-24 13:00:00,2025-07-24 00:00:00,2025-07-24 00:00:00,2025-07-24 00:00:00,2025-07-24 00:00:00,2025-07-24 00:00:00,,day,,,,,,0,0,0,0,0,0,0,0,0,0,0,na,na,na
gdelt_70f75667,en,BTS stars Jimin and Jungkook discharged from military service as K - pop group reunion nears,2025-06-11 10:00:00,2025-06-11 10:00:00,2025-06-11 00:00:00,2025-06-11 00:00:00,2025-06-11 00:00:00,2025-06-11 00:00:00,2025-06-11 00:00:00,,day,,,,,,0,0,0,0,0,0,0,0,0,0,0,na,na,na
gdelt_70feee40,pt,O que motiva as crianças a aprenderem ( e o que não funciona ) ,2026-03-23 06:00:00,2026-03-23 06:00:00,2026-03-23 00:00:00,2026-03-23 00:00:00,2026-03-23 00:00:00,2026-03-23 00:00:00,2026-03-23 00:00:00,,day,,,,,,0,0,0,0,0,0,0,0,0,0,0,na,na,na
gdelt_710270e7,ru,США отложат удары по энергетике Ирана на пять дней,2026-03-23 22:45:00,2026-03-23 22:45:00,2026-03-18 00:00:00,2026-03-23 00:00:00,2026-03-23 00:00:00,2026-03-18 00:00:00,2026-03-18 00:00:00,,day,,,,,,0,0,0,0,0,0,0,0,0,0,0,na,na,na
gdelt_711e7d93,en,"Harry Potter book sells for £6 , 000 at Nottingham auction",2026-02-15 20:30:00,2026-02-15 20:30:00,2026-02-15 00:00:00,2026-02-15 00:00:00,2026-02-15 00:00:00,2026-02-15 00:00:00,2026-02-15 00:00:00,,day,,,,,,0,0,0,0,0,0,0,0,0,0,0,na,na,na
gdelt_71702cda,hi,जोहरान ममदानी ने जीता न्यूयॉर्क मेयर का चुनाव – DW – 05 . 11 . 2025,2025-11-05 18:15:00,2025-11-05 18:15:00,2025-11-05 00:00:00,2025-11-05 00:00:00,2025-11-05 00:00:00,2025-11-05 00:00:00,2025-11-05 00:00:00,,day,2025-01-01 00:00:00,2025-01-01 00:00:00,2025-12-31 00:00:00,year,2025,1,1,1,1,1,1,1,1,1,1,1,tie,tie,tie
gdelt_71d71f5c,fr,SpaceX annule un vol test de sa fusée Starship en raison des conditions météorologiques - Xinhua,2025-08-26 14:00:00,2025-08-26 14:00:00,2025-08-23 00:00:00,2025-08-26 00:00:00,2025-08-26 00:00:00,2025-08-23 00:00:00,2025-08-23 00:00:00,,day,,,,,,0,0,0,0,0,0,0,0,0,0,0,na,na,na
gdelt_7209247a,ko,湖南省邵阳市委原常委 、 市人民政府原副市长仇珂静被开除党籍和公职 - 新华网,2025-11-03 15:30:00,2025-11-03 15:30:00,2025-11-03 00:00:00,2025-11-03 00:00:00,2025-11-03 00:00:00,2025-11-03 00:00:00,2025-11-03 00:00:00,,day,,,,,,0,0,0,0,0,0,0,0,0,0,0,na,na,na
gdelt_7209c98a,fr,Trump assure que les Etats - Unis nenverront pas de troupes terrestres en Ukraine - Xinhua,2025-08-20 10:30:00,2025-08-20 10:30:00,2025-08-20 00:00:00,2025-08-20 00:00:00,2025-08-20 00:00:00,2025-08-20 00:00:00,2025-08-20 00:00:00,,day,,,,,,0,0,0,0,0,0,0,0,0,0,0,na,na,na
gdelt_7224adc2,en,"Target  divisive  Reform in 2026 , Keir Starmer tells ministers",2026-01-06 23:45:00,2026-01-06 00:00:00,2026-01-06 00:00:00,2026-01-06 00:00:00,2026-01-06 00:00:00,2026-01-01 00:00:00,2026-12-31 00:00:00,,year,2026-01-01 00:00:00,2026-01-01 00:00:00,2026-12-31 00:00:00,year,in 2026,1,1,1,1,1,1,1,1,1,1,1,tie,tie,tie
gdelt_72462b66,en,Cruck Cottage at Torthorwald hopes to upgrade visitor offering,2026-01-28 10:30:00,2026-01-28 10:30:00,2026-01-28 00:00:00,2026-01-28 00:00:00,2026-01-28 00:00:00,2026-01-28 00:00:00,2026-01-28 00:00:00,,day,,,,,,0,0,0,0,0,0,0,0,0,0,0,na,na,na
gdelt_72f21d38,en,"Migrant sex offender deported from united kingdom , government says",2025-10-29 14:30:00,2025-10-29 14:30:00,2025-10-29 00:00:00,2025-10-29 00:00:00,2025-10-29 00:00:00,2025-10-29 00:00:00,2025-10-29 00:00:00,,day,,,,,,0,0,0,0,0,0,0,0,0,0,0,na,na,na
gdelt_73741016,en,Tropical storm kills at least three in Vietnam,2025-11-30 19:30:00,2025-11-30 19:30:00,2025-11-30 00:00:00,2025-11-30 00:00:00,2025-11-30 00:00:00,2025-11-30 00:00:00,2025-11-30 00:00:00,,day,,,,,,0,0,0,0,0,0,0,0,0,0,0,na,na,na
gdelt_737484d3,sq,Prokuroria speciale : 180 vite burg për Thaҫin dhe të tjerë,2026-02-10 05:00:00,2026-02-10 05:00:00,2026-02-05 00:00:00,2026-02-10 00:00:00,2026-02-10 00:00:00,2026-02-05 00:00:00,2026-02-05 00:00:00,,day,,,,,,0,0,0,0,0,0,0,0,0,0,0,na,na,na
gdelt_7384dcc3,en,Eight killed in explosion near Red Fort in India Delhi,2025-11-11 09:00:00,2025-11-11 09:00:00,2025-11-11 00:00:00,2025-11-11 00:00:00,2025-11-11 00:00:00,2025-11-11 00:00:00,2025-11-11 00:00:00,,day,,,,,,0,0,0,0,0,0,0,0,0,0,0,na,na,na
gdelt_739a64ed,zh-cn,贵阳很凉快 美食超好吃 - 新华网,2025-08-26 15:00:00,2025-08-26 15:00:00,2025-08-26 00:00:00,2025-08-26 00:00:00,2025-08-26 00:00:00,2025-08-26 00:00:00,2025-08-26 00:00:00,,day,,,,,,0,0,0,0,0,0,0,0,0,0,0,na,na,na
gdelt_73b296a6,so,Australia kuongeza msaada Gaza baada ya maandamano Sydney – DW – 04 . 08 . 2025,2025-08-04 13:30:00,2025-08-04 13:30:00,2025-08-04 00:00:00,2025-08-04 00:00:00,2025-08-04 00:00:00,2025-08-04 00:00:00,2025-08-04 00:00:00,,day,2025-01-01 00:00:00,2025-01-01 00:00:00,2025-12-31 00:00:00,year,2025,1,1,1,1,1,1,1,1,1,1,1,tie,tie,tie
gdelt_742c3761,zh-cn,你到底吃了多少隐藏的糖份 ？ - BBC News 中文,2025-11-11 08:45:00,2025-11-11 08:45:00,2025-11-11 00:00:00,2025-11-11 00:00:00,2025-11-11 00:00:00,2025-11-11 00:00:00,2025-11-11 00:00:00,,day,,,,,,0,0,0,0,0,0,0,0,0,0,0,na,na,na
gdelt_744b8763,en,J . J . McCarthy and Vikings offense process to be tested following Falcons loss,2025-09-15 23:15:00,2025-09-15 23:15:00,2025-09-15 00:00:00,2025-09-15 00:00:00,2025-09-15 00:00:00,2025-09-15 00:00:00,2025-09-15 00:00:00,,day,,,,,,0,0,0,0,0,0,0,0,0,0,0,na,na,na
gdelt_744d2066,uk,Негода у ФРН : десятки ДТП і перебої в роботі транспорту,2026-01-26 21:15:00,2026-01-26 21:15:00,2026-01-26 00:00:00,2026-01-26 00:00:00,2026-01-26 00:00:00,2026-01-26 00:00:00,2026-01-26 00:00:00,,day,,,,,,0,0,0,0,0,0,0,0,0,0,0,na,na,na
gdelt_7516df5a,es,"China continuará manteniendo comunicación con EEUU respecto a visita de Trump , afirma portavoz",2026-03-18 21:00:00,2026-03-18 21:00:00,2026-03-01 00:00:00,2026-03-18 00:00:00,2026-03-18 00:00:00,2026-03-01 00:00:00,2026-03-01 00:00:00,,day,,,,,,0,0,0,0,0,0,0,0,0,0,0,na,na,na
gdelt_752370d1,en,Mobuoy : Calls for public inquiry over one of Europe largest illegal dumps,2025-06-09 14:15:00,2025-06-09 14:15:00,2025-06-09 00:00:00,2025-06-09 00:00:00,2025-06-09 00:00:00,2025-06-09 00:00:00,2025-06-09 00:00:00,,day,,,,,,0,0,0,0,0,0,0,0,0,0,0,na,na,na
gdelt_752e0d32,pt,Por que brasileiros não são considerados latinos nos EUA ? ,2026-02-17 04:45:00,2026-02-17 04:45:00,2026-02-17 00:00:00,2026-02-17 00:00:00,2026-02-17 00:00:00,2026-02-17 00:00:00,2026-02-17 00:00:00,,day,,,,,,0,0,0,0,0,0,0,0,0,0,0,na,na,na
gdelt_75862c16,zh-cn,锚定  双循环 ， 构建全球供应链网络 访厦门建发股份有限公司总经理程东方 - 新华网,2025-09-07 22:15:00,2025-09-07 22:15:00,2025-09-07 00:00:00,2025-09-07 00:00:00,2025-09-07 00:00:00,2025-09-07 00:00:00,2025-09-07 00:00:00,,day,,,,,,0,0,0,0,0,0,0,0,0,0,0,na,na,na
gdelt_761ee65b,en,The  aura farming  Indonesian boy who back at this year boat race,2025-08-29 06:45:00,2025-08-29 06:45:00,2025-08-29 00:00:00,2025-08-29 00:00:00,2025-08-29 00:00:00,2025-08-29 00:00:00,2025-08-29 00:00:00,,day,2025-01-01 00:00:00,2025-01-01 00:00:00,2025-12-31 00:00:00,year,this year,1,1,1,1,1,1,1,1,1,1,1,tie,tie,tie
gdelt_766d19ae,cy,Saif al - Islam Gaddafi auawa,2026-02-04 12:15:00,2026-02-04 12:15:00,2026-02-04 00:00:00,2026-02-04 00:00:00,2026-02-04 00:00:00,2026-02-04 00:00:00,2026-02-04 00:00:00,,day,,,,,,0,0,0,0,0,0,0,0,0,0,0,na,na,na
gdelt_76dba56d,en,"Hope , flags , fireworks as Syria starts to celebrate a year without al - Assad",2025-12-07 16:45:00,2024-12-07 16:45:00,2024-12-07 00:00:00,2024-12-07 00:00:00,2024-12-07 00:00:00,2024-12-07 00:00:00,2024-12-07 00:00:00,,day,,,,,,0,0,0,0,0,0,0,0,0,0,0,na,na,na
gdelt_770c9b7f,en,Jessica Tan on Public Sector ( Governance ) ( Amendment ) Bill,2026-01-12 16:15:00,2026-01-12 16:15:00,2026-01-12 00:00:00,2026-01-12 00:00:00,2026-01-12 00:00:00,2026-01-12 00:00:00,2026-01-12 00:00:00,,day,,,,,,0,0,0,0,0,0,0,0,0,0,0,na,na,na
gdelt_77300412,pt,Presidente de Xinhua se reúne con director de Centro Sur | Spanish . xinhuanet . com,2026-02-25 10:15:00,2026-02-25 10:15:00,2026-12-01 00:00:00,2026-02-25 00:00:00,2026-02-25 00:00:00,2026-12-01 00:00:00,2026-12-01 00:00:00,,day,,,,,,0,0,0,0,0,0,0,0,0,0,0,na,na,na
gdelt_7731e24e,en,Yvette Cooper yet to agree deal three days before spending review,2025-06-09 05:30:00,2025-06-06 05:30:00,2025-06-06 00:00:00,2025-06-06 00:00:00,2025-06-06 00:00:00,2025-06-06 00:00:00,2025-06-06 00:00:00,,day,,,,,,0,0,0,0,0,0,0,0,0,0,0,na,na,na
gdelt_77c060c2,en,US envoy Steve Witkoff suggests Gaza ceasefire deal is close,2025-07-09 04:45:00,2025-07-09 04:45:00,2025-07-09 00:00:00,2025-07-09 00:00:00,2025-07-09 00:00:00,2025-07-09 00:00:00,2025-07-09 00:00:00,,day,,,,,,0,0,0,0,0,0,0,0,0,0,0,na,na,na
gdelt_77ca590d,en,"LIVE : Israel ban on 37 aid groups kicks in , Gaza starts 2026 with despair | Israel - Palestine conflict News",2026-01-01 18:30:00,2037-01-01 00:00:00,2026-01-01 00:00:00,2037-01-01 00:00:00,2037-01-01 00:00:00,2026-01-01 00:00:00,2026-12-31 00:00:00,,year,2026-01-01 00:00:00,2026-01-01 00:00:00,2026-12-31 00:00:00,year,2026,1,1,0,1,0,1,0,1,0,1,1,v2_better,v2_better,v2_better
gdelt_77ee76a0,ca,Ex - oficiais de Israel apelam a Trump para acabar com guerra – DW – 04 / 08 / 2025,2025-08-05 01:30:00,2025-08-05 01:30:00,2025-08-04 00:00:00,2025-08-05 00:00:00,2025-08-05 00:00:00,2025-08-04 00:00:00,2025-08-04 00:00:00,,day,2025-01-01 00:00:00,2025-01-01 00:00:00,2025-12-31 00:00:00,year,04 / 08 / 2025,1,1,1,1,1,1,1,1,1,1,1,tie,tie,tie
gdelt_781ba32c,en,Fake it till you make it ? Inside China  pretend to work  trend as youth face surging unemployment,2025-09-09 06:30:00,2025-09-09 06:30:00,2025-09-09 00:00:00,2025-09-09 00:00:00,2025-09-09 00:00:00,2025-09-09 00:00:00,2025-09-09 00:00:00,,day,,,,,,0,0,0,0,0,0,0,0,0,0,0,na,na,na
gdelt_78569572,ru,Атака БПЛА на Саратовскую область : под ударом НПЗ – DW – 03 . 11 . 2025,2025-11-03 17:00:00,2025-11-03 17:00:00,2025-11-03 00:00:00,2025-11-03 00:00:00,2025-11-03 00:00:00,2025-11-03 00:00:00,2025-11-03 00:00:00,,day,2025-01-01 00:00:00,2025-01-01 00:00:00,2025-12-31 00:00:00,year,2025,1,1,1,1,1,1,1,1,1,1,1,tie,tie,tie
gdelt_788efc1a,fr,ONU : le représentant de lIran exhorte le Conseil de sécurité à agir avec fermeté face aux frappes américano - israéliennes - Xinhua,2026-03-03 16:00:00,2026-03-03 16:00:00,2026-03-03 00:00:00,2026-03-03 00:00:00,2026-03-03 00:00:00,2026-03-03 00:00:00,2026-03-03 00:00:00,,day,,,,,,0,0,0,0,0,0,0,0,0,0,0,na,na,na
gdelt_789efda6,fa,چرا جزایر ریوکیو دوباره به نقطه تنش چین و ژاپن تبدیل شده‌ است ؟ ,2025-11-23 16:30:00,2025-11-23 16:30:00,2025-11-23 00:00:00,2025-11-23 00:00:00,2025-11-23 00:00:00,2025-11-23 00:00:00,2025-11-23 00:00:00,,day,,,,,,0,0,0,0,0,0,0,0,0,0,0,na,na,na
gdelt_78c47236,fa,پاکستان ؛ وقتی سرکوب سیاسی به عمران خان محدود نمی‌شود,2026-02-03 16:00:00,2026-02-03 16:00:00,2026-02-03 00:00:00,2026-02-03 00:00:00,2026-02-03 00:00:00,2026-02-03 00:00:00,2026-02-03 00:00:00,,day,,,,,,0,0,0,0,0,0,0,0,0,0,0,na,na,na
gdelt_78eb7d00,en,"LTA investigating technical issues causing inaccurate bus timings on transport apps , bus stop displays",2026-01-21 12:30:00,2026-01-21 12:30:00,2026-01-21 00:00:00,2026-01-21 00:00:00,2026-01-21 00:00:00,2026-01-21 00:00:00,2026-01-21 00:00:00,,day,,,,,,0,0,0,0,0,0,0,0,0,0,0,na,na,na
gdelt_794bc35c,en,Is this the end for Easter Island moai statues ? ,2025-07-03 19:00:00,2025-07-03 19:00:00,2025-07-03 00:00:00,2025-07-03 00:00:00,2025-07-03 00:00:00,2025-07-03 00:00:00,2025-07-03 00:00:00,,day,,,,,,0,0,0,0,0,0,0,0,0,0,0,na,na,na
gdelt_797d57ed,en,Live : Global Sumud Flotilla reports explosions as drones fly overhead | Israel - Palestine conflict News,2025-09-24 10:45:00,2025-09-24 10:45:00,2025-09-24 00:00:00,2025-09-24 00:00:00,2025-09-24 00:00:00,2025-09-24 00:00:00,2025-09-24 00:00:00,,day,,,,,,0,0,0,0,0,0,0,0,0,0,0,na,na,na
gdelt_79882bc2,so,Sida Ukraine u fulisay weerarkii la yaabka lahaa ee loo bixiyay  Xuubka Caarada  ee lagu beegsaday Ruushka ? ,2025-06-03 16:15:00,2025-06-03 16:15:00,2025-05-31 00:00:00,2025-06-03 00:00:00,2025-06-03 00:00:00,2025-05-31 00:00:00,2025-05-31 00:00:00,,day,,,,,,0,0,0,0,0,0,0,0,0,0,0,na,na,na
gdelt_799b437c,en,FedEx sues US for refund on Trump emergency tariffs,2026-02-24 18:15:00,2026-02-24 18:15:00,2026-02-24 00:00:00,2026-02-24 00:00:00,2026-02-24 00:00:00,2026-02-24 00:00:00,2026-02-24 00:00:00,,day,,,,,,0,0,0,0,0,0,0,0,0,0,0,na,na,na
gdelt_7a01650e,en,"EU unveils long - delayed 2040 climate target , with wiggle room",2025-07-03 06:45:00,2025-07-03 06:45:00,2025-07-03 00:00:00,2025-07-03 00:00:00,2025-07-03 00:00:00,2025-07-03 00:00:00,2025-07-03 00:00:00,,day,2040-01-01 00:00:00,2040-01-01 00:00:00,2040-12-31 00:00:00,year,2040,1,1,0,0,0,0,0,0,0,0,1,tie,tie,tie
gdelt_7a33408d,ur,اسرائیل رفح کراسنگ کی مشروط بحالی پر آمادہ,2026-01-26 20:30:00,2026-01-26 20:30:00,2026-01-26 00:00:00,2026-01-26 00:00:00,2026-01-26 00:00:00,2026-01-26 00:00:00,2026-01-26 00:00:00,,day,,,,,,0,0,0,0,0,0,0,0,0,0,0,na,na,na
gdelt_7a68d570,tr,Demirtaş ve Kavala ile ilgili Konsey süreci ne aşamada ? – DW – 05 . 11 . 2025,2025-11-05 18:45:00,2025-11-05 18:45:00,2025-11-05 00:00:00,2025-11-05 00:00:00,2025-11-05 00:00:00,2025-11-05 00:00:00,2025-11-05 00:00:00,,day,2025-01-01 00:00:00,2025-01-01 00:00:00,2025-12-31 00:00:00,year,2025,1,1,1,1,1,1,1,1,1,1,1,tie,tie,tie
gdelt_7a8b9888,zh-cn,伙伴之城 ， 从交往到交融 - 新华网,2025-08-05 14:15:00,2025-08-05 14:15:00,2025-08-05 00:00:00,2025-08-05 00:00:00,2025-08-05 00:00:00,2025-08-05 00:00:00,2025-08-05 00:00:00,,day,,,,,,0,0,0,0,0,0,0,0,0,0,0,na,na,na
gdelt_7aacb732,hr,Uloga mudžahedina iz Albanije u protestima u Iranu,2026-01-21 16:15:00,2026-01-21 16:15:00,2026-01-21 00:00:00,2026-01-21 00:00:00,2026-01-21 00:00:00,2026-01-21 00:00:00,2026-01-21 00:00:00,,day,,,,,,0,0,0,0,0,0,0,0,0,0,0,na,na,na
gdelt_7ab7d1ab,en,North Korea says its latest missile tests demonstrate a new hypersonic system,2025-10-23 13:15:00,2025-10-23 13:15:00,2025-10-23 00:00:00,2025-10-23 00:00:00,2025-10-23 00:00:00,2025-10-23 00:00:00,2025-10-23 00:00:00,,day,,,,,,0,0,0,0,0,0,0,0,0,0,0,na,na,na
gdelt_7b04843c,ru,Сетевая зависимость : Google и Meta выплатят 6 млн долларов,2026-03-26 08:15:00,2026-03-26 08:15:00,2026-03-26 00:00:00,2026-03-26 00:00:00,2026-03-26 00:00:00,2026-03-26 00:00:00,2026-03-26 00:00:00,,day,,,,,,0,0,0,0,0,0,0,0,0,0,0,na,na,na
gdelt_7b4935ba,en,"Notting Hill Carnival : 140 arrested , Met Police says",2025-08-25 15:45:00,2025-08-25 15:45:00,2025-08-25 00:00:00,2025-08-25 00:00:00,2025-08-25 00:00:00,2025-08-25 00:00:00,2025-08-25 00:00:00,,day,,,,,,0,0,0,0,0,0,0,0,0,0,0,na,na,na
gdelt_7b9f7770,hr,Vučićeve  rasklimane  spoljno - političke stolice,2026-03-26 17:30:00,2026-03-26 17:30:00,2026-03-26 00:00:00,2026-03-26 00:00:00,2026-03-26 00:00:00,2026-03-26 00:00:00,2026-03-26 00:00:00,,day,,,,,,0,0,0,0,0,0,0,0,0,0,0,na,na,na
gdelt_7bad41f0,en,Complete list of Nobel Peace Prize winners ( 1901 – 2024 ) ,2025-10-10 11:15:00,1901-10-10 00:00:00,2024-12-31 00:00:00,1901-10-10 00:00:00,1901-10-10 00:00:00,2024-01-01 00:00:00,2024-12-31 00:00:00,,year,1901-01-01 00:00:00,1901-01-01 00:00:00,1901-12-31 00:00:00,year,1901,1,1,1,0,1,0,1,0,1,0,1,v1_better,v1_better,v1_better
gdelt_7be305a2,en,Charlotte Church says she  would be dead  without dad help,2026-01-07 02:45:00,2026-01-07 02:45:00,2026-01-07 00:00:00,2026-01-07 00:00:00,2026-01-07 00:00:00,2026-01-07 00:00:00,2026-01-07 00:00:00,,day,,,,,,0,0,0,0,0,0,0,0,0,0,0,na,na,na
gdelt_7be4f348,de,"Kosovo ohne Regierung , ohne Parlament und ohne Haushalt – DW – 24 . 11 . 2025",2025-11-25 00:00:00,2025-11-25 00:00:00,2025-11-24 00:00:00,2025-11-25 00:00:00,2025-11-25 00:00:00,2025-11-24 00:00:00,2025-11-24 00:00:00,,day,2025-01-01 00:00:00,2025-01-01 00:00:00,2025-12-31 00:00:00,year,2025,1,1,1,1,1,1,1,1,1,1,1,tie,tie,tie
gdelt_7c5912f6,zh-cn,看雪何必去北方 ， 直达凉都赏  雪乡 - 新华网,2026-01-06 10:30:00,2026-01-06 10:30:00,2026-01-06 00:00:00,2026-01-06 00:00:00,2026-01-06 00:00:00,2026-01-06 00:00:00,2026-01-06 00:00:00,,day,,,,,,0,0,0,0,0,0,0,0,0,0,0,na,na,na
gdelt_7c717133,zh-cn,浙江清洁能源装机突破1亿千瓦大关 - 新华网,2026-02-02 10:45:00,2026-02-02 10:45:00,2026-02-02 00:00:00,2026-02-02 00:00:00,2026-02-02 00:00:00,2026-02-02 00:00:00,2026-02-02 00:00:00,,day,,,,,,0,0,0,0,0,0,0,0,0,0,0,na,na,na
gdelt_7cd937cb,en,LIVE : Syria army shells SDF positions in Aleppo neighbourhoods | Armed Groups News,2026-01-08 21:00:00,2026-01-08 21:00:00,2026-01-08 00:00:00,2026-01-08 00:00:00,2026-01-08 00:00:00,2026-01-08 00:00:00,2026-01-08 00:00:00,,day,,,,,,0,0,0,0,0,0,0,0,0,0,0,na,na,na
gdelt_7d0abee8,zh-cn,远古发现丨科学家发现早侏罗世重要恐龙足迹组合 - 新华网,2025-11-24 20:45:00,2025-11-24 20:45:00,2025-11-24 00:00:00,2025-11-24 00:00:00,2025-11-24 00:00:00,2025-11-24 00:00:00,2025-11-24 00:00:00,,day,,,,,,0,0,0,0,0,0,0,0,0,0,0,na,na,na
gdelt_7d214e2e,fr,Les Philippines déclarent l  état durgence national en raison du typhon Kalmaegi - Xinhua,2025-11-06 17:15:00,2025-11-06 17:15:00,2025-11-06 00:00:00,2025-11-06 00:00:00,2025-11-06 00:00:00,2025-11-06 00:00:00,2025-11-06 00:00:00,,day,,,,,,0,0,0,0,0,0,0,0,0,0,0,na,na,na
gdelt_7d2f0ecd,en,Ex - abbot of China Shaolin Temple arrested for embezzlement,2025-11-16 17:00:00,2025-11-16 17:00:00,2025-11-16 00:00:00,2025-11-16 00:00:00,2025-11-16 00:00:00,2025-11-16 00:00:00,2025-11-16 00:00:00,,day,,,,,,0,0,0,0,0,0,0,0,0,0,0,na,na,na
gdelt_7d32ab07,es,"Changchun presenta oficialmente emblema , eslogan y mascotas de la Universiada de Invierno 2027",2026-03-22 14:00:00,2026-03-22 14:00:00,2027-01-01 00:00:00,2026-03-22 00:00:00,2026-03-22 00:00:00,2027-01-01 00:00:00,2027-12-31 00:00:00,,year,2027-01-01 00:00:00,2027-01-01 00:00:00,2027-12-31 00:00:00,year,2027,1,1,0,1,0,1,0,1,0,1,1,v2_better,v2_better,v2_better
gdelt_7d52481d,es,Bill y Hillary Clinton testificarán por caso Epstein,2026-02-03 11:45:00,2026-02-03 11:45:00,2026-02-03 00:00:00,2026-02-03 00:00:00,2026-02-03 00:00:00,2026-02-03 00:00:00,2026-02-03 00:00:00,,day,,,,,,0,0,0,0,0,0,0,0,0,0,0,na,na,na
gdelt_7db4dfac,en,"Trump doubles down on Greenland threats , saying there is  no going back  ",2026-01-21 10:45:00,2026-01-21 10:45:00,2026-01-21 00:00:00,2026-01-21 00:00:00,2026-01-21 00:00:00,2026-01-21 00:00:00,2026-01-21 00:00:00,,day,,,,,,0,0,0,0,0,0,0,0,0,0,0,na,na,na
gdelt_7e3bf2ea,es,Rubio no cuestiona informe sobre envenenamiento de Navalny,2026-02-16 00:30:00,2026-02-16 00:30:00,2026-02-16 00:00:00,2026-02-16 00:00:00,2026-02-16 00:00:00,2026-02-16 00:00:00,2026-02-16 00:00:00,,day,,,,,,0,0,0,0,0,0,0,0,0,0,0,na,na,na
gdelt_7e3f9430,en,Bindi Irwin :  Genuinely healing  after 13 years of endometriosis pain,2025-08-18 11:15:00,2012-08-18 11:15:00,2025-08-18 00:00:00,2012-08-18 00:00:00,2012-08-18 00:00:00,2025-08-18 00:00:00,2025-08-18 00:00:00,,day,,,,,,0,0,0,0,0,0,0,0,0,0,0,na,na,na
gdelt_7e4811da,en,Woodsmith Mine staff evacuated as Langdale Moor wildfire enters third week,2025-08-26 23:00:00,2025-08-26 23:00:00,2025-08-26 00:00:00,2025-08-26 00:00:00,2025-08-26 00:00:00,2025-08-26 00:00:00,2025-08-26 00:00:00,,day,,,,,,0,0,0,0,0,0,0,0,0,0,0,na,na,na
gdelt_7ed03852,zh-cn,凤凰山下夕阳红 _ 新华网,2025-12-22 12:00:00,2025-12-22 12:00:00,2025-12-22 00:00:00,2025-12-22 00:00:00,2025-12-22 00:00:00,2025-12-22 00:00:00,2025-12-22 00:00:00,,day,,,,,,0,0,0,0,0,0,0,0,0,0,0,na,na,na
gdelt_7ef08250,en,"SEA Games 2025 opening ceremony in Bangkok , Thailand",2025-12-10 02:15:00,2025-12-10 00:00:00,2025-12-10 00:00:00,2025-12-10 00:00:00,2025-12-10 00:00:00,2025-01-01 00:00:00,2025-12-31 00:00:00,,year,2025-01-01 00:00:00,2025-01-01 00:00:00,2025-12-31 00:00:00,year,2025,1,1,1,1,1,1,1,1,1,1,1,tie,tie,tie
gdelt_7ef7b6a8,en,"Trial begins for former Hyflux CEO Olivia Lum , ex - CFO and directors",2025-08-11 10:15:00,2025-08-11 10:15:00,2025-08-11 00:00:00,2025-08-11 00:00:00,2025-08-11 00:00:00,2025-08-11 00:00:00,2025-08-11 00:00:00,,day,,,,,,0,0,0,0,0,0,0,0,0,0,0,na,na,na
gdelt_7f1c2e89,es,Xi y presidente fiyiano intercambian felicitaciones por 50º aniversario de lazos,2025-11-05 14:45:00,2025-11-05 14:45:00,2025-11-05 00:00:00,2025-11-05 00:00:00,2025-11-05 00:00:00,2025-11-05 00:00:00,2025-11-05 00:00:00,,day,,,,,,0,0,0,0,0,0,0,0,0,0,0,na,na,na
gdelt_7f77e48c,en,The Barcelona effect on Spain : The pros and cons of a club dominating the national side,2025-07-16 15:00:00,2025-07-16 15:00:00,2025-07-16 00:00:00,2025-07-16 00:00:00,2025-07-16 00:00:00,2025-07-16 00:00:00,2025-07-16 00:00:00,,day,,,,,,0,0,0,0,0,0,0,0,0,0,0,na,na,na
gdelt_7f79ffd4,en,Takeaways from hearing to confirm surgeon general nominee Casey Means,2026-02-26 11:45:00,2026-02-26 11:45:00,2026-02-26 00:00:00,2026-02-26 00:00:00,2026-02-26 00:00:00,2026-02-26 00:00:00,2026-02-26 00:00:00,,day,,,,,,0,0,0,0,0,0,0,0,0,0,0,na,na,na
gdelt_7f8fd696,en,LIVE : Israel kills more than 50 Palestinians in war - devastated Gaza | Israel - Palestine conflict News,2025-09-24 20:15:00,2025-09-24 20:15:00,2025-09-24 00:00:00,2025-09-24 00:00:00,2025-09-24 00:00:00,2025-09-24 00:00:00,2025-09-24 00:00:00,,day,,,,,,0,0,0,0,0,0,0,0,0,0,0,na,na,na
gdelt_7fae8c2b,en,New Crewe community food store helps lower food bills,2026-03-18 17:00:00,2026-03-18 17:00:00,2026-03-18 00:00:00,2026-03-18 00:00:00,2026-03-18 00:00:00,2026-03-18 00:00:00,2026-03-18 00:00:00,,day,,,,,,0,0,0,0,0,0,0,0,0,0,0,na,na,na
gdelt_7fcb5830,en,Woody Allen pays glowing tribute to Diane Keaton,2025-10-13 23:00:00,2025-10-13 23:00:00,2025-10-13 00:00:00,2025-10-13 00:00:00,2025-10-13 00:00:00,2025-10-13 00:00:00,2025-10-13 00:00:00,,day,,,,,,0,0,0,0,0,0,0,0,0,0,0,na,na,na
gdelt_80120adf,en,"From matchmaking to meals , the Sino - Japan row ripples through everyday routines in China",2025-11-30 06:30:00,2025-11-30 06:30:00,2025-11-30 00:00:00,2025-11-30 00:00:00,2025-11-30 00:00:00,2025-11-30 00:00:00,2025-11-30 00:00:00,,day,,,,,,0,0,0,0,0,0,0,0,0,0,0,na,na,na
gdelt_80335b25,fr,La publication par Donald Trump dune image suggérant le contrôle des Etats - Unis sur le Groenland est irrespectueuse ( PM groenlandais ) - Xinhua,2026-01-21 11:15:00,2026-01-21 11:15:00,2026-01-21 00:00:00,2026-01-21 00:00:00,2026-01-21 00:00:00,2026-01-21 00:00:00,2026-01-21 00:00:00,,day,,,,,,0,0,0,0,0,0,0,0,0,0,0,na,na,na
gdelt_805b6d1e,en,Child benefit : HMRC to review thousands of suspended payments,2025-11-09 21:30:00,2025-11-09 21:30:00,2025-11-09 00:00:00,2025-11-09 00:00:00,2025-11-09 00:00:00,2025-11-09 00:00:00,2025-11-09 00:00:00,,day,,,,,,0,0,0,0,0,0,0,0,0,0,0,na,na,na
gdelt_806a44b7,en,Thai central bank chief says can cut rates further if necessary,2025-10-10 17:30:00,2025-10-10 17:30:00,2025-10-10 00:00:00,2025-10-10 00:00:00,2025-10-10 00:00:00,2025-10-10 00:00:00,2025-10-10 00:00:00,,day,,,,,,0,0,0,0,0,0,0,0,0,0,0,na,na,na
gdelt_806f4f64,en,Ukraine updates : Europe to create commission for war damages – DW – 12 / 16 / 2025,2025-12-16 19:30:00,2025-12-16 19:30:00,2025-12-16 00:00:00,2025-12-16 00:00:00,2025-12-16 00:00:00,2025-12-16 00:00:00,2025-12-16 00:00:00,,day,2025-01-01 00:00:00,2025-01-01 00:00:00,2025-12-31 00:00:00,year,12 / 16 / 2025,1,1,1,1,1,1,1,1,1,1,1,tie,tie,tie
gdelt_80755d4c,sw,Uhamiaji usiofuata taratibu washuka kwa nusu Ujerumani – DW – 02 . 01 . 2026,2026-01-02 13:30:00,2026-01-02 00:00:00,2026-01-02 00:00:00,2026-01-02 00:00:00,2026-01-02 00:00:00,2026-01-02 00:00:00,2026-01-02 00:00:00,,day,2026-01-01 00:00:00,2026-01-01 00:00:00,2026-12-31 00:00:00,year,2026,1,1,1,1,1,1,1,1,1,1,1,tie,tie,tie
gdelt_80dc96bb,hr,Šta znamo o 1 . 800 buradi s nuklearnim otpadom u Atlantiku ? – DW – 4 . 7 . 2025 . ,2025-07-04 17:45:00,2025-07-04 17:45:00,2025-07-04 00:00:00,2025-07-04 00:00:00,2025-07-04 00:00:00,2025-07-04 00:00:00,2025-07-04 00:00:00,,day,2025-01-01 00:00:00,2025-01-01 00:00:00,2025-12-31 00:00:00,year,2025,1,1,1,1,1,1,1,1,1,1,1,tie,tie,tie
gdelt_82d30c6a,en,Five European World Cup qualifiers to watch,2025-09-04 18:15:00,2025-09-04 18:15:00,2025-09-04 00:00:00,2025-09-04 00:00:00,2025-09-04 00:00:00,2025-09-04 00:00:00,2025-09-04 00:00:00,,day,,,,,,0,0,0,0,0,0,0,0,0,0,0,na,na,na
gdelt_8312f42e,id,Cek Fakta : Amankah Minum Air dari Sinkhole Sumatra Barat ? ,2026-01-22 18:15:00,2026-01-22 18:15:00,2026-01-22 00:00:00,2026-01-22 00:00:00,2026-01-22 00:00:00,2026-01-22 00:00:00,2026-01-22 00:00:00,,day,,,,,,0,0,0,0,0,0,0,0,0,0,0,na,na,na
gdelt_832195e2,zh-cn,浙江三门以体育为笔 ， 绘就城市融合共生新图景 - 新华网,2025-10-13 17:00:00,2025-10-13 17:00:00,2025-10-13 00:00:00,2025-10-13 00:00:00,2025-10-13 00:00:00,2025-10-13 00:00:00,2025-10-13 00:00:00,,day,,,,,,0,0,0,0,0,0,0,0,0,0,0,na,na,na
gdelt_839c4340,bg,"Насилие , основано на пола : как Испания се бори с фемицидите – DW – 1 . 06 . 2025",2025-06-01 22:45:00,2025-06-01 22:45:00,2025-06-01 00:00:00,2025-06-01 00:00:00,2025-06-01 00:00:00,2025-06-01 00:00:00,2025-06-01 00:00:00,,day,2025-01-01 00:00:00,2025-01-01 00:00:00,2025-12-31 00:00:00,year,2025,1,1,1,1,1,1,1,1,1,1,1,tie,tie,tie
gdelt_83a044cd,en,Inquiry finds British committed genocide on Indigenous Australians,2025-07-02 18:15:00,2025-07-02 18:15:00,2025-07-02 00:00:00,2025-07-02 00:00:00,2025-07-02 00:00:00,2025-07-02 00:00:00,2025-07-02 00:00:00,,day,,,,,,0,0,0,0,0,0,0,0,0,0,0,na,na,na
gdelt_83a9c929,en,Gazans long for end to war as Rubio says fighting not over,2025-10-06 03:45:00,2025-10-06 03:45:00,2025-10-06 00:00:00,2025-10-06 00:00:00,2025-10-06 00:00:00,2025-10-06 00:00:00,2025-10-06 00:00:00,,day,,,,,,0,0,0,0,0,0,0,0,0,0,0,na,na,na
gdelt_83cb6dfb,zh-cn,中国良种羊在乌干达  安家落户 - 新华网,2025-07-02 18:15:00,2025-07-02 18:15:00,2025-07-02 00:00:00,2025-07-02 00:00:00,2025-07-02 00:00:00,2025-07-02 00:00:00,2025-07-02 00:00:00,,day,,,,,,0,0,0,0,0,0,0,0,0,0,0,na,na,na
gdelt_8444900f,en,Nigeria maternal mortality : The world worst country to give birth,2025-06-03 07:45:00,2025-06-03 07:45:00,2025-06-03 00:00:00,2025-06-03 00:00:00,2025-06-03 00:00:00,2025-06-03 00:00:00,2025-06-03 00:00:00,,day,,,,,,0,0,0,0,0,0,0,0,0,0,0,na,na,na
gdelt_84e4f391,en,POFMA order issued to TikTok user over comments on Chinese community leadership programme,2025-09-07 16:15:00,2025-09-07 16:15:00,2025-09-07 00:00:00,2025-09-07 00:00:00,2025-09-07 00:00:00,2025-09-07 00:00:00,2025-09-07 00:00:00,,day,,,,,,0,0,0,0,0,0,0,0,0,0,0,na,na,na
gdelt_85030cc1,zh-cn,我国大模型数量超1500个 - 新华网,2025-07-28 01:15:00,2025-07-28 01:15:00,2025-07-28 00:00:00,2025-07-28 00:00:00,2025-07-28 00:00:00,2025-07-28 00:00:00,2025-07-28 00:00:00,,day,,,,,,0,0,0,0,0,0,0,0,0,0,0,na,na,na
gdelt_85a0ec8e,en,Oswestry widower backs new pancreatic cancer breath trial,2025-10-30 18:45:00,2025-10-30 18:45:00,2025-10-30 00:00:00,2025-10-30 00:00:00,2025-10-30 00:00:00,2025-10-30 00:00:00,2025-10-30 00:00:00,,day,,,,,,0,0,0,0,0,0,0,0,0,0,0,na,na,na
gdelt_85a297dd,es,Especial : Arte milenario de China cobra vida en México con espectáculo de danza Han y Tang,2025-07-07 09:15:00,2025-07-07 09:15:00,2025-07-07 00:00:00,2025-07-07 00:00:00,2025-07-07 00:00:00,2025-07-07 00:00:00,2025-07-07 00:00:00,,day,,,,,,0,0,0,0,0,0,0,0,0,0,0,na,na,na
gdelt_85c42d08,en,"From small rooms to luxury villas , a look at retirement homes in Southeast Asia",2026-01-15 09:30:00,2026-01-15 09:30:00,2026-01-15 00:00:00,2026-01-15 00:00:00,2026-01-15 00:00:00,2026-01-15 00:00:00,2026-01-15 00:00:00,,day,,,,,,0,0,0,0,0,0,0,0,0,0,0,na,na,na
gdelt_86133afb,en,"Ukraine to set out roadmap for peace at Istanbul talks , document shows",2025-06-01 23:15:00,2025-06-01 23:15:00,2025-06-01 00:00:00,2025-06-01 00:00:00,2025-06-01 00:00:00,2025-06-01 00:00:00,2025-06-01 00:00:00,,day,,,,,,0,0,0,0,0,0,0,0,0,0,0,na,na,na
gdelt_862cd3f2,zh-cn,三亚市人民医院科普作品荣获省级竞赛一等奖 - 新华网,2025-09-05 19:45:00,2025-09-05 19:45:00,2025-09-05 00:00:00,2025-09-05 00:00:00,2025-09-05 00:00:00,2025-09-05 00:00:00,2025-09-05 00:00:00,,day,,,,,,0,0,0,0,0,0,0,0,0,0,0,na,na,na
gdelt_86397dc5,en,Help for small businesses :  We love being part of the community  ,2025-12-22 15:00:00,2025-12-22 15:00:00,2025-12-17 00:00:00,2025-12-22 00:00:00,2025-12-22 00:00:00,2025-12-17 00:00:00,2025-12-17 00:00:00,,day,,,,,,0,0,0,0,0,0,0,0,0,0,0,na,na,na
gdelt_866191cb,en,Italy holds referendum on easing citizenship rules,2025-06-08 18:00:00,2025-06-08 18:00:00,2025-06-08 00:00:00,2025-06-08 00:00:00,2025-06-08 00:00:00,2025-06-08 00:00:00,2025-06-08 00:00:00,,day,,,,,,0,0,0,0,0,0,0,0,0,0,0,na,na,na
gdelt_869157a2,es,Líderes de Egipto y Francia dialogan sobre esfuerzos de mediación para cese al fuego en Gaza,2025-07-27 12:45:00,2025-07-27 12:45:00,2025-07-27 00:00:00,2025-07-27 00:00:00,2025-07-27 00:00:00,2025-07-27 00:00:00,2025-07-27 00:00:00,,day,,,,,,0,0,0,0,0,0,0,0,0,0,0,na,na,na
gdelt_871bd972,en,Call to cancel threat of prison for council tax non - payment,2026-03-23 10:00:00,2026-03-23 10:00:00,2026-03-23 00:00:00,2026-03-23 00:00:00,2026-03-23 00:00:00,2026-03-23 00:00:00,2026-03-23 00:00:00,,day,,,,,,0,0,0,0,0,0,0,0,0,0,0,na,na,na
gdelt_87453b36,en,India : Gig workers fight for fair treatment and benefits – DW – 01 / 05 / 2026,2026-01-06 00:30:00,2026-01-05 00:00:00,2026-01-05 00:00:00,2026-01-05 00:00:00,2026-01-05 00:00:00,2026-01-05 00:00:00,2026-01-05 00:00:00,,day,2026-01-01 00:00:00,2026-01-01 00:00:00,2026-12-31 00:00:00,year,01 / 05 / 2026,1,1,1,1,1,1,1,1,1,1,1,tie,tie,tie
gdelt_87456906,fr,Larmée israélienne affirme avoir intercepté un second missile tiré par les Houthis - Xinhua,2025-09-04 09:00:00,2025-09-04 09:00:00,2025-09-04 00:00:00,2025-09-04 00:00:00,2025-09-04 00:00:00,2025-09-04 00:00:00,2025-09-04 00:00:00,,day,,,,,,0,0,0,0,0,0,0,0,0,0,0,na,na,na
gdelt_879a9f74,zh-cn,当代艺术家威廉 · 肯特里奇艺术展 ： 寻根南非历史 – DW – 2025年9月7日,2025-09-07 18:45:00,2025-09-07 00:00:00,2025-09-07 00:00:00,2025-09-07 00:00:00,2025-09-07 00:00:00,2025-09-07 00:00:00,2025-09-07 00:00:00,,day,2025-09-07 00:00:00,2025-09-07 00:00:00,2025-09-07 00:00:00,day,2025年9月7日,1,1,1,1,1,1,1,1,1,1,0,tie,tie,tie
gdelt_87b1dbc9,en,Water companies to face regular MOT - style checks in industry shake - up,2026-01-20 07:00:00,2026-01-20 07:00:00,2026-01-20 00:00:00,2026-01-20 00:00:00,2026-01-20 00:00:00,2026-01-20 00:00:00,2026-01-20 00:00:00,,day,,,,,,0,0,0,0,0,0,0,0,0,0,0,na,na,na
gdelt_87ebee04,zh-cn,浙江元素接连亮相 ， 义乌首次成为央视春晚分会场 - 新华网,2026-02-17 13:45:00,2026-02-17 13:45:00,2026-02-01 00:00:00,2026-02-17 00:00:00,2026-02-17 00:00:00,2026-02-01 00:00:00,2026-02-01 00:00:00,,day,,,,,,0,0,0,0,0,0,0,0,0,0,0,na,na,na
gdelt_87ec0b21,es,"Myanmar celebrará elecciones el 28 de diciembre de 2025 , según reporte oficial",2025-08-18 20:00:00,2025-08-18 20:00:00,2025-08-18 00:00:00,2025-08-18 00:00:00,2025-08-18 00:00:00,2025-01-01 00:00:00,2025-12-31 00:00:00,,year,2025-01-01 00:00:00,2025-01-01 00:00:00,2025-12-31 00:00:00,year,28 de diciembre de 2025,1,1,1,1,1,1,1,1,1,1,1,tie,tie,tie
gdelt_87ed7ca1,zh-cn,建设现代化产业体系 巩固壮大实体经济根基 - 新华网河南频道,2026-01-27 13:00:00,2026-01-27 13:00:00,2026-01-27 00:00:00,2026-01-27 00:00:00,2026-01-27 00:00:00,2026-01-27 00:00:00,2026-01-27 00:00:00,,day,,,,,,0,0,0,0,0,0,0,0,0,0,0,na,na,na
gdelt_87ffd388,ko,福州新区智慧城市管理平台投用 - 新华网,2025-12-15 11:45:00,2025-12-15 11:45:00,2025-12-15 00:00:00,2025-12-15 00:00:00,2025-12-15 00:00:00,2025-12-15 00:00:00,2025-12-15 00:00:00,,day,,,,,,0,0,0,0,0,0,0,0,0,0,0,na,na,na
gdelt_8847041c,ko,兰州市秋季事业单位引才笔试面试安排公布 - 新华网,2025-10-29 10:45:00,2025-10-29 10:45:00,2025-10-29 00:00:00,2025-10-29 00:00:00,2025-10-29 00:00:00,2025-10-29 00:00:00,2025-10-29 00:00:00,,day,,,,,,0,0,0,0,0,0,0,0,0,0,0,na,na,na
gdelt_8890a21c,de,Künstliche Intelligenz auf dem Vormarsch – DW – 14 . 03 . 2018,2025-07-20 18:00:00,2025-07-20 18:00:00,2018-03-14 00:00:00,2025-07-20 00:00:00,2025-07-20 00:00:00,2018-03-14 00:00:00,2018-03-14 00:00:00,,day,2018-01-01 00:00:00,2018-01-01 00:00:00,2018-12-31 00:00:00,year,2018,1,1,0,1,0,1,0,1,0,1,1,v2_better,v2_better,v2_better
gdelt_88e48317,en,"Men March Madness 2026 Sweet 16 live updates : Duke - St . John underway , latest scores , updates",2026-03-28 07:45:00,2026-03-28 07:45:00,2026-03-28 00:00:00,2026-03-28 00:00:00,2026-03-28 00:00:00,2026-01-01 00:00:00,2026-12-31 00:00:00,,year,2026-01-01 00:00:00,2026-01-01 00:00:00,2026-12-31 00:00:00,year,2026,1,1,1,1,1,1,1,1,1,1,1,tie,tie,tie
gdelt_890d4c2f,en,How MI5 piled falsehood on falsehood in court in the case of a spy who abused women,2025-07-06 13:45:00,2025-07-06 13:45:00,2025-07-06 00:00:00,2025-07-06 00:00:00,2025-07-06 00:00:00,2025-07-06 00:00:00,2025-07-06 00:00:00,,day,,,,,,0,0,0,0,0,0,0,0,0,0,0,na,na,na
gdelt_896530eb,en,"Singapore telcos attacked by UNC3886 , prompting largest cyber response to date",2026-02-09 23:30:00,2026-02-09 23:30:00,2026-02-09 00:00:00,2026-02-09 00:00:00,2026-02-09 00:00:00,2026-02-09 00:00:00,2026-02-09 00:00:00,,day,,,,,,0,0,0,0,0,0,0,0,0,0,0,na,na,na
gdelt_898d358f,fr,La Chine renouvelle un accord de swap de devises avec la République de Corée - Xinhua,2025-11-03 18:15:00,2025-11-03 18:15:00,2025-11-03 00:00:00,2025-11-03 00:00:00,2025-11-03 00:00:00,2025-11-03 00:00:00,2025-11-03 00:00:00,,day,,,,,,0,0,0,0,0,0,0,0,0,0,0,na,na,na
gdelt_89ae5dc0,en,Tracking the rapid US military build - up near Iran,2026-02-20 18:45:00,2026-02-20 18:45:00,2026-02-20 00:00:00,2026-02-20 00:00:00,2026-02-20 00:00:00,2026-02-20 00:00:00,2026-02-20 00:00:00,,day,,,,,,0,0,0,0,0,0,0,0,0,0,0,na,na,na
gdelt_89eaeeae,zh-cn,再忆西南联大 ， 激荡青春力量 _ 新华网,2025-08-24 21:30:00,2025-08-24 21:30:00,2025-08-24 00:00:00,2025-08-24 00:00:00,2025-08-24 00:00:00,2025-08-24 00:00:00,2025-08-24 00:00:00,,day,,,,,,0,0,0,0,0,0,0,0,0,0,0,na,na,na
gdelt_89eedb27,sw,Sean  Diddy  Combs : Ulimwengu wa siri wa wafichuliwa kwenye video na ujumbe wa sauti,2025-07-04 17:00:00,2025-07-04 17:00:00,2025-07-04 00:00:00,2025-07-04 00:00:00,2025-07-04 00:00:00,2025-07-04 00:00:00,2025-07-04 00:00:00,,day,,,,,,0,0,0,0,0,0,0,0,0,0,0,na,na,na
gdelt_89f2284d,ru,Метеорологи ФРГ предупреждают о гололедице на дорогах страны,2026-01-13 02:30:00,2026-01-13 02:30:00,2026-01-13 00:00:00,2026-01-13 00:00:00,2026-01-13 00:00:00,2026-01-13 00:00:00,2026-01-13 00:00:00,,day,,,,,,0,0,0,0,0,0,0,0,0,0,0,na,na,na
gdelt_8a269ed3,zh-cn,  第二现场  精准接住  苏超  传球 _ 新华网江苏频道,2025-07-22 12:15:00,2025-07-22 12:15:00,2025-07-22 00:00:00,2025-07-22 00:00:00,2025-07-22 00:00:00,2025-07-22 00:00:00,2025-07-22 00:00:00,,day,,,,,,0,0,0,0,0,0,0,0,0,0,0,na,na,na
gdelt_8a742cd7,sl,Venezuelanski naftni sektor : Nade u uspon,2026-02-15 21:00:00,2026-02-15 21:00:00,2026-02-15 00:00:00,2026-02-15 00:00:00,2026-02-15 00:00:00,2026-02-15 00:00:00,2026-02-15 00:00:00,,day,,,,,,0,0,0,0,0,0,0,0,0,0,0,na,na,na
gdelt_8a843fd5,ur,  اوپر کوبرا تھا اور نیچے 10 فٹ پانی : سیلاب سے بچاؤ کے لیے 24 گھنٹے درخت پر گزارنے والے شخص کی کہانی,2025-09-09 21:45:00,2025-09-09 21:45:00,2025-09-09 00:00:00,2025-09-09 00:00:00,2025-09-09 00:00:00,2025-09-09 00:00:00,2025-09-09 00:00:00,,day,,,,,,0,0,0,0,0,0,0,0,0,0,0,na,na,na
gdelt_8aacd7a8,en,12 of Our Staff Favorite Restaurant Recipes That You Can Make at Home,2025-09-10 18:45:00,2025-09-10 18:45:00,2025-09-10 00:00:00,2025-09-10 00:00:00,2025-09-10 00:00:00,2025-09-10 00:00:00,2025-09-10 00:00:00,,day,,,,,,0,0,0,0,0,0,0,0,0,0,0,na,na,na
gdelt_8ac74b08,ko,"中 신장 ( 新疆 ) 지무싸얼 시범구 , 올해 원유 생산량 170만t 돌파 - Xinhua",2025-12-10 10:15:00,2025-12-10 10:15:00,2025-12-10 00:00:00,2025-12-10 00:00:00,2025-12-10 00:00:00,2025-12-10 00:00:00,2025-12-10 00:00:00,,day,,,,,,0,0,0,0,0,0,0,0,0,0,0,na,na,na
gdelt_8acd7a15,ro,"Australia , Papua New Guinea sign mutual defence treaty",2025-10-06 12:15:00,2025-10-06 12:15:00,2025-10-06 00:00:00,2025-10-06 00:00:00,2025-10-06 00:00:00,2025-10-06 00:00:00,2025-10-06 00:00:00,,day,,,,,,0,0,0,0,0,0,0,0,0,0,0,na,na,na
gdelt_8b248ca9,en,"Egypt , Sudan worry about water as Ethiopia GERD dam opens – DW – 09 / 08 / 2025",2025-09-08 16:00:00,2025-09-08 00:00:00,2025-09-08 00:00:00,2025-09-08 00:00:00,2025-09-08 00:00:00,2025-09-08 00:00:00,2025-09-08 00:00:00,,day,2025-01-01 00:00:00,2025-01-01 00:00:00,2025-12-31 00:00:00,year,09 / 08 / 2025,1,1,1,1,1,1,1,1,1,1,1,tie,tie,tie
gdelt_8ba2bae1,vi,Tinh gọn bộ máy : những tiến triển và vấn đề tồn đọng,2025-08-24 19:45:00,2025-08-24 19:45:00,2025-08-24 00:00:00,2025-08-24 00:00:00,2025-08-24 00:00:00,2025-08-24 00:00:00,2025-08-24 00:00:00,,day,,,,,,0,0,0,0,0,0,0,0,0,0,0,na,na,na
gdelt_8bd277e0,pl,Żałoba po śmierci gwiazdy Hollywood Diane Keaton – DW – 12 . 10 . 2025,2025-10-12 20:00:00,2025-10-12 20:00:00,2025-10-12 00:00:00,2025-10-12 00:00:00,2025-10-12 00:00:00,2025-10-12 00:00:00,2025-10-12 00:00:00,,day,2025-01-01 00:00:00,2025-01-01 00:00:00,2025-12-31 00:00:00,year,2025,1,1,1,1,1,1,1,1,1,1,1,tie,tie,tie
gdelt_8bd56b0a,ko,外地职工春节后返厦最高可领450元 - 新华网,2026-01-27 13:15:00,2026-01-27 13:15:00,2026-01-27 00:00:00,2026-01-27 00:00:00,2026-01-27 00:00:00,2026-01-27 00:00:00,2026-01-27 00:00:00,,day,,,,,,0,0,0,0,0,0,0,0,0,0,0,na,na,na
gdelt_8bd6ac21,en,Trump Tylenol announcement : What causes autism – and is Cuba autism free ? | Donald Trump News,2025-09-23 18:15:00,2025-09-23 18:15:00,2025-09-23 00:00:00,2025-09-23 00:00:00,2025-09-23 00:00:00,2025-09-23 00:00:00,2025-09-23 00:00:00,,day,,,,,,0,0,0,0,0,0,0,0,0,0,0,na,na,na
gdelt_8c20fe94,es,Xi anima a jóvenes sinólogos a tender puentes entre China y el mundo,2025-11-13 15:00:00,2025-11-13 15:00:00,2025-11-01 00:00:00,2025-11-13 00:00:00,2025-11-13 00:00:00,2025-11-01 00:00:00,2025-11-01 00:00:00,,day,,,,,,0,0,0,0,0,0,0,0,0,0,0,na,na,na
gdelt_8c61867f,fr,Séoul et Washington entament des exercices militaires conjoints - Xinhua,2026-03-09 13:45:00,2026-03-09 13:45:00,2026-03-09 00:00:00,2026-03-09 00:00:00,2026-03-09 00:00:00,2026-03-09 00:00:00,2026-03-09 00:00:00,,day,,,,,,0,0,0,0,0,0,0,0,0,0,0,na,na,na
gdelt_8cb9bfe9,ko,海南自贸港服务对接座谈会儋州专场举行 - 新华网,2025-07-13 12:00:00,2025-07-13 12:00:00,2025-07-13 00:00:00,2025-07-13 00:00:00,2025-07-13 00:00:00,2025-07-13 00:00:00,2025-07-13 00:00:00,,day,,,,,,0,0,0,0,0,0,0,0,0,0,0,na,na,na
gdelt_8ce9fbcc,zh-cn,刘宁到民权县睢县调研 - 新华网河南频道,2025-08-05 12:00:00,2025-08-05 12:00:00,2025-08-05 00:00:00,2025-08-05 00:00:00,2025-08-05 00:00:00,2025-08-05 00:00:00,2025-08-05 00:00:00,,day,,,,,,0,0,0,0,0,0,0,0,0,0,0,na,na,na
gdelt_8cecd8aa,ro,Reforma Justiției : Competiție între Nicușor Dan și Bolojan ? – DW – 22 . 12 . 2025,2025-12-22 18:30:00,2025-12-22 18:30:00,2025-12-22 00:00:00,2025-12-22 00:00:00,2025-12-22 00:00:00,2025-12-22 00:00:00,2025-12-22 00:00:00,,day,2025-01-01 00:00:00,2025-01-01 00:00:00,2025-12-31 00:00:00,year,2025,1,1,1,1,1,1,1,1,1,1,1,tie,tie,tie
gdelt_8d01c9ba,en,Did you catch these 10 stories in 2025 ? This is why theyre not to be missed,2026-01-01 06:30:00,2025-01-01 00:00:00,2025-12-31 00:00:00,2025-01-01 00:00:00,2025-01-01 00:00:00,2025-01-01 00:00:00,2025-12-31 00:00:00,,year,2025-01-01 00:00:00,2025-01-01 00:00:00,2025-12-31 00:00:00,year,in 2025,1,1,1,1,1,1,1,1,1,1,1,tie,tie,tie
gdelt_8d1c6b7f,en,Dutch court bans xAI Grok from generating nonconsensual nude images | Technology News,2026-03-27 05:00:00,2026-03-27 05:00:00,2026-03-27 00:00:00,2026-03-27 00:00:00,2026-03-27 00:00:00,2026-03-27 00:00:00,2026-03-27 00:00:00,,day,,,,,,0,0,0,0,0,0,0,0,0,0,0,na,na,na
gdelt_8d511049,zh-cn,楚雄市法邑村的多元产业致富路 - 新华网,2025-07-15 21:00:00,2025-07-15 21:00:00,2025-07-15 00:00:00,2025-07-15 00:00:00,2025-07-15 00:00:00,2025-07-15 00:00:00,2025-07-15 00:00:00,,day,,,,,,0,0,0,0,0,0,0,0,0,0,0,na,na,na
gdelt_8d5dc374,en,Oil stays above $100 a barrel amid Iran stranglehold on Strait of Hormuz | US - Israel war on Iran News,2026-03-13 13:00:00,2026-03-13 13:00:00,2026-03-13 00:00:00,2026-03-13 00:00:00,2026-03-13 00:00:00,2026-03-13 00:00:00,2026-03-13 00:00:00,,day,,,,,,0,0,0,0,0,0,0,0,0,0,0,na,na,na
gdelt_8dd0863d,es,Primera ministra de Japón convocará elecciones anticipadas,2026-01-14 20:15:00,2026-01-14 20:15:00,2026-01-14 00:00:00,2026-01-14 00:00:00,2026-01-14 00:00:00,2026-01-14 00:00:00,2026-01-14 00:00:00,,day,,,,,,0,0,0,0,0,0,0,0,0,0,0,na,na,na
gdelt_8df870e2,es,China extiende suspensión de arancel a importaciones procedentes de Estados Unidos,2025-11-05 14:45:00,2025-11-05 14:45:00,2025-11-01 00:00:00,2025-11-05 00:00:00,2025-11-05 00:00:00,2025-11-01 00:00:00,2025-11-01 00:00:00,,day,,,,,,0,0,0,0,0,0,0,0,0,0,0,na,na,na
gdelt_8e1d769e,en,"Trump moves to limit US stays of students , journalists",2025-08-28 16:00:00,2025-08-28 16:00:00,2025-08-28 00:00:00,2025-08-28 00:00:00,2025-08-28 00:00:00,2025-08-28 00:00:00,2025-08-28 00:00:00,,day,,,,,,0,0,0,0,0,0,0,0,0,0,0,na,na,na
gdelt_8e4aa6ea,hr,Nemačka štampa : Vučić pod sve većim pritiskom – DW – 29 . 6 . 2025 . ,2025-07-03 09:15:00,2025-07-03 09:15:00,2025-06-29 00:00:00,2025-07-03 00:00:00,2025-07-03 00:00:00,2025-06-29 00:00:00,2025-06-29 00:00:00,,day,2025-01-01 00:00:00,2025-01-01 00:00:00,2025-12-31 00:00:00,year,2025,1,1,1,1,1,1,1,1,1,1,1,tie,tie,tie
gdelt_8e6df2e1,es,Japón acusa a China de actos hostiles contra su fuerza aérea – DW – 07 / 12 / 2025,2025-12-07 14:45:00,2025-12-07 14:45:00,2025-12-07 00:00:00,2025-12-07 00:00:00,2025-12-07 00:00:00,2025-12-07 00:00:00,2025-12-07 00:00:00,,day,2025-01-01 00:00:00,2025-01-01 00:00:00,2025-12-31 00:00:00,year,07 / 12 / 2025,1,1,1,1,1,1,1,1,1,1,1,tie,tie,tie
gdelt_8e86d6ec,es,Fujian : Un destino en expansión para los turistas por sus actividades ecuestres,2026-02-09 13:00:00,2026-02-09 13:00:00,2026-02-09 00:00:00,2026-02-09 00:00:00,2026-02-09 00:00:00,2026-02-09 00:00:00,2026-02-09 00:00:00,,day,,,,,,0,0,0,0,0,0,0,0,0,0,0,na,na,na
gdelt_8ecd64c9,ru,Ответные удары Ирана поставили под сомнение эффективность американской ПВО,2026-03-02 02:30:00,2026-03-02 02:30:00,2026-03-02 00:00:00,2026-03-02 00:00:00,2026-03-02 00:00:00,2026-03-02 00:00:00,2026-03-02 00:00:00,,day,,,,,,0,0,0,0,0,0,0,0,0,0,0,na,na,na
gdelt_8ef43dc4,uk,Бабіш : Долю чеської ініціативи для України вирішать у січні – DW – 22 . 12 . 2025,2025-12-23 08:45:00,2025-12-23 08:45:00,2025-12-22 00:00:00,2025-12-23 00:00:00,2025-12-23 00:00:00,2025-12-22 00:00:00,2025-12-22 00:00:00,,day,2025-01-01 00:00:00,2025-01-01 00:00:00,2025-12-31 00:00:00,year,2025,1,1,1,1,1,1,1,1,1,1,1,tie,tie,tie
gdelt_8f29b266,en,Putin friend Gergiev set to conduct as Italy breaks ban on pro - Kremlin artists,2025-07-13 10:15:00,2025-07-13 10:15:00,2025-07-13 00:00:00,2025-07-13 00:00:00,2025-07-13 00:00:00,2025-07-13 00:00:00,2025-07-13 00:00:00,,day,,,,,,0,0,0,0,0,0,0,0,0,0,0,na,na,na
gdelt_8f5dadf9,en,Scottish ministers  in the dark  over winter fuel payment U - turn,2025-06-10 00:30:00,2025-06-10 00:30:00,2025-06-10 00:00:00,2025-06-10 00:00:00,2025-06-10 00:00:00,2025-06-10 00:00:00,2025-06-10 00:00:00,,day,,,,,,0,0,0,0,0,0,0,0,0,0,0,na,na,na
gdelt_8f9f5191,en,Decades - long contracts chain Asia to coal - fired power,2025-11-20 13:15:00,2025-11-20 13:15:00,2025-11-20 00:00:00,2025-11-20 00:00:00,2025-11-20 00:00:00,2025-11-20 00:00:00,2025-11-20 00:00:00,,day,,,,,,0,0,0,0,0,0,0,0,0,0,0,na,na,na
gdelt_90002d08,sw,UN yaikosoa Ujerumani kuwarejesha wakimbizi Afghanistan – DW – 04 . 07 . 2025,2025-07-05 00:15:00,2025-07-05 00:00:00,2025-07-04 00:00:00,2025-07-05 00:00:00,2025-07-05 00:00:00,2025-07-04 00:00:00,2025-07-04 00:00:00,,day,2025-01-01 00:00:00,2025-01-01 00:00:00,2025-12-31 00:00:00,year,2025,1,1,1,1,1,1,1,1,1,1,1,tie,tie,tie
gdelt_9027863b,zh-cn,WTT美国大满贯赛 ： 韩国组合男双问鼎 陈熠晋级女单决赛 - 新华网,2025-07-13 15:45:00,2025-07-13 15:45:00,2025-07-13 00:00:00,2025-07-13 00:00:00,2025-07-13 00:00:00,2025-07-13 00:00:00,2025-07-13 00:00:00,,day,,,,,,0,0,0,0,0,0,0,0,0,0,0,na,na,na
gdelt_9062819f,fa,آیا واکسن کووید برای زنان باردار امن است ؟ ,2025-06-10 12:15:00,2025-06-10 12:15:00,2025-06-10 00:00:00,2025-06-10 00:00:00,2025-06-10 00:00:00,2025-06-10 00:00:00,2025-06-10 00:00:00,,day,,,,,,0,0,0,0,0,0,0,0,0,0,0,na,na,na
gdelt_90c9ab55,en,2 men arrested for attempting to evade clearance at Tuas Checkpoint in Malaysia - registered car ; drugs found,2026-02-25 14:00:00,2026-02-25 14:00:00,2026-02-25 00:00:00,2026-02-25 00:00:00,2026-02-25 00:00:00,2026-02-25 00:00:00,2026-02-25 00:00:00,,day,,,,,,0,0,0,0,0,0,0,0,0,0,0,na,na,na
gdelt_910699e4,sw,"Je , kuna kitisho cha kuvurugika hali ya usalama Zanzibar ? – DW – 06 . 10 . 2025",2025-10-07 00:45:00,2025-10-07 00:00:00,2025-10-06 00:00:00,2025-10-07 00:00:00,2025-10-07 00:00:00,2025-10-06 00:00:00,2025-10-06 00:00:00,,day,2025-01-01 00:00:00,2025-01-01 00:00:00,2025-12-31 00:00:00,year,2025,1,1,1,1,1,1,1,1,1,1,1,tie,tie,tie
gdelt_9145ebb9,sw,Ligi ya Mabingwa Ulaya : Timu gani kufuzu 8 bora mechi za mwisho leo ? ,2026-01-28 19:45:00,2026-01-28 19:45:00,2026-01-28 00:00:00,2026-01-28 00:00:00,2026-01-28 00:00:00,2026-01-28 00:00:00,2026-01-28 00:00:00,,day,,,,,,0,0,0,0,0,0,0,0,0,0,0,na,na,na
gdelt_91c8259b,fr,La rencontre entre les ministres des Affaires étrangères chinois et indien débouche sur 10 points dentente - Xinhua,2025-08-20 11:00:00,2025-08-20 11:00:00,2025-08-20 00:00:00,2025-08-20 00:00:00,2025-08-20 00:00:00,2025-08-20 00:00:00,2025-08-20 00:00:00,,day,,,,,,0,0,0,0,0,0,0,0,0,0,0,na,na,na
gdelt_91fa92a0,ar,جون سيمبسون :  غطيتُ 40 حرباً ، لكنني لم أرَ عاماً مثل عام 2025  ,2025-12-30 02:00:00,2025-12-30 02:00:00,2025-12-30 00:00:00,2025-12-30 00:00:00,2025-12-30 00:00:00,2025-01-01 00:00:00,2025-12-31 00:00:00,,year,2025-01-01 00:00:00,2025-01-01 00:00:00,2025-12-31 00:00:00,year,عام 2025,1,1,1,1,1,1,1,1,1,1,1,tie,tie,tie
gdelt_91faaef9,so,Dhegeyso : Gabar ka hadlaysa faquuqa ay la kulmaan Soomaalida la nool AIDS - ka,2025-12-02 02:00:00,2025-12-02 02:00:00,2025-11-01 00:00:00,2025-12-02 00:00:00,2025-12-02 00:00:00,2025-11-01 00:00:00,2025-11-01 00:00:00,,day,,,,,,0,0,0,0,0,0,0,0,0,0,0,na,na,na
gdelt_9291397e,en,Pakistan exporters race to meet Malaysia US$200m halal meat deal,2026-02-02 19:15:00,2026-02-02 19:15:00,2026-02-02 00:00:00,2026-02-02 00:00:00,2026-02-02 00:00:00,2026-02-02 00:00:00,2026-02-02 00:00:00,,day,,,,,,0,0,0,0,0,0,0,0,0,0,0,na,na,na
gdelt_929a1e1c,ko,  후끈  달아오른 올림픽 열기 ... 치열한 금빛 여정 시작 - Xinhua,2026-02-09 11:15:00,2026-02-09 11:15:00,2026-02-09 00:00:00,2026-02-09 00:00:00,2026-02-09 00:00:00,2026-02-09 00:00:00,2026-02-09 00:00:00,,day,,,,,,0,0,0,0,0,0,0,0,0,0,0,na,na,na
gdelt_92e8d585,en,Japan warns of tsunami waves up to 3m after earthquake off Russian coast,2025-07-30 09:45:00,2025-07-30 09:45:00,2025-07-30 00:00:00,2025-07-30 00:00:00,2025-07-30 00:00:00,2025-07-30 00:00:00,2025-07-30 00:00:00,,day,,,,,,0,0,0,0,0,0,0,0,0,0,0,na,na,na
gdelt_9361dadb,en,Norris v Verstappen v Piastri : Great three - way Formula 1 title deciders,2025-12-02 08:45:00,2025-12-02 08:45:00,2025-12-02 00:00:00,2025-12-02 00:00:00,2025-12-02 00:00:00,2025-12-02 00:00:00,2025-12-02 00:00:00,,day,,,,,,0,0,0,0,0,0,0,0,0,0,0,na,na,na
gdelt_937d79d6,en,Thailand works to repatriate thousands stranded at Cambodia border crossing,2025-12-16 18:30:00,2025-12-16 18:30:00,2025-12-16 00:00:00,2025-12-16 00:00:00,2025-12-16 00:00:00,2025-12-16 00:00:00,2025-12-16 00:00:00,,day,,,,,,0,0,0,0,0,0,0,0,0,0,0,na,na,na
gdelt_939cf94f,en,"In boat strike , Trump repurposes  war on terror  for Latin American crime | Donald Trump News",2025-09-05 05:15:00,2025-09-05 05:15:00,2025-09-05 00:00:00,2025-09-05 00:00:00,2025-09-05 00:00:00,2025-09-05 00:00:00,2025-09-05 00:00:00,,day,,,,,,0,0,0,0,0,0,0,0,0,0,0,na,na,na
gdelt_94a924e9,en,EU wont have Donald Trump meddling in European affairs – DW – 12 / 09 / 2025,2025-12-10 04:45:00,2025-12-09 00:00:00,2025-12-09 00:00:00,2025-12-09 00:00:00,2025-12-09 00:00:00,2025-12-09 00:00:00,2025-12-09 00:00:00,,day,2025-01-01 00:00:00,2025-01-01 00:00:00,2025-12-31 00:00:00,year,12 / 09 / 2025,1,1,1,1,1,1,1,1,1,1,1,tie,tie,tie
gdelt_94da1d1e,ru,Глава Генассамблеи ООН допустила ввод миротворцев в Украину – DW – 14 . 09 . 2025,2025-09-14 17:30:00,2025-09-14 17:30:00,2025-09-14 00:00:00,2025-09-14 00:00:00,2025-09-14 00:00:00,2025-09-14 00:00:00,2025-09-14 00:00:00,,day,2025-01-01 00:00:00,2025-01-01 00:00:00,2025-12-31 00:00:00,year,2025,1,1,1,1,1,1,1,1,1,1,1,tie,tie,tie
gdelt_95520f6c,uk,"Люди - тюлені : ті , хто пірнає на понад 100 метрів без спорядження",2025-08-03 18:15:00,2025-08-03 18:15:00,2025-08-03 00:00:00,2025-08-03 00:00:00,2025-08-03 00:00:00,2025-08-03 00:00:00,2025-08-03 00:00:00,,day,,,,,,0,0,0,0,0,0,0,0,0,0,0,na,na,na
gdelt_9556b76d,en,"LIVE : Israel lets aid into Gaza , but UN says it not enough to stop famine | Israel - Palestine conflict News",2025-07-28 13:15:00,2025-07-28 13:15:00,2025-07-28 00:00:00,2025-07-28 00:00:00,2025-07-28 00:00:00,2025-07-28 00:00:00,2025-07-28 00:00:00,,day,,,,,,0,0,0,0,0,0,0,0,0,0,0,na,na,na
gdelt_955e6925,pt,"Como Robert Duvall , lendário ator de  O Poderoso Chefão , se tornou um gigante de Hollywood",2026-02-17 09:30:00,2026-02-17 09:30:00,2026-12-01 00:00:00,2026-02-17 00:00:00,2026-02-17 00:00:00,2026-12-01 00:00:00,2026-12-01 00:00:00,,day,,,,,,0,0,0,0,0,0,0,0,0,0,0,na,na,na
gdelt_956f23e5,en,Families take legal action over nursery worker abuse,2026-02-02 02:45:00,2026-02-02 02:45:00,2026-02-02 00:00:00,2026-02-02 00:00:00,2026-02-02 00:00:00,2026-02-02 00:00:00,2026-02-02 00:00:00,,day,,,,,,0,0,0,0,0,0,0,0,0,0,0,na,na,na
gdelt_95bb9581,hr,Srpski i bosanski aktivisti protiv rudarenja litijuma – DW – 12 . 11 . 2025 . ,2025-11-12 20:15:00,2025-11-12 20:15:00,2025-11-12 00:00:00,2025-11-12 00:00:00,2025-11-12 00:00:00,2025-11-12 00:00:00,2025-11-12 00:00:00,,day,2025-01-01 00:00:00,2025-01-01 00:00:00,2025-12-31 00:00:00,year,2025,1,1,1,1,1,1,1,1,1,1,1,tie,tie,tie
gdelt_95d518a7,bg,Дори морски пехотинци : Какво цели Тръмп в Лос Анджелис – DW – 10 . 06 . 2025,2025-06-10 18:45:00,2025-06-10 18:45:00,2025-06-10 00:00:00,2025-06-10 00:00:00,2025-06-10 00:00:00,2025-06-10 00:00:00,2025-06-10 00:00:00,,day,2025-01-01 00:00:00,2025-01-01 00:00:00,2025-12-31 00:00:00,year,2025,1,1,1,1,1,1,1,1,1,1,1,tie,tie,tie
gdelt_95d62c08,en,Notts County footballer sent off for throwing away opponent boot,2026-03-14 23:30:00,2026-03-14 23:30:00,2026-03-14 00:00:00,2026-03-14 00:00:00,2026-03-14 00:00:00,2026-03-14 00:00:00,2026-03-14 00:00:00,,day,,,,,,0,0,0,0,0,0,0,0,0,0,0,na,na,na
gdelt_961fd630,zh-cn,参考消息特稿｜云南 ： 面向南亚东南亚辐射中心蓄能成势 _ 新华网,2025-09-04 16:15:00,2025-09-04 16:15:00,2025-09-04 00:00:00,2025-09-04 00:00:00,2025-09-04 00:00:00,2025-09-04 00:00:00,2025-09-04 00:00:00,,day,,,,,,0,0,0,0,0,0,0,0,0,0,0,na,na,na
gdelt_963b9d1d,sw,"Je , Iran inaweza kufunga mkondo wa bahari wa Hormuz , na itaathiri vipi dunia ? ",2026-02-16 04:15:00,2026-02-16 04:15:00,2026-02-16 00:00:00,2026-02-16 00:00:00,2026-02-16 00:00:00,2026-02-16 00:00:00,2026-02-16 00:00:00,,day,,,,,,0,0,0,0,0,0,0,0,0,0,0,na,na,na
gdelt_964409d4,bg,  Нещо се променя : какво става в Иран – DW – 24 . 09 . 2025,2025-09-24 23:30:00,2025-09-24 23:30:00,2025-09-24 00:00:00,2025-09-24 00:00:00,2025-09-24 00:00:00,2025-09-24 00:00:00,2025-09-24 00:00:00,,day,2025-01-01 00:00:00,2025-01-01 00:00:00,2025-12-31 00:00:00,year,2025,1,1,1,1,1,1,1,1,1,1,1,tie,tie,tie
gdelt_96b2a52e,zh-cn,  天涯共此时 · 中国民乐中秋音乐会  在约旦举行 - 新华网,2025-09-25 14:45:00,2025-09-25 14:45:00,2025-09-25 00:00:00,2025-09-25 00:00:00,2025-09-25 00:00:00,2025-09-25 00:00:00,2025-09-25 00:00:00,,day,,,,,,0,0,0,0,0,0,0,0,0,0,0,na,na,na
gdelt_96e51ba7,vi,"Việt Nam đẩy mạnh bồi đắp đảo : Bắt kịp Trung Quốc , thay đổi cục diện Biển Đông ? ",2025-08-31 14:30:00,2025-08-31 14:30:00,2025-08-31 00:00:00,2025-08-31 00:00:00,2025-08-31 00:00:00,2025-08-31 00:00:00,2025-08-31 00:00:00,,day,,,,,,0,0,0,0,0,0,0,0,0,0,0,na,na,na
gdelt_9718bf38,en,Peru pledges to investigate the  heinou killing of Indonesian diplomat | Crime News,2025-09-03 02:00:00,2025-09-03 02:00:00,2025-09-03 00:00:00,2025-09-03 00:00:00,2025-09-03 00:00:00,2025-09-03 00:00:00,2025-09-03 00:00:00,,day,,,,,,0,0,0,0,0,0,0,0,0,0,0,na,na,na
gdelt_9744a16d,tr,Zayıflama ilacı Ozempicin yeni yan etkileri ortaya çıkıyor – DW – 20 . 07 . 2025,2025-07-20 15:45:00,2025-07-20 15:45:00,2025-07-20 00:00:00,2025-07-20 00:00:00,2025-07-20 00:00:00,2025-07-20 00:00:00,2025-07-20 00:00:00,,day,2025-01-01 00:00:00,2025-01-01 00:00:00,2025-12-31 00:00:00,year,2025,1,1,1,1,1,1,1,1,1,1,1,tie,tie,tie
gdelt_97558096,en,Nintendo Switch becomes gaming giant best - selling console in history,2026-02-04 22:45:00,2026-02-04 22:45:00,2026-02-04 00:00:00,2026-02-04 00:00:00,2026-02-04 00:00:00,2026-02-04 00:00:00,2026-02-04 00:00:00,,day,,,,,,0,0,0,0,0,0,0,0,0,0,0,na,na,na
gdelt_9815672e,sw,Uvamizi wa Israel nchini Lebanon : Operesheni sita za kijeshi,2026-03-26 12:30:00,2026-03-26 12:30:00,2026-03-26 00:00:00,2026-03-26 00:00:00,2026-03-26 00:00:00,2026-03-26 00:00:00,2026-03-26 00:00:00,,day,,,,,,0,0,0,0,0,0,0,0,0,0,0,na,na,na
gdelt_9845e68d,sw,Watu 32 wapoteza maisha baada ya mgodi wa Kobalti kuporomoka DRC,2025-11-17 14:00:00,2025-11-17 14:00:00,2025-11-17 00:00:00,2025-11-17 00:00:00,2025-11-17 00:00:00,2025-11-17 00:00:00,2025-11-17 00:00:00,,day,,,,,,0,0,0,0,0,0,0,0,0,0,0,na,na,na
gdelt_9884df9e,pl,Niemcy . Powrót do biura to spadek zadowolenia z pracy,2026-03-23 23:15:00,2026-03-23 23:15:00,2026-03-22 00:00:00,2026-03-23 00:00:00,2026-03-23 00:00:00,2026-03-22 00:00:00,2026-03-22 00:00:00,,day,,,,,,0,0,0,0,0,0,0,0,0,0,0,na,na,na
gdelt_98f4bd97,nl,Fox stuck in Amazon van engine in Derby  on the mend  ,2025-11-24 02:15:00,2025-11-24 02:15:00,2025-11-24 00:00:00,2025-11-24 00:00:00,2025-11-24 00:00:00,2025-11-24 00:00:00,2025-11-24 00:00:00,,day,,,,,,0,0,0,0,0,0,0,0,0,0,0,na,na,na
gdelt_9944d0fd,en,"Christian McCaffrey , hobbled 49ers end Eagle title defense with fourth - quarter rally",2026-01-12 09:45:00,2026-01-12 09:45:00,2026-01-12 00:00:00,2026-01-12 00:00:00,2026-01-12 00:00:00,2026-01-12 00:00:00,2026-01-12 00:00:00,,day,,,,,,0,0,0,0,0,0,0,0,0,0,0,na,na,na
gdelt_9959280e,en,Canada to lead on multilateral cooperation amid global tensions : Canadian FM Anita Anand,2025-10-16 14:00:00,2025-10-16 14:00:00,2025-10-16 00:00:00,2025-10-16 00:00:00,2025-10-16 00:00:00,2025-10-16 00:00:00,2025-10-16 00:00:00,,day,,,,,,0,0,0,0,0,0,0,0,0,0,0,na,na,na
gdelt_996d24df,en,Iron Age hoard moves permanently to Yorkshire Museum,2025-07-29 18:15:00,2025-07-29 18:15:00,2025-07-29 00:00:00,2025-07-29 00:00:00,2025-07-29 00:00:00,2025-07-29 00:00:00,2025-07-29 00:00:00,,day,,,,,,0,0,0,0,0,0,0,0,0,0,0,na,na,na
gdelt_99a885f9,uk,Трамп у зверненні до Конгресу ледь згадав Україну,2026-02-25 16:45:00,2026-02-25 16:45:00,2026-02-25 00:00:00,2026-02-25 00:00:00,2026-02-25 00:00:00,2026-02-25 00:00:00,2026-02-25 00:00:00,,day,,,,,,0,0,0,0,0,0,0,0,0,0,0,na,na,na
gdelt_99b4ef62,en,Is Asia ready for luxury home swaps ? ,2025-09-10 08:15:00,2025-09-10 08:15:00,2025-09-10 00:00:00,2025-09-10 00:00:00,2025-09-10 00:00:00,2025-09-10 00:00:00,2025-09-10 00:00:00,,day,,,,,,0,0,0,0,0,0,0,0,0,0,0,na,na,na
gdelt_99c41494,sw,"Rwanda yajitoa ECAS , Kongo yasema inakwepa kuwajibika – DW – 09 . 06 . 2025",2025-06-09 21:15:00,2025-06-09 00:00:00,2025-06-09 00:00:00,2025-06-09 00:00:00,2025-06-09 00:00:00,2025-06-09 00:00:00,2025-06-09 00:00:00,,day,2025-01-01 00:00:00,2025-01-01 00:00:00,2025-12-31 00:00:00,year,2025,1,1,1,1,1,1,1,1,1,1,1,tie,tie,tie
gdelt_99cfd749,fi,Zelenskyy eyes invite to Trump - Putin talks in Budapest,2025-10-20 19:45:00,2025-10-20 19:45:00,2025-10-20 00:00:00,2025-10-20 00:00:00,2025-10-20 00:00:00,2025-10-20 00:00:00,2025-10-20 00:00:00,,day,,,,,,0,0,0,0,0,0,0,0,0,0,0,na,na,na
gdelt_99d0c6ef,en,Where are US and China heading after Shangri - La Dialogue ? – DW – 06 / 02 / 2025,2025-06-02 21:00:00,2025-06-02 00:00:00,2025-06-02 00:00:00,2025-06-02 00:00:00,2025-06-02 00:00:00,2025-06-02 00:00:00,2025-06-02 00:00:00,,day,2025-01-01 00:00:00,2025-01-01 00:00:00,2025-12-31 00:00:00,year,06 / 02 / 2025,1,1,1,1,1,1,1,1,1,1,1,tie,tie,tie
gdelt_99ec8b52,en,US allies in NATO upped defence spending 20 % last year : report,2026-03-27 04:15:00,2025-03-27 04:15:00,2025-03-27 00:00:00,2025-03-27 00:00:00,2025-03-27 00:00:00,2025-03-27 00:00:00,2025-03-27 00:00:00,,day,,,,,,0,0,0,0,0,0,0,0,0,0,0,na,na,na
gdelt_99fbf4d7,pt,Cohete Gran Marcha - 8A de China transporta nuevo grupo de satélites,2026-01-14 11:00:00,2026-01-14 11:00:00,2026-01-14 00:00:00,2026-01-14 00:00:00,2026-01-14 00:00:00,2026-01-14 00:00:00,2026-01-14 00:00:00,,day,,,,,,0,0,0,0,0,0,0,0,0,0,0,na,na,na
gdelt_9a285bd5,fr,Les chefs des diplomaties groenlandaise et danoise déclarent que les négociations avec les Etats - Unis  ne sont pas encore là où nous voulons être  - Xinhua,2026-02-08 12:30:00,2026-02-08 12:30:00,2026-02-08 00:00:00,2026-02-08 00:00:00,2026-02-08 00:00:00,2026-02-08 00:00:00,2026-02-08 00:00:00,,day,,,,,,0,0,0,0,0,0,0,0,0,0,0,na,na,na
gdelt_9a648f6c,en,AI lets visitors to Cambridge botanic gardens chat to plants,2026-02-09 18:00:00,2026-02-09 18:00:00,2026-02-09 00:00:00,2026-02-09 00:00:00,2026-02-09 00:00:00,2026-02-09 00:00:00,2026-02-09 00:00:00,,day,,,,,,0,0,0,0,0,0,0,0,0,0,0,na,na,na
gdelt_9ab43174,hi,"ऑफिस ही नहीं , किचन का काम भी आसान कर रहा एआई – DW – 23 . 12 . 2025",2025-12-23 17:30:00,2025-12-23 17:30:00,2025-12-23 00:00:00,2025-12-23 00:00:00,2025-12-23 00:00:00,2025-12-23 00:00:00,2025-12-23 00:00:00,,day,2025-01-01 00:00:00,2025-01-01 00:00:00,2025-12-31 00:00:00,year,2025,1,1,1,1,1,1,1,1,1,1,1,tie,tie,tie
gdelt_9acb9082,en,Mudik season : Millions of Indonesians face higher travelling costs for Eid homecoming,2026-03-19 22:15:00,2026-03-19 22:15:00,2026-03-19 00:00:00,2026-03-19 00:00:00,2026-03-19 00:00:00,2026-03-19 00:00:00,2026-03-19 00:00:00,,day,,,,,,0,0,0,0,0,0,0,0,0,0,0,na,na,na
gdelt_9b4c5f65,zh-cn,四中全会精神在基层丨生产建设  热力  十足 政策  变现  时不我待 来自儋州洋浦的海南自贸港建设一线见闻 - 新华网,2026-02-26 14:00:00,2026-02-26 14:00:00,2026-02-26 00:00:00,2026-02-26 00:00:00,2026-02-26 00:00:00,2026-02-26 00:00:00,2026-02-26 00:00:00,,day,,,,,,0,0,0,0,0,0,0,0,0,0,0,na,na,na
gdelt_9b6ba15a,hu,A menos cerveza ... Heineken recortará hasta 6 . 000 empleos,2026-02-11 19:00:00,2026-02-11 19:00:00,2026-02-11 00:00:00,2026-02-11 00:00:00,2026-02-11 00:00:00,2026-02-11 00:00:00,2026-02-11 00:00:00,,day,,,,,,0,0,0,0,0,0,0,0,0,0,0,na,na,na
gdelt_9bba87e1,en,"Merz CDU wins election in key German state , as support for AfD surges | Elections News",2025-09-15 20:00:00,2025-09-15 20:00:00,2025-09-15 00:00:00,2025-09-15 00:00:00,2025-09-15 00:00:00,2025-09-15 00:00:00,2025-09-15 00:00:00,,day,,,,,,0,0,0,0,0,0,0,0,0,0,0,na,na,na
gdelt_9bc813f2,vi,"Thuế quan hỗn loạn của Trump có thể định hình lại các doanh nghiệp châu Á , bao gồm Việt Nam , như thế nào ? ",2025-07-07 13:30:00,2025-07-07 13:30:00,2025-07-07 00:00:00,2025-07-07 00:00:00,2025-07-07 00:00:00,2025-07-07 00:00:00,2025-07-07 00:00:00,,day,,,,,,0,0,0,0,0,0,0,0,0,0,0,na,na,na
gdelt_9bd78898,en,Malawi election : President Lazarus Chakwera concedes victory to Peter Mutharika,2025-09-24 19:15:00,2025-09-24 19:15:00,2025-09-24 00:00:00,2025-09-24 00:00:00,2025-09-24 00:00:00,2025-09-24 00:00:00,2025-09-24 00:00:00,,day,,,,,,0,0,0,0,0,0,0,0,0,0,0,na,na,na
gdelt_9d58fddc,tr,Japonyada seçimleri ülkenin ilk kadın başbakanı Sanae Takaichi kazandı,2026-02-09 12:30:00,2026-02-09 12:30:00,2026-02-09 00:00:00,2026-02-09 00:00:00,2026-02-09 00:00:00,2026-02-09 00:00:00,2026-02-09 00:00:00,,day,,,,,,0,0,0,0,0,0,0,0,0,0,0,na,na,na
gdelt_9de2680c,en,PSG vs Tottenham live updates : Van de Ven scores opening goal in UEFA Super Cup,2025-08-14 04:00:00,2025-08-14 04:00:00,2025-08-14 00:00:00,2025-08-14 00:00:00,2025-08-14 00:00:00,2025-08-14 00:00:00,2025-08-14 00:00:00,,day,,,,,,0,0,0,0,0,0,0,0,0,0,0,na,na,na
gdelt_9dee4a15,zh-cn,潘非琼先进事迹展在清原满族自治县人民检察院揭展 - 新华网辽宁频道,2025-10-19 23:00:00,2025-10-19 23:00:00,2025-10-19 00:00:00,2025-10-19 00:00:00,2025-10-19 00:00:00,2025-10-19 00:00:00,2025-10-19 00:00:00,,day,,,,,,0,0,0,0,0,0,0,0,0,0,0,na,na,na
gdelt_9e84db06,ko,海南全面推行  机器管处方 - 新华网,2025-09-25 12:00:00,2025-09-25 12:00:00,2025-09-25 00:00:00,2025-09-25 00:00:00,2025-09-25 00:00:00,2025-09-25 00:00:00,2025-09-25 00:00:00,,day,,,,,,0,0,0,0,0,0,0,0,0,0,0,na,na,na
gdelt_9ee00b47,ur,دہلی میں لال قلعہ میٹرو سٹیشن کے قریب کار میں دھماکہ : ہمیں اب تک کیا معلوم ہے ؟ ,2025-11-11 03:00:00,2025-11-11 03:00:00,2025-11-11 00:00:00,2025-11-11 00:00:00,2025-11-11 00:00:00,2025-11-11 00:00:00,2025-11-11 00:00:00,,day,,,,,,0,0,0,0,0,0,0,0,0,0,0,na,na,na
gdelt_9f1decf0,it,Dutch police use water cannon to disperse anti - immigration protestors,2025-09-21 01:15:00,2025-09-21 01:15:00,2025-09-21 00:00:00,2025-09-21 00:00:00,2025-09-21 00:00:00,2025-09-21 00:00:00,2025-09-21 00:00:00,,day,,,,,,0,0,0,0,0,0,0,0,0,0,0,na,na,na
gdelt_9f35efff,vi,Trump dọa các nước  giở trò  với các thỏa thuận thương mại hiện có,2026-02-25 13:00:00,2026-02-25 13:00:00,2026-02-19 00:00:00,2026-02-25 00:00:00,2026-02-25 00:00:00,2026-02-19 00:00:00,2026-02-19 00:00:00,,day,,,,,,0,0,0,0,0,0,0,0,0,0,0,na,na,na
gdelt_9f624657,en,Abraham Accords promised a new Middle East that changed – DW – 09 / 15 / 2025,2025-09-15 23:15:00,2025-09-15 00:00:00,2025-09-15 00:00:00,2025-09-15 00:00:00,2025-09-15 00:00:00,2025-09-15 00:00:00,2025-09-15 00:00:00,,day,2025-01-01 00:00:00,2025-01-01 00:00:00,2025-12-31 00:00:00,year,09 / 15 / 2025,1,1,1,1,1,1,1,1,1,1,1,tie,tie,tie
gdelt_9f89ee06,ru,МВД ФРГ за взятие под стражу отвергнутых просителей убежища – DW – 05 . 10 . 2025,2025-10-06 07:15:00,2025-10-06 07:15:00,2025-10-05 00:00:00,2025-10-06 00:00:00,2025-10-06 00:00:00,2025-10-05 00:00:00,2025-10-05 00:00:00,,day,2025-01-01 00:00:00,2025-01-01 00:00:00,2025-12-31 00:00:00,year,2025,1,1,1,1,1,1,1,1,1,1,1,tie,tie,tie
gdelt_a0075935,en,"Northumberland teen  shocked  as terror police raided home , court hears",2026-01-15 01:00:00,2026-01-15 01:00:00,2026-01-15 00:00:00,2026-01-15 00:00:00,2026-01-15 00:00:00,2026-01-15 00:00:00,2026-01-15 00:00:00,,day,,,,,,0,0,0,0,0,0,0,0,0,0,0,na,na,na
gdelt_a01ac5f6,en,Inquests open into deaths of babies killed by Lucy Letby,2026-02-04 22:30:00,2026-02-04 22:30:00,2026-02-04 00:00:00,2026-02-04 00:00:00,2026-02-04 00:00:00,2026-02-04 00:00:00,2026-02-04 00:00:00,,day,,,,,,0,0,0,0,0,0,0,0,0,0,0,na,na,na
gdelt_a03d80ba,es,Hallan extraño exoplaneta sin categoría planetaria conocida,2026-03-18 02:45:00,2026-03-18 02:45:00,2026-03-18 00:00:00,2026-03-18 00:00:00,2026-03-18 00:00:00,2026-03-18 00:00:00,2026-03-18 00:00:00,,day,,,,,,0,0,0,0,0,0,0,0,0,0,0,na,na,na
gdelt_a0e3c029,cy,Can Syria be unified ? ,2026-01-08 21:00:00,2026-01-08 21:00:00,2026-01-05 00:00:00,2026-01-08 00:00:00,2026-01-08 00:00:00,2026-01-05 00:00:00,2026-01-05 00:00:00,,day,,,,,,0,0,0,0,0,0,0,0,0,0,0,na,na,na
gdelt_a0ec7c4a,zh-cn,朝鲜韩国正进行一场地下资讯战 金正恩会赢吗 ？ - BBC News 中文,2025-06-01 21:15:00,2025-06-01 21:15:00,2025-06-01 00:00:00,2025-06-01 00:00:00,2025-06-01 00:00:00,2025-06-01 00:00:00,2025-06-01 00:00:00,,day,,,,,,0,0,0,0,0,0,0,0,0,0,0,na,na,na
gdelt_a10afb7b,en,"Singapore 15th Parliament opens : Country can shape own destiny amid turbulent world , says Tharman",2025-09-05 22:00:00,2025-09-05 22:00:00,2025-09-05 00:00:00,2025-09-05 00:00:00,2025-09-05 00:00:00,2025-09-05 00:00:00,2025-09-05 00:00:00,,day,,,,,,0,0,0,0,0,0,0,0,0,0,0,na,na,na
gdelt_a1403df0,en,"West Ham improving attack can keep them up , their defence could still send them down",2026-01-25 17:15:00,2026-01-25 17:15:00,2026-01-25 00:00:00,2026-01-25 00:00:00,2026-01-25 00:00:00,2026-01-25 00:00:00,2026-01-25 00:00:00,,day,,,,,,0,0,0,0,0,0,0,0,0,0,0,na,na,na
gdelt_a1493e8c,ca,Celebran el Festival de la Primavera en China | Spanish . xinhuanet . com,2026-02-17 11:15:00,2026-02-17 11:15:00,2026-02-17 00:00:00,2026-02-17 00:00:00,2026-02-17 00:00:00,2026-02-17 00:00:00,2026-02-17 00:00:00,,day,,,,,,0,0,0,0,0,0,0,0,0,0,0,na,na,na
gdelt_a14aa9d0,zh-cn,贵州代表团在第三届全国技能大赛上收获满满 - 新华网,2025-09-25 10:15:00,2025-09-25 10:15:00,2025-09-25 00:00:00,2025-09-25 00:00:00,2025-09-25 00:00:00,2025-09-25 00:00:00,2025-09-25 00:00:00,,day,,,,,,0,0,0,0,0,0,0,0,0,0,0,na,na,na
gdelt_a166804a,en,How bad will Thanksgiving travel be in the US ? ,2025-11-20 21:30:00,2025-11-20 21:30:00,2025-11-20 00:00:00,2025-11-20 00:00:00,2025-11-20 00:00:00,2025-11-20 00:00:00,2025-11-20 00:00:00,,day,,,,,,0,0,0,0,0,0,0,0,0,0,0,na,na,na
gdelt_a17bd04a,en,Apple sued by authors over use of books in AI training,2025-09-06 11:45:00,2025-09-06 11:45:00,2025-09-06 00:00:00,2025-09-06 00:00:00,2025-09-06 00:00:00,2025-09-06 00:00:00,2025-09-06 00:00:00,,day,,,,,,0,0,0,0,0,0,0,0,0,0,0,na,na,na
gdelt_a18bde5c,uk,Київ без тепла : чи є альтернатива для Дарницької ТЕЦ ? ,2026-02-11 22:30:00,2026-02-11 22:30:00,2026-02-11 00:00:00,2026-02-11 00:00:00,2026-02-11 00:00:00,2026-02-11 00:00:00,2026-02-11 00:00:00,,day,,,,,,0,0,0,0,0,0,0,0,0,0,0,na,na,na
gdelt_a19f45a2,zh-cn,浙江省大部已入春 今年春天缘何提前赴约 - 新华网,2026-02-26 10:45:00,2026-02-26 10:45:00,2026-02-26 00:00:00,2026-02-26 00:00:00,2026-02-26 00:00:00,2026-02-26 00:00:00,2026-02-26 00:00:00,,day,2026-01-01 00:00:00,2026-01-01 00:00:00,2026-12-31 00:00:00,year,今年,1,1,1,1,1,1,1,1,1,1,1,tie,tie,tie
gdelt_a2133d95,en,"US tariff rate to hit 15 % or more for some nations , Greer says",2026-02-26 02:15:00,2026-02-26 02:15:00,2026-02-26 00:00:00,2026-02-26 00:00:00,2026-02-26 00:00:00,2026-02-26 00:00:00,2026-02-26 00:00:00,,day,,,,,,0,0,0,0,0,0,0,0,0,0,0,na,na,na
gdelt_a2290be1,en,YouTube says it will comply with Australia teen social media ban,2025-12-03 09:30:00,2025-12-03 09:30:00,2025-12-03 00:00:00,2025-12-03 00:00:00,2025-12-03 00:00:00,2025-12-03 00:00:00,2025-12-03 00:00:00,,day,,,,,,0,0,0,0,0,0,0,0,0,0,0,na,na,na
gdelt_a23b1a79,ca,Hong Kong emite la señal de alerta de tormenta negra | Spanish . xinhuanet . com,2025-08-03 10:30:00,2025-08-03 10:30:00,2025-08-03 00:00:00,2025-08-03 00:00:00,2025-08-03 00:00:00,2025-08-03 00:00:00,2025-08-03 00:00:00,,day,,,,,,0,0,0,0,0,0,0,0,0,0,0,na,na,na
gdelt_a287501a,uk,Україна розраховує на візит Зеленського до США у листопаді – DW – 25 . 11 . 2025,2025-11-25 21:15:00,2025-11-25 21:15:00,2025-11-25 00:00:00,2025-11-25 00:00:00,2025-11-25 00:00:00,2025-11-25 00:00:00,2025-11-25 00:00:00,,day,2025-01-01 00:00:00,2025-01-01 00:00:00,2025-12-31 00:00:00,year,2025,1,1,1,1,1,1,1,1,1,1,1,tie,tie,tie
gdelt_a29dc92d,zh-cn,临夏永靖 ： 追青逐绿绘新景 - 新华网,2025-09-14 15:15:00,2025-09-14 15:15:00,2025-09-14 00:00:00,2025-09-14 00:00:00,2025-09-14 00:00:00,2025-09-14 00:00:00,2025-09-14 00:00:00,,day,,,,,,0,0,0,0,0,0,0,0,0,0,0,na,na,na
gdelt_a2bca365,en,What is Israel  most moral army in the world  doing in Gaza ? | Gaza News,2025-08-20 19:00:00,2025-08-20 19:00:00,2025-08-20 00:00:00,2025-08-20 00:00:00,2025-08-20 00:00:00,2025-08-20 00:00:00,2025-08-20 00:00:00,,day,,,,,,0,0,0,0,0,0,0,0,0,0,0,na,na,na
gdelt_a2e82fc6,en,National Dental Centre photographer assigned to capture patient jaws shot over 600 chest photos instead,2025-11-18 16:00:00,2025-11-18 16:00:00,2025-11-18 00:00:00,2025-11-18 00:00:00,2025-11-18 00:00:00,2025-11-18 00:00:00,2025-11-18 00:00:00,,day,,,,,,0,0,0,0,0,0,0,0,0,0,0,na,na,na
gdelt_a315b44e,fr,Mali : Choguel Kokalla Maïga inculpé et écroué – DW – 19 / 08 / 2025,2025-08-20 05:30:00,2025-08-20 05:30:00,2025-08-19 00:00:00,2025-08-20 00:00:00,2025-08-20 00:00:00,2025-08-19 00:00:00,2025-08-19 00:00:00,,day,2025-01-01 00:00:00,2025-01-01 00:00:00,2025-12-31 00:00:00,year,19 / 08 / 2025,1,1,1,1,1,1,1,1,1,1,1,tie,tie,tie
gdelt_a32945b9,ko,上海 ： 纳百川之势 聚发展合力 - 新华网,2025-09-25 10:30:00,2025-09-25 10:30:00,2025-09-25 00:00:00,2025-09-25 00:00:00,2025-09-25 00:00:00,2025-09-25 00:00:00,2025-09-25 00:00:00,,day,,,,,,0,0,0,0,0,0,0,0,0,0,0,na,na,na
gdelt_a35fc611,en,Cases of flesh - eating screwworms increase 53 % in Mexico : Report,2025-08-28 16:00:00,2025-08-28 16:00:00,2025-08-28 00:00:00,2025-08-28 00:00:00,2025-08-28 00:00:00,2025-08-28 00:00:00,2025-08-28 00:00:00,,day,,,,,,0,0,0,0,0,0,0,0,0,0,0,na,na,na
gdelt_a44a57e0,en,Could Neymar drag himself to one last World Cup with Brazil ? ,2025-12-14 15:15:00,2025-12-14 15:15:00,2025-12-14 00:00:00,2025-12-14 00:00:00,2025-12-14 00:00:00,2025-12-14 00:00:00,2025-12-14 00:00:00,,day,,,,,,0,0,0,0,0,0,0,0,0,0,0,na,na,na
gdelt_a45882d6,bg,Ще се стигне ли до бойкот на Мондиал 2026 заради Тръмп,2026-01-28 00:45:00,2026-01-28 00:45:00,2026-01-28 00:00:00,2026-01-28 00:00:00,2026-01-28 00:00:00,2026-01-01 00:00:00,2026-12-31 00:00:00,,year,2026-01-01 00:00:00,2026-01-01 00:00:00,2026-12-31 00:00:00,year,2026,1,1,1,1,1,1,1,1,1,1,1,tie,tie,tie
gdelt_a4776899,en,"Absence of Ben Kindel , Harrison Brunicke shows in Penguin loss : 10 observations",2025-10-26 19:45:00,2025-10-26 19:45:00,2025-10-26 00:00:00,2025-10-26 00:00:00,2025-10-26 00:00:00,2025-10-26 00:00:00,2025-10-26 00:00:00,,day,,,,,,0,0,0,0,0,0,0,0,0,0,0,na,na,na
gdelt_a477a8d2,en,"Singapore open water team finishes 14th , calls it  good indicator  ahead of SEA Games",2025-07-21 02:00:00,2025-07-21 02:00:00,2025-07-21 00:00:00,2025-07-21 00:00:00,2025-07-21 00:00:00,2025-07-21 00:00:00,2025-07-21 00:00:00,,day,,,,,,0,0,0,0,0,0,0,0,0,0,0,na,na,na
gdelt_a4a59ede,en,Koh Poh Koon makes a clarification,2026-02-04 16:15:00,2026-02-04 16:15:00,2026-02-04 00:00:00,2026-02-04 00:00:00,2026-02-04 00:00:00,2026-02-04 00:00:00,2026-02-04 00:00:00,,day,,,,,,0,0,0,0,0,0,0,0,0,0,0,na,na,na
gdelt_a4c069a4,en,England resident doctors to strike for five days | Health News,2025-12-16 01:15:00,2025-12-11 01:15:00,2025-12-11 00:00:00,2025-12-11 00:00:00,2025-12-11 00:00:00,2025-12-11 00:00:00,2025-12-11 00:00:00,,day,,,,,,0,0,0,0,0,0,0,0,0,0,0,na,na,na
gdelt_a4fe315a,fr,Mexique : 62 morts dans les violences après la mort du baron de la drogue El Mencho - Xinhua,2026-02-24 22:45:00,2026-02-24 22:45:00,2026-02-24 00:00:00,2026-02-24 00:00:00,2026-02-24 00:00:00,2026-02-24 00:00:00,2026-02-24 00:00:00,,day,,,,,,0,0,0,0,0,0,0,0,0,0,0,na,na,na
gdelt_a52017ee,en,Ruth Jones gives The Other Bennet Sister cast  cracking  tour of Barry Island,2026-03-25 02:45:00,2026-03-25 02:45:00,2026-03-25 00:00:00,2026-03-25 00:00:00,2026-03-25 00:00:00,2026-03-25 00:00:00,2026-03-25 00:00:00,,day,,,,,,0,0,0,0,0,0,0,0,0,0,0,na,na,na
gdelt_a5ddc196,zh-cn,微波如何帮助我们彼此沟通 ， 并聆听宇宙的声音 - BBC News 中文,2025-10-28 12:15:00,2025-10-28 12:15:00,2025-10-28 00:00:00,2025-10-28 00:00:00,2025-10-28 00:00:00,2025-10-28 00:00:00,2025-10-28 00:00:00,,day,,,,,,0,0,0,0,0,0,0,0,0,0,0,na,na,na
gdelt_a61a0c85,ko,百余艺术家在京呈现  国际新媒体艺术  最新成果 - 新华网,2025-12-16 13:00:00,2025-12-16 13:00:00,2025-12-16 00:00:00,2025-12-16 00:00:00,2025-12-16 00:00:00,2025-12-16 00:00:00,2025-12-16 00:00:00,,day,,,,,,0,0,0,0,0,0,0,0,0,0,0,na,na,na
gdelt_a63619a4,en,"Trump secures Netanyahu agreement to Gaza peace proposal , but doubts remain",2025-09-30 10:45:00,2025-09-30 10:45:00,2025-09-30 00:00:00,2025-09-30 00:00:00,2025-09-30 00:00:00,2025-09-30 00:00:00,2025-09-30 00:00:00,,day,,,,,,0,0,0,0,0,0,0,0,0,0,0,na,na,na
gdelt_a65245d5,nl,Europas  Hidden Champion : Polen – DW – 20 . 10 . 2025,2025-10-20 22:30:00,2025-10-20 22:30:00,2025-10-20 00:00:00,2025-10-20 00:00:00,2025-10-20 00:00:00,2025-10-20 00:00:00,2025-10-20 00:00:00,,day,2025-01-01 00:00:00,2025-01-01 00:00:00,2025-12-31 00:00:00,year,2025,1,1,1,1,1,1,1,1,1,1,1,tie,tie,tie
gdelt_a654c25b,es,"Há 20 anos , polícia londrina matava Jean Charles de Menezes – DW – 22 / 07 / 2025",2025-07-22 16:45:00,2025-07-22 16:45:00,2025-07-22 00:00:00,2025-07-22 00:00:00,2025-07-22 00:00:00,2025-07-22 00:00:00,2025-07-22 00:00:00,,day,2025-01-01 00:00:00,2025-01-01 00:00:00,2025-12-31 00:00:00,year,22 / 07 / 2025,1,1,1,1,1,1,1,1,1,1,1,tie,tie,tie
gdelt_a66f1203,en,Two men die unloading glass near Hitchin Town football ground,2025-09-09 19:00:00,2025-09-09 19:00:00,2025-09-09 00:00:00,2025-09-09 00:00:00,2025-09-09 00:00:00,2025-09-09 00:00:00,2025-09-09 00:00:00,,day,,,,,,0,0,0,0,0,0,0,0,0,0,0,na,na,na
gdelt_a6ad2173,en,Chris Gotterup holds off Rory McIlroy to win Scottish Open,2025-07-14 08:00:00,2025-07-14 08:00:00,2025-07-14 00:00:00,2025-07-14 00:00:00,2025-07-14 00:00:00,2025-07-14 00:00:00,2025-07-14 00:00:00,,day,,,,,,0,0,0,0,0,0,0,0,0,0,0,na,na,na
gdelt_a6cb8f75,et,"WHO sees no autism links to Tylenol , vaccines",2025-09-23 23:15:00,2025-09-23 23:15:00,2025-09-18 00:00:00,2025-09-23 00:00:00,2025-09-23 00:00:00,2025-09-18 00:00:00,2025-09-18 00:00:00,,day,,,,,,0,0,0,0,0,0,0,0,0,0,0,na,na,na
gdelt_a76027fb,en,"Gojek , Ryde increase platform fees in February , following rivals Grab , ComfortDelGro",2026-02-12 17:45:00,2026-02-12 00:00:00,2026-02-12 00:00:00,2026-02-12 00:00:00,2026-02-12 00:00:00,2026-02-01 00:00:00,2026-02-28 00:00:00,,month,2026-02-01 00:00:00,2026-02-01 00:00:00,2026-02-28 00:00:00,month,in February,1,1,1,1,1,1,1,1,1,1,1,tie,tie,tie
gdelt_a84d5214,zh-cn,加沙饥荒 ： 首批援助物资终获准进入 – DW – 2025年7月27日,2025-07-27 23:15:00,2025-07-27 00:00:00,2025-07-27 00:00:00,2025-07-27 00:00:00,2025-07-27 00:00:00,2025-07-27 00:00:00,2025-07-27 00:00:00,,day,2025-07-27 00:00:00,2025-07-27 00:00:00,2025-07-27 00:00:00,day,2025年7月27日,1,1,1,1,1,1,1,1,1,1,0,tie,tie,tie
gdelt_a87b09ec,zh-cn,云南兰坪重走盐马古道采风活动将于11月6日启动 _ 新华网,2025-11-04 15:30:00,2011-06-04 00:00:00,2025-11-06 00:00:00,2011-06-04 00:00:00,2011-06-04 00:00:00,2025-11-06 00:00:00,2025-11-06 00:00:00,,day,2025-11-06 00:00:00,2025-11-06 00:00:00,2025-11-06 00:00:00,day,11月6日,1,1,0,1,0,1,0,1,0,1,0,v2_better,v2_better,v2_better
gdelt_a8adb984,zh-cn,中国车殇 ： 又一场房地产泡沫式悲剧 ？ – DW – 2025年9月21日,2025-09-21 15:45:00,2025-09-21 00:00:00,2025-09-21 00:00:00,2025-09-21 00:00:00,2025-09-21 00:00:00,2025-09-21 00:00:00,2025-09-21 00:00:00,,day,2025-09-21 00:00:00,2025-09-21 00:00:00,2025-09-21 00:00:00,day,2025年9月21日,1,1,1,1,1,1,1,1,1,1,0,tie,tie,tie
gdelt_a8d60897,en,Singapore economy grew 4 . 3 % in the second quarter of 2025 : MTI advance estimates,2025-07-14 09:00:00,2025-07-14 09:00:00,2025-07-14 00:00:00,2025-07-14 00:00:00,2025-07-14 00:00:00,2025-01-01 00:00:00,2025-12-31 00:00:00,,year,2025-01-01 00:00:00,2025-01-01 00:00:00,2025-12-31 00:00:00,year,of 2025,1,1,1,1,1,1,1,1,1,1,1,tie,tie,tie
gdelt_a8e345ae,sv,Indonesian stocks plunge more than 7 % after MSCI flags risks,2026-01-28 22:00:00,2026-01-28 22:00:00,2026-01-28 00:00:00,2026-01-28 00:00:00,2026-01-28 00:00:00,2026-01-28 00:00:00,2026-01-28 00:00:00,,day,,,,,,0,0,0,0,0,0,0,0,0,0,0,na,na,na
gdelt_a913fc8e,en,"Winter Olympics 2026 : GB Zoe Atkin claims halfpipe bronze , Eileen Gu wins gold",2026-02-22 20:30:00,2026-02-22 00:00:00,2026-02-22 00:00:00,2026-02-22 00:00:00,2026-02-22 00:00:00,2026-01-01 00:00:00,2026-12-31 00:00:00,,year,2026-01-01 00:00:00,2026-01-01 00:00:00,2026-12-31 00:00:00,year,2026,1,1,1,1,1,1,1,1,1,1,1,tie,tie,tie
gdelt_a965c345,en,N Korea Kim hails  ever - victoriou army role in war against Ukraine | Kim Jong Un News,2025-12-12 11:00:00,2025-12-12 11:00:00,2025-12-12 00:00:00,2025-12-12 00:00:00,2025-12-12 00:00:00,2025-12-12 00:00:00,2025-12-12 00:00:00,,day,,,,,,0,0,0,0,0,0,0,0,0,0,0,na,na,na
gdelt_a9de8931,en,Hundreds of flights cancelled as big freeze grips western Europe,2026-01-08 02:30:00,2026-01-08 02:30:00,2026-01-08 00:00:00,2026-01-08 00:00:00,2026-01-08 00:00:00,2026-01-08 00:00:00,2026-01-08 00:00:00,,day,,,,,,0,0,0,0,0,0,0,0,0,0,0,na,na,na
gdelt_aa42ca0c,zh-cn,女足亚洲杯八强出炉 中国队将对阵中国台北队 - 新华网,2026-03-10 23:00:00,2026-03-10 23:00:00,2026-03-10 00:00:00,2026-03-10 00:00:00,2026-03-10 00:00:00,2026-03-10 00:00:00,2026-03-10 00:00:00,,day,,,,,,0,0,0,0,0,0,0,0,0,0,0,na,na,na
gdelt_aa4587ee,pl,Media : Niemcy planują wielki zakup czołgów – DW – 07 . 07 . 2025,2025-07-08 01:45:00,2025-07-08 01:45:00,2025-07-07 00:00:00,2025-07-08 00:00:00,2025-07-08 00:00:00,2025-07-07 00:00:00,2025-07-07 00:00:00,,day,2025-01-01 00:00:00,2025-01-01 00:00:00,2025-12-31 00:00:00,year,2025,1,1,1,1,1,1,1,1,1,1,1,tie,tie,tie
gdelt_aa7cfe13,en,Germany news : CDU faces opposition over sick notes proposal,2026-02-23 18:00:00,2026-02-23 18:00:00,2026-02-23 00:00:00,2026-02-23 00:00:00,2026-02-23 00:00:00,2026-02-23 00:00:00,2026-02-23 00:00:00,,day,,,,,,0,0,0,0,0,0,0,0,0,0,0,na,na,na
gdelt_aa914b07,ko,杭州余杭区东西大道运河大桥改造工程主拱精准合龙 - 新华网,2026-03-16 22:45:00,2026-03-16 22:45:00,2026-03-16 00:00:00,2026-03-16 00:00:00,2026-03-16 00:00:00,2026-03-16 00:00:00,2026-03-16 00:00:00,,day,,,,,,0,0,0,0,0,0,0,0,0,0,0,na,na,na
gdelt_aaa3a480,en,Israel demolishes more buildings in military - controlled Gaza : Analysis,2025-12-16 04:15:00,2025-12-16 04:15:00,2025-12-16 00:00:00,2025-12-16 00:00:00,2025-12-16 00:00:00,2025-12-16 00:00:00,2025-12-16 00:00:00,,day,,,,,,0,0,0,0,0,0,0,0,0,0,0,na,na,na
gdelt_aaa5dbeb,en,2025 Atlantic hurricane season ends : The five things that set this season apart,2025-11-30 13:15:00,2025-11-30 00:00:00,2025-11-30 00:00:00,2025-11-30 00:00:00,2025-11-30 00:00:00,2025-01-01 00:00:00,2025-12-31 00:00:00,,year,2025-01-01 00:00:00,2025-01-01 00:00:00,2025-12-31 00:00:00,year,2025,1,1,1,1,1,1,1,1,1,1,1,tie,tie,tie
gdelt_ab082ad1,en,"Online English tests for migrants risk criminal abuse , providers warn government",2026-03-17 10:30:00,2026-03-17 10:30:00,2026-03-17 00:00:00,2026-03-17 00:00:00,2026-03-17 00:00:00,2026-03-17 00:00:00,2026-03-17 00:00:00,,day,,,,,,0,0,0,0,0,0,0,0,0,0,0,na,na,na
gdelt_ab1513a9,en,"What fuelling Grab - GoTo merger talk in Indonesia - financial losses , politics or other factors ? ",2025-12-03 14:15:00,2025-12-03 14:15:00,2025-12-03 00:00:00,2025-12-03 00:00:00,2025-12-03 00:00:00,2025-12-03 00:00:00,2025-12-03 00:00:00,,day,,,,,,0,0,0,0,0,0,0,0,0,0,0,na,na,na
gdelt_ab2cf328,fr,Un homme armé tire sur au moins deux personnes dans un immeuble de bureaux à New York - Xinhua,2025-07-29 13:15:00,2025-07-29 13:15:00,2025-07-29 00:00:00,2025-07-29 00:00:00,2025-07-29 00:00:00,2025-07-29 00:00:00,2025-07-29 00:00:00,,day,,,,,,0,0,0,0,0,0,0,0,0,0,0,na,na,na
gdelt_ab3ccdbe,ru,СВР Украины : Кремль готовит провокацию с жертвами – DW – 02 . 01 . 2026,2026-01-02 22:00:00,2026-01-02 22:00:00,2026-01-02 00:00:00,2026-01-02 00:00:00,2026-01-02 00:00:00,2026-01-02 00:00:00,2026-01-02 00:00:00,,day,2026-01-01 00:00:00,2026-01-01 00:00:00,2026-12-31 00:00:00,year,2026,1,1,1,1,1,1,1,1,1,1,1,tie,tie,tie
gdelt_ab432069,en,Singapore manufacturers race to lower cost base before US tariffs kick in,2025-07-31 23:30:00,2025-07-31 23:30:00,2025-07-31 00:00:00,2025-07-31 00:00:00,2025-07-31 00:00:00,2025-07-31 00:00:00,2025-07-31 00:00:00,,day,,,,,,0,0,0,0,0,0,0,0,0,0,0,na,na,na
gdelt_ab60ac25,fr,Tour de France : Pauline Ferrand - Prévot rides to victory – DW – 08 / 03 / 2025,2025-08-04 06:45:00,2025-08-04 06:45:00,2025-03-08 00:00:00,2025-08-04 00:00:00,2025-08-04 00:00:00,2025-03-08 00:00:00,2025-03-08 00:00:00,,day,2025-01-01 00:00:00,2025-01-01 00:00:00,2025-12-31 00:00:00,year,08 / 03 / 2025,1,1,1,1,1,1,1,1,1,1,1,tie,tie,tie
gdelt_ab851b49,sq,Sulmet kibernetike në aeroporte : Çfarë duhet të dini – DW – 22 / 09 / 2025,2025-09-23 01:00:00,2025-09-23 01:00:00,2025-09-22 00:00:00,2025-09-23 00:00:00,2025-09-23 00:00:00,2025-09-22 00:00:00,2025-09-22 00:00:00,,day,2025-01-01 00:00:00,2025-01-01 00:00:00,2025-12-31 00:00:00,year,22 / 09 / 2025,1,1,1,1,1,1,1,1,1,1,1,tie,tie,tie
gdelt_ab8e9ce1,so,Trump oo xadka awooddiisa tijaabinaya iyo Minnesota oo iska celineysa,2026-01-19 16:15:00,2026-01-19 16:15:00,2026-01-19 00:00:00,2026-01-19 00:00:00,2026-01-19 00:00:00,2026-01-19 00:00:00,2026-01-19 00:00:00,,day,,,,,,0,0,0,0,0,0,0,0,0,0,0,na,na,na
gdelt_ac232d04,en,"Singapore GDP growth projection for 2025 upgraded , but outlook uncertain",2025-08-12 23:30:00,2025-08-12 00:00:00,2025-08-12 00:00:00,2025-08-12 00:00:00,2025-08-12 00:00:00,2025-01-01 00:00:00,2025-12-31 00:00:00,,year,2025-01-01 00:00:00,2025-01-01 00:00:00,2025-12-31 00:00:00,year,2025,1,1,1,1,1,1,1,1,1,1,1,tie,tie,tie
gdelt_acdc8c44,zh-cn,聚焦  3+2+1  新型工业体系 毕节开展工业高质量发展媒体采风活动 - 新华网,2025-12-14 14:15:00,2025-12-14 14:15:00,2025-12-14 00:00:00,2025-12-14 00:00:00,2025-12-14 00:00:00,2025-12-14 00:00:00,2025-12-14 00:00:00,,day,,,,,,0,0,0,0,0,0,0,0,0,0,0,na,na,na
gdelt_acf35ed6,en,Could oil hit $200 a barrel ? Analysts no longer think it is far - fetched,2026-03-19 13:30:00,2026-03-19 13:30:00,2026-03-19 00:00:00,2026-03-19 00:00:00,2026-03-19 00:00:00,2026-03-19 00:00:00,2026-03-19 00:00:00,,day,,,,,,0,0,0,0,0,0,0,0,0,0,0,na,na,na
gdelt_ad050f9d,de,Was politische Gefangene in Belarus im Winter durchmachen,2026-02-02 07:00:00,2026-02-02 07:00:00,2026-02-02 00:00:00,2026-02-02 00:00:00,2026-02-02 00:00:00,2026-02-02 00:00:00,2026-02-02 00:00:00,,day,,,,,,0,0,0,0,0,0,0,0,0,0,0,na,na,na
gdelt_ad3ac775,en,"Judge Rules Fed Governor Can Remain in Role , for Now",2025-09-10 11:15:00,2025-09-10 11:15:00,2025-09-10 00:00:00,2025-09-10 00:00:00,2025-09-10 00:00:00,2025-09-10 00:00:00,2025-09-10 00:00:00,,day,,,,,,0,0,0,0,0,0,0,0,0,0,0,na,na,na
gdelt_ad4640a1,en,"New wave of attacks on Iran , Gulf nations as economic fallout deepens",2026-03-13 17:45:00,2026-03-13 17:45:00,2026-03-13 00:00:00,2026-03-13 00:00:00,2026-03-13 00:00:00,2026-03-13 00:00:00,2026-03-13 00:00:00,,day,,,,,,0,0,0,0,0,0,0,0,0,0,0,na,na,na
gdelt_ad7e8c4b,ro,  NHS cut funding after Gran didnt die on time  ,2025-08-13 15:45:00,2025-08-13 15:45:00,2025-08-13 00:00:00,2025-08-13 00:00:00,2025-08-13 00:00:00,2025-08-13 00:00:00,2025-08-13 00:00:00,,day,,,,,,0,0,0,0,0,0,0,0,0,0,0,na,na,na
gdelt_adcdbcdc,en,Commentary : China faces a fertility paradox,2025-08-26 13:15:00,2025-08-26 13:15:00,2025-08-26 00:00:00,2025-08-26 00:00:00,2025-08-26 00:00:00,2025-08-26 00:00:00,2025-08-26 00:00:00,,day,,,,,,0,0,0,0,0,0,0,0,0,0,0,na,na,na
gdelt_add88209,ar,الجيش الإسرائيلي يعلن بدء عمليات  بريّة محددة  ضد حزب الله في جنوب لبنان,2026-03-16 17:00:00,2026-03-16 17:00:00,2026-03-16 00:00:00,2026-03-16 00:00:00,2026-03-16 00:00:00,2026-03-16 00:00:00,2026-03-16 00:00:00,,day,,,,,,0,0,0,0,0,0,0,0,0,0,0,na,na,na
gdelt_ade22f2c,en,NATO ally Denmark warns US against taking Greenland by force,2026-01-06 10:30:00,2026-01-06 10:30:00,2026-01-06 00:00:00,2026-01-06 00:00:00,2026-01-06 00:00:00,2026-01-06 00:00:00,2026-01-06 00:00:00,,day,,,,,,0,0,0,0,0,0,0,0,0,0,0,na,na,na
gdelt_ade515a8,bg,ЕС е замразил кредитен план за Унгария за над 17 млрд . евро ? ,2026-03-26 19:15:00,2026-03-26 19:15:00,2026-03-26 00:00:00,2026-03-26 00:00:00,2026-03-26 00:00:00,2026-03-26 00:00:00,2026-03-26 00:00:00,,day,,,,,,0,0,0,0,0,0,0,0,0,0,0,na,na,na
gdelt_adf54e5d,en,Singapore drops to 7th worldwide in ability to attract and retain talent,2025-09-09 06:30:00,2025-09-09 06:30:00,2025-07-01 00:00:00,2025-09-09 00:00:00,2025-09-09 00:00:00,2025-07-01 00:00:00,2025-07-01 00:00:00,,day,,,,,,0,0,0,0,0,0,0,0,0,0,0,na,na,na
gdelt_ae62f905,en,Israel attacks press as  silencing  policy : Palestinian journalists union | Israel - Palestine conflict News,2025-12-27 06:00:00,2025-12-27 06:00:00,2025-12-27 00:00:00,2025-12-27 00:00:00,2025-12-27 00:00:00,2025-12-27 00:00:00,2025-12-27 00:00:00,,day,,,,,,0,0,0,0,0,0,0,0,0,0,0,na,na,na
gdelt_ae81ea04,en,Swiss reject right - wing plan to cut licence fee for public broadcaster,2026-03-08 21:45:00,2026-03-08 21:45:00,2026-03-08 00:00:00,2026-03-08 00:00:00,2026-03-08 00:00:00,2026-03-08 00:00:00,2026-03-08 00:00:00,,day,,,,,,0,0,0,0,0,0,0,0,0,0,0,na,na,na
gdelt_aebe81ac,fa,جی‌دی ونس ، معاون ترامپ وارد اسرائیل شد - BBC News فارسی,2025-10-21 20:00:00,2025-10-21 20:00:00,2025-10-21 00:00:00,2025-10-21 00:00:00,2025-10-21 00:00:00,2025-10-21 00:00:00,2025-10-21 00:00:00,,day,,,,,,0,0,0,0,0,0,0,0,0,0,0,na,na,na
gdelt_af694c99,es,Se disparan compras libres de impuestos en el Puerto de Libre Comercio de Hainan,2026-01-18 20:30:00,2026-01-18 20:30:00,2026-01-18 00:00:00,2026-01-18 00:00:00,2026-01-18 00:00:00,2026-01-18 00:00:00,2026-01-18 00:00:00,,day,,,,,,0,0,0,0,0,0,0,0,0,0,0,na,na,na
gdelt_af80d23f,en,"US aims for international Gaza force deployment early next year , say US officials",2025-12-13 05:30:00,2025-12-13 05:30:00,2026-12-13 00:00:00,2025-12-13 00:00:00,2025-12-13 00:00:00,2026-12-13 00:00:00,2026-12-13 00:00:00,,day,2026-01-01 00:00:00,2026-01-01 00:00:00,2026-12-31 00:00:00,year,next year,1,1,0,1,0,1,0,1,0,1,1,v2_better,v2_better,v2_better
gdelt_af867f73,ru,В России созданы войска беспилотных систем – DW – 12 . 11 . 2025,2025-11-12 18:45:00,2025-11-12 18:45:00,2025-11-12 00:00:00,2025-11-12 00:00:00,2025-11-12 00:00:00,2025-11-12 00:00:00,2025-11-12 00:00:00,,day,2025-01-01 00:00:00,2025-01-01 00:00:00,2025-12-31 00:00:00,year,2025,1,1,1,1,1,1,1,1,1,1,1,tie,tie,tie
gdelt_af8ecefd,pt,Trump diz que pretende endurecer regras para voto nos EUA – DW – 31 / 08 / 2025,2025-09-01 05:30:00,2025-09-01 05:30:00,2025-08-31 00:00:00,2025-09-01 00:00:00,2025-09-01 00:00:00,2025-08-31 00:00:00,2025-08-31 00:00:00,,day,2025-01-01 00:00:00,2025-01-01 00:00:00,2025-12-31 00:00:00,year,31 / 08 / 2025,1,1,1,1,1,1,1,1,1,1,1,tie,tie,tie
gdelt_af903db6,ar,التجديد لليونيفيل : مواجهة دبلوماسية قد تغيّر المشهد في الجنوب اللبناني,2025-08-24 15:00:00,2025-08-24 15:00:00,2025-08-24 00:00:00,2025-08-24 00:00:00,2025-08-24 00:00:00,2025-08-24 00:00:00,2025-08-24 00:00:00,,day,,,,,,0,0,0,0,0,0,0,0,0,0,0,na,na,na
gdelt_afc1b167,en,"UN chief , top diplomats plead for support for UNRWA amid Gaza crisis",2025-09-26 10:00:00,2025-09-26 10:00:00,2025-09-26 00:00:00,2025-09-26 00:00:00,2025-09-26 00:00:00,2025-09-26 00:00:00,2025-09-26 00:00:00,,day,,,,,,0,0,0,0,0,0,0,0,0,0,0,na,na,na
gdelt_afcf251c,en,Burger King to more than triple outlets in China under joint venture plan,2025-11-11 19:30:00,2025-11-11 19:30:00,2025-11-11 00:00:00,2025-11-11 00:00:00,2025-11-11 00:00:00,2025-11-11 00:00:00,2025-11-11 00:00:00,,day,,,,,,0,0,0,0,0,0,0,0,0,0,0,na,na,na
gdelt_b0335d4a,zh-cn,江苏 ： 京沪线集中修施工有序推进 _ 新华网江苏频道,2025-10-16 14:00:00,2025-10-16 14:00:00,2025-10-16 00:00:00,2025-10-16 00:00:00,2025-10-16 00:00:00,2025-10-16 00:00:00,2025-10-16 00:00:00,,day,,,,,,0,0,0,0,0,0,0,0,0,0,0,na,na,na
gdelt_b03afd51,fa,آیا کشورهای عرب به حمایت از عملیات علیه ایران نزدیک می‌شوند ؟ ,2026-03-01 14:30:00,2026-03-01 14:30:00,2026-03-01 00:00:00,2026-03-01 00:00:00,2026-03-01 00:00:00,2026-03-01 00:00:00,2026-03-01 00:00:00,,day,,,,,,0,0,0,0,0,0,0,0,0,0,0,na,na,na
gdelt_b056e195,en,What is wrong with the Blues at home this season ?  Good question … I dont know  ,2025-10-24 20:30:00,2025-10-24 20:30:00,2025-10-24 00:00:00,2025-10-24 00:00:00,2025-10-24 00:00:00,2025-10-24 00:00:00,2025-10-24 00:00:00,,day,,,,,,0,0,0,0,0,0,0,0,0,0,0,na,na,na
gdelt_b07855b8,en,Japan PM hopeful Takaichi avoids WWII shrine visit amid political tussle,2025-10-17 15:45:00,2025-10-17 15:45:00,2025-10-17 00:00:00,2025-10-17 00:00:00,2025-10-17 00:00:00,2025-10-17 00:00:00,2025-10-17 00:00:00,,day,,,,,,0,0,0,0,0,0,0,0,0,0,0,na,na,na
gdelt_b08a96f2,en,Ethiopia GERD mega dam : What you need to know – DW – 09 / 08 / 2025,2025-09-08 22:15:00,2025-09-08 00:00:00,2025-09-08 00:00:00,2025-09-08 00:00:00,2025-09-08 00:00:00,2025-09-08 00:00:00,2025-09-08 00:00:00,,day,2025-01-01 00:00:00,2025-01-01 00:00:00,2025-12-31 00:00:00,year,09 / 08 / 2025,1,1,1,1,1,1,1,1,1,1,1,tie,tie,tie
gdelt_b0eed38c,ko,龙岩创新推出  五票制  改革 激活沉睡资源 赋能乡村振兴 - 新华网,2025-06-01 22:15:00,2025-06-01 22:15:00,2025-06-01 00:00:00,2025-06-01 00:00:00,2025-06-01 00:00:00,2025-06-01 00:00:00,2025-06-01 00:00:00,,day,,,,,,0,0,0,0,0,0,0,0,0,0,0,na,na,na
gdelt_b10adfc8,so,Hayadaha gargaarka oo ku eedeynaya Israaiil inay raashinka si ula kac ah uga xannibtay Qasa,2025-08-14 15:00:00,2025-08-14 15:00:00,2025-08-14 00:00:00,2025-08-14 00:00:00,2025-08-14 00:00:00,2025-08-14 00:00:00,2025-08-14 00:00:00,,day,,,,,,0,0,0,0,0,0,0,0,0,0,0,na,na,na
gdelt_b10b4f43,en,  I must look after mum now : Summer camp for children of Ukraine missing,2025-08-11 13:00:00,2025-08-11 13:00:00,2025-08-11 00:00:00,2025-08-11 00:00:00,2025-08-11 00:00:00,2025-08-11 00:00:00,2025-08-11 00:00:00,,day,,,,,,0,0,0,0,0,0,0,0,0,0,0,na,na,na
gdelt_b1444a72,en,At least 21 civilians killed in Russian attack in eastern Ukraine Donetsk | Russia - Ukraine war News,2025-09-09 21:45:00,2025-09-09 21:45:00,2025-09-09 00:00:00,2025-09-09 00:00:00,2025-09-09 00:00:00,2025-09-09 00:00:00,2025-09-09 00:00:00,,day,,,,,,0,0,0,0,0,0,0,0,0,0,0,na,na,na
gdelt_b14e13a0,en,"Singer d4vd cancels US , Europe tours amid investigation into teen death | Music News",2025-09-21 19:45:00,2025-09-21 19:45:00,2025-09-21 00:00:00,2025-09-21 00:00:00,2025-09-21 00:00:00,2025-09-21 00:00:00,2025-09-21 00:00:00,,day,,,,,,0,0,0,0,0,0,0,0,0,0,0,na,na,na
gdelt_b19c98cd,sq,Sarkozy lirohet nga burgu në pritje të gjyqit të apelit – DW – 10 / 11 / 2025,2025-11-11 03:00:00,2025-11-11 03:00:00,2025-11-10 00:00:00,2025-11-11 00:00:00,2025-11-11 00:00:00,2025-11-10 00:00:00,2025-11-10 00:00:00,,day,2025-01-01 00:00:00,2025-01-01 00:00:00,2025-12-31 00:00:00,year,10 / 11 / 2025,1,1,1,1,1,1,1,1,1,1,1,tie,tie,tie
gdelt_b1a09029,zh-cn,云南经济半年报  出炉  政策组合拳发力显效 经济运行稳中向好 _ 新华网,2025-07-20 10:45:00,2025-07-20 10:45:00,2025-07-01 00:00:00,2025-07-20 00:00:00,2025-07-20 00:00:00,2025-07-01 00:00:00,2025-07-01 00:00:00,,day,,,,,,0,0,0,0,0,0,0,0,0,0,0,na,na,na
gdelt_b20569fd,en,Africa sees space as  a means to an end  – DW – 09 / 15 / 2025,2025-09-15 20:30:00,2025-09-15 00:00:00,2025-09-15 00:00:00,2025-09-15 00:00:00,2025-09-15 00:00:00,2025-09-15 00:00:00,2025-09-15 00:00:00,,day,2025-01-01 00:00:00,2025-01-01 00:00:00,2025-12-31 00:00:00,year,09 / 15 / 2025,1,1,1,1,1,1,1,1,1,1,1,tie,tie,tie
gdelt_b24c03ef,zh-cn,甘肃省2025年1312亿元新增政府债券全年发行完成 - 新华网,2025-12-07 14:00:00,2025-12-07 00:00:00,2025-12-07 00:00:00,2025-12-07 00:00:00,2025-12-07 00:00:00,2025-01-01 00:00:00,2025-12-31 00:00:00,,year,,,,,,0,0,0,0,0,0,0,0,0,0,0,na,na,na
gdelt_b2a060a3,ru,Ракетная атака Ирана на Тель - Авив : один человек погиб,2026-03-01 08:45:00,2026-03-01 08:45:00,2026-03-01 00:00:00,2026-03-01 00:00:00,2026-03-01 00:00:00,2026-03-01 00:00:00,2026-03-01 00:00:00,,day,,,,,,0,0,0,0,0,0,0,0,0,0,0,na,na,na
gdelt_b2abdea4,de,Deutschland : Rassismus und Sexismus nehmen zu – DW – 03 . 06 . 2025,2025-06-03 17:45:00,2025-06-03 17:45:00,2025-06-03 00:00:00,2025-06-03 00:00:00,2025-06-03 00:00:00,2025-06-03 00:00:00,2025-06-03 00:00:00,,day,2025-01-01 00:00:00,2025-01-01 00:00:00,2025-12-31 00:00:00,year,2025,1,1,1,1,1,1,1,1,1,1,1,tie,tie,tie
gdelt_b2cfee8a,en,SkillsFuture course sign - ups surge as Singaporeans rush to use expiring S$500 credit,2025-12-23 17:30:00,2025-12-23 17:30:00,2025-12-23 00:00:00,2025-12-23 00:00:00,2025-12-23 00:00:00,2025-12-23 00:00:00,2025-12-23 00:00:00,,day,,,,,,0,0,0,0,0,0,0,0,0,0,0,na,na,na
gdelt_b2d5290c,en,  Darkest day for father of missing Katrice Lee,2025-06-02 14:45:00,2025-06-02 14:45:00,2025-06-02 00:00:00,2025-06-02 00:00:00,2025-06-02 00:00:00,2025-06-02 00:00:00,2025-06-02 00:00:00,,day,,,,,,0,0,0,0,0,0,0,0,0,0,0,na,na,na
gdelt_b2f102a2,en,Israeli strike near Beirut kills two as raids target southern suburbs,2026-03-24 20:45:00,2026-03-24 20:45:00,2026-03-24 00:00:00,2026-03-24 00:00:00,2026-03-24 00:00:00,2026-03-24 00:00:00,2026-03-24 00:00:00,,day,,,,,,0,0,0,0,0,0,0,0,0,0,0,na,na,na
gdelt_b338399b,en,This Singaporean has been drawn nude by thousands . ,2026-02-23 13:00:00,2026-02-23 13:00:00,2026-02-23 00:00:00,2026-02-23 00:00:00,2026-02-23 00:00:00,2026-02-23 00:00:00,2026-02-23 00:00:00,,day,,,,,,0,0,0,0,0,0,0,0,0,0,0,na,na,na
gdelt_b33acdde,ko,2025年浙江省  最美家庭  名单发布 - 新华网,2025-11-09 14:15:00,2025-11-09 14:15:00,2025-11-09 00:00:00,2025-11-09 00:00:00,2025-11-09 00:00:00,2025-01-01 00:00:00,2025-12-31 00:00:00,,year,,,,,,0,0,0,0,0,0,0,0,0,0,0,na,na,na
gdelt_b342a6e9,ko,全球第一 ！ 深圳 - 香港 - 广州  创新集群首次登顶 - 新华网,2025-09-02 01:00:00,2025-09-02 01:00:00,2025-09-02 00:00:00,2025-09-02 00:00:00,2025-09-02 00:00:00,2025-09-02 00:00:00,2025-09-02 00:00:00,,day,,,,,,0,0,0,0,0,0,0,0,0,0,0,na,na,na
gdelt_b344884b,mk,Десетици жртви во силниот зимски бран во САД,2026-01-27 20:00:00,2026-01-27 20:00:00,2026-01-27 00:00:00,2026-01-27 00:00:00,2026-01-27 00:00:00,2026-01-27 00:00:00,2026-01-27 00:00:00,,day,,,,,,0,0,0,0,0,0,0,0,0,0,0,na,na,na
gdelt_b3952dab,id,Starmer anaelekea China kuimarisha mahusiano,2026-01-27 11:45:00,2026-01-27 11:45:00,2026-01-22 00:00:00,2026-01-27 00:00:00,2026-01-27 00:00:00,2026-01-22 00:00:00,2026-01-22 00:00:00,,day,,,,,,0,0,0,0,0,0,0,0,0,0,0,na,na,na
gdelt_b39d2991,en,Pakistan tightens security in Islamabad a day after deadly suicide attack,2025-11-12 21:30:00,2025-11-12 21:30:00,2025-11-13 00:00:00,2025-11-12 00:00:00,2025-11-12 00:00:00,2025-11-13 00:00:00,2025-11-13 00:00:00,,day,,,,,,0,0,0,0,0,0,0,0,0,0,0,na,na,na
gdelt_b4105437,fr,Trois scientifiques remportent le prix Nobel de physique pour leur découverte des phénomènes quantiques macroscopiques - Xinhua,2025-10-08 10:30:00,2025-10-08 10:30:00,2025-10-08 00:00:00,2025-10-08 00:00:00,2025-10-08 00:00:00,2025-10-08 00:00:00,2025-10-08 00:00:00,,day,,,,,,0,0,0,0,0,0,0,0,0,0,0,na,na,na
gdelt_b4e15a2c,uk,G7 проситиме Трампа підтримати гарантії для України,2026-01-14 19:00:00,2026-01-14 19:00:00,2026-01-14 00:00:00,2026-01-14 00:00:00,2026-01-14 00:00:00,2026-01-14 00:00:00,2026-01-14 00:00:00,,day,,,,,,0,0,0,0,0,0,0,0,0,0,0,na,na,na
gdelt_b4e33d80,es,Especial : Coloridos festejos por el Año Nuevo chino atraen a miles de personas en Argentina,2026-03-02 13:00:00,2026-03-02 13:00:00,2026-03-01 00:00:00,2026-03-02 00:00:00,2026-03-02 00:00:00,2026-03-01 00:00:00,2026-03-01 00:00:00,,day,,,,,,0,0,0,0,0,0,0,0,0,0,0,na,na,na
gdelt_b4fee75e,af,Ukraine drones strike deep in Russian territory on eve of new talks,2025-06-02 10:00:00,2025-06-02 10:00:00,2025-06-02 00:00:00,2025-06-02 00:00:00,2025-06-02 00:00:00,2025-06-02 00:00:00,2025-06-02 00:00:00,,day,,,,,,0,0,0,0,0,0,0,0,0,0,0,na,na,na
gdelt_b5179e3d,zh-cn,在时代的潮头绽放 记2026年  最美巾帼奋斗者 - 新华网,2026-03-09 13:45:00,2026-03-09 00:00:00,2026-03-09 00:00:00,2026-03-09 00:00:00,2026-03-09 00:00:00,2026-01-01 00:00:00,2026-12-31 00:00:00,,year,2026-01-01 00:00:00,2026-01-01 00:00:00,2026-12-31 00:00:00,year,2026年,1,1,1,1,1,1,1,1,1,1,1,tie,tie,tie
gdelt_b5860d8f,en,"Prabowo vows crackdown on  greednomic , corruption in first State of the Nation address",2025-08-15 15:00:00,2025-08-15 15:00:00,2025-08-15 00:00:00,2025-08-15 00:00:00,2025-08-15 00:00:00,2025-08-15 00:00:00,2025-08-15 00:00:00,,day,,,,,,0,0,0,0,0,0,0,0,0,0,0,na,na,na
gdelt_b586c14a,en,Mission to save 400 - year - old Great Barn at Gawthorpe Hall,2026-01-25 18:45:00,2026-01-25 18:45:00,2026-01-01 00:00:00,2026-01-25 00:00:00,2026-01-25 00:00:00,2026-01-01 00:00:00,2026-01-01 00:00:00,,day,,,,,,0,0,0,0,0,0,0,0,0,0,0,na,na,na
gdelt_b5933694,sw,Ukraine yapambania mpango wa kubadilishana wafungwa na Urusi – DW – 16 . 11 . 2025,2025-11-16 19:15:00,2025-11-16 00:00:00,2025-11-16 00:00:00,2025-11-16 00:00:00,2025-11-16 00:00:00,2025-11-16 00:00:00,2025-11-16 00:00:00,,day,2025-01-01 00:00:00,2025-01-01 00:00:00,2025-12-31 00:00:00,year,2025,1,1,1,1,1,1,1,1,1,1,1,tie,tie,tie
gdelt_b5b7ebc1,sl,Svi izraelski taoci na slobodi – DW – 13 . 10 . 2025 . ,2025-10-13 21:30:00,2025-10-13 21:30:00,2025-10-13 00:00:00,2025-10-13 00:00:00,2025-10-13 00:00:00,2025-10-13 00:00:00,2025-10-13 00:00:00,,day,2025-01-01 00:00:00,2025-01-01 00:00:00,2025-12-31 00:00:00,year,2025,1,1,1,1,1,1,1,1,1,1,1,tie,tie,tie
gdelt_b5dbbc11,es,España celebra su Fiesta Nacional con un desfile en Madrid – DW – 12 / 10 / 2025,2025-10-12 21:00:00,2025-10-12 21:00:00,2025-10-12 00:00:00,2025-10-12 00:00:00,2025-10-12 00:00:00,2025-10-12 00:00:00,2025-10-12 00:00:00,,day,2025-01-01 00:00:00,2025-01-01 00:00:00,2025-12-31 00:00:00,year,12 / 10 / 2025,1,1,1,1,1,1,1,1,1,1,1,tie,tie,tie
gdelt_b5e081b2,ko,夜经济激发兰州新活力 - 新华网,2025-06-10 12:00:00,2025-06-10 12:00:00,2025-06-10 00:00:00,2025-06-10 00:00:00,2025-06-10 00:00:00,2025-06-10 00:00:00,2025-06-10 00:00:00,,day,,,,,,0,0,0,0,0,0,0,0,0,0,0,na,na,na
gdelt_b65dab8e,zh-cn,大型原创舞剧 《 王阳明 》 惊艳登场 - 新华网,2025-08-24 15:00:00,2025-08-24 15:00:00,2025-08-24 00:00:00,2025-08-24 00:00:00,2025-08-24 00:00:00,2025-08-24 00:00:00,2025-08-24 00:00:00,,day,,,,,,0,0,0,0,0,0,0,0,0,0,0,na,na,na
gdelt_b67c8075,tl,China says Japan sent  shocking  wrong signal on Taiwan,2025-11-23 17:00:00,2025-11-23 17:00:00,2025-11-20 00:00:00,2025-11-23 00:00:00,2025-11-23 00:00:00,2025-11-20 00:00:00,2025-11-20 00:00:00,,day,,,,,,0,0,0,0,0,0,0,0,0,0,0,na,na,na
gdelt_b683cfe2,pt,O que EUA ganham ao ajudar Coreia do Sul a construir submarinos nucleares,2025-11-16 23:30:00,2025-11-16 23:30:00,2025-11-16 00:00:00,2025-11-16 00:00:00,2025-11-16 00:00:00,2025-11-16 00:00:00,2025-11-16 00:00:00,,day,,,,,,0,0,0,0,0,0,0,0,0,0,0,na,na,na
gdelt_b69503ff,en,NBA Rewind : The Warriors - Spurs showdown was one for the ages,2025-11-18 00:15:00,2025-11-18 00:15:00,2025-11-18 00:00:00,2025-11-18 00:00:00,2025-11-18 00:00:00,2025-11-18 00:00:00,2025-11-18 00:00:00,,day,,,,,,0,0,0,0,0,0,0,0,0,0,0,na,na,na
gdelt_b774a9be,en,"China backs Southeast Asia nuclear ban ; Rubio , Lavrov at ASEAN meeting",2025-07-10 17:45:00,2025-07-10 17:45:00,2025-07-10 00:00:00,2025-07-10 00:00:00,2025-07-10 00:00:00,2025-07-10 00:00:00,2025-07-10 00:00:00,,day,,,,,,0,0,0,0,0,0,0,0,0,0,0,na,na,na
gdelt_b7a1da77,en,Michigan - Michigan State has become too lopsided to be toxic : Wolverines final thoughts,2025-10-26 23:45:00,2025-10-26 23:45:00,2025-10-26 00:00:00,2025-10-26 00:00:00,2025-10-26 00:00:00,2025-10-26 00:00:00,2025-10-26 00:00:00,,day,,,,,,0,0,0,0,0,0,0,0,0,0,0,na,na,na
gdelt_b7a7bce8,hr,Iran želi razjasniti ulogu Ramsteina u američkim napadima,2026-03-27 16:00:00,2026-03-27 16:00:00,2026-03-27 00:00:00,2026-03-27 00:00:00,2026-03-27 00:00:00,2026-03-27 00:00:00,2026-03-27 00:00:00,,day,,,,,,0,0,0,0,0,0,0,0,0,0,0,na,na,na
gdelt_b7ffb59b,en,Favorite Thanksgiving Recipes Our Readers Make Year After Year,2025-11-23 04:45:00,2025-11-23 00:00:00,2025-11-01 00:00:00,2025-11-23 00:00:00,2025-11-23 00:00:00,2025-11-01 00:00:00,2025-11-01 00:00:00,,day,,,,,,0,0,0,0,0,0,0,0,0,0,0,na,na,na
gdelt_b81aff62,en,"Commentary : Embrace chips , India , and skip those tech dreams",2025-09-14 14:00:00,2025-09-14 14:00:00,2025-09-14 00:00:00,2025-09-14 00:00:00,2025-09-14 00:00:00,2025-09-14 00:00:00,2025-09-14 00:00:00,,day,,,,,,0,0,0,0,0,0,0,0,0,0,0,na,na,na
gdelt_b8af76d9,sw,Mvua kubwa nchini Kenya yauwa watu 81 mwezi Machi : Maafisa,2026-03-23 13:15:00,2019-06-23 13:15:00,2026-03-01 00:00:00,2019-06-23 00:00:00,2019-06-23 00:00:00,2026-03-01 00:00:00,2026-03-01 00:00:00,,day,,,,,,0,0,0,0,0,0,0,0,0,0,0,na,na,na
gdelt_b8d283a1,pl,Niemcy krytykują Francję : wydaje za mało na obronność,2026-02-16 22:45:00,2026-02-16 22:45:00,2026-02-14 00:00:00,2026-02-16 00:00:00,2026-02-16 00:00:00,2026-02-14 00:00:00,2026-02-14 00:00:00,,day,,,,,,0,0,0,0,0,0,0,0,0,0,0,na,na,na
gdelt_b8d65339,es,Lula vuelve a decir que conflicto en Gaza es un  genocidio  – DW – 01 / 06 / 2025,2025-06-02 04:30:00,2025-06-02 04:30:00,2025-06-01 00:00:00,2025-06-02 00:00:00,2025-06-02 00:00:00,2025-06-01 00:00:00,2025-06-01 00:00:00,,day,2025-01-01 00:00:00,2025-01-01 00:00:00,2025-12-31 00:00:00,year,01 / 06 / 2025,1,1,1,1,1,1,1,1,1,1,1,tie,tie,tie
gdelt_b8e5eb1f,sw,Mbabe wa ulanguzi wa dawa za kulevya nchini Mexico auawa,2026-02-23 16:30:00,2026-02-23 16:30:00,2026-02-23 00:00:00,2026-02-23 00:00:00,2026-02-23 00:00:00,2026-02-23 00:00:00,2026-02-23 00:00:00,,day,,,,,,0,0,0,0,0,0,0,0,0,0,0,na,na,na
gdelt_b8f5fdc4,en,"US SEC , SolarWinds reach preliminary deal to end breach lawsuit",2025-07-03 16:00:00,2025-07-03 16:00:00,2025-07-03 00:00:00,2025-07-03 00:00:00,2025-07-03 00:00:00,2025-07-03 00:00:00,2025-07-03 00:00:00,,day,,,,,,0,0,0,0,0,0,0,0,0,0,0,na,na,na
gdelt_b95cfa33,en,Sir David Attenborough backs campaign to buy Rothbury Estate,2025-10-29 16:00:00,2025-10-29 16:00:00,2025-10-29 00:00:00,2025-10-29 00:00:00,2025-10-29 00:00:00,2025-10-29 00:00:00,2025-10-29 00:00:00,,day,,,,,,0,0,0,0,0,0,0,0,0,0,0,na,na,na
gdelt_b9763e1d,no,Ofcom investigates Elon Musk X over Grok AI sexual deepfakes,2026-01-12 19:45:00,2026-01-12 19:45:00,2026-01-12 00:00:00,2026-01-12 00:00:00,2026-01-12 00:00:00,2026-01-12 00:00:00,2026-01-12 00:00:00,,day,,,,,,0,0,0,0,0,0,0,0,0,0,0,na,na,na
gdelt_b99b640d,fr,Les Etats - Unis frappent des navires mouilleurs de mines iraniens près du détroit dOrmuz ( commandement central ) - Xinhua,2026-03-11 17:15:00,2026-03-11 17:15:00,2026-03-11 00:00:00,2026-03-11 00:00:00,2026-03-11 00:00:00,2026-03-11 00:00:00,2026-03-11 00:00:00,,day,,,,,,0,0,0,0,0,0,0,0,0,0,0,na,na,na
gdelt_b99d99e3,en,South Shields car crash : Man and boy die on John Reid Road,2025-08-31 22:15:00,2025-08-31 22:15:00,2025-08-31 00:00:00,2025-08-31 00:00:00,2025-08-31 00:00:00,2025-08-31 00:00:00,2025-08-31 00:00:00,,day,,,,,,0,0,0,0,0,0,0,0,0,0,0,na,na,na
gdelt_ba162b57,zh-cn,德语媒体 ： 习近平全球野心的末日,2026-03-06 00:30:00,2026-03-06 00:30:00,2026-03-06 00:00:00,2026-03-06 00:00:00,2026-03-06 00:00:00,2026-03-06 00:00:00,2026-03-06 00:00:00,,day,,,,,,0,0,0,0,0,0,0,0,0,0,0,na,na,na
gdelt_ba3e9248,en,"Michael Johnson Grand Slam Track : $19m shortfall , unpaid athletes and a lost backer",2025-08-29 03:30:00,2025-08-29 03:30:00,2025-08-29 00:00:00,2025-08-29 00:00:00,2025-08-29 00:00:00,2025-08-29 00:00:00,2025-08-29 00:00:00,,day,,,,,,0,0,0,0,0,0,0,0,0,0,0,na,na,na
gdelt_baac831a,mk, „ Безбеден град  на тест до февруари – повик за дисциплина,2026-01-20 18:45:00,2026-01-20 18:45:00,2026-02-01 00:00:00,2026-01-20 00:00:00,2026-01-20 00:00:00,2026-02-01 00:00:00,2026-02-01 00:00:00,,day,,,,,,0,0,0,0,0,0,0,0,0,0,0,na,na,na
gdelt_bb382266,en,Weight - loss injection ad banned for targeting new mums,2025-12-17 10:00:00,2025-12-17 10:00:00,2025-12-17 00:00:00,2025-12-17 00:00:00,2025-12-17 00:00:00,2025-12-17 00:00:00,2025-12-17 00:00:00,,day,,,,,,0,0,0,0,0,0,0,0,0,0,0,na,na,na
gdelt_bb4e9450,en,"Man fined for speeding at 141kmh , claimed someone else could have been driving",2026-02-09 12:00:00,2026-02-09 12:00:00,2026-02-09 00:00:00,2026-02-09 00:00:00,2026-02-09 00:00:00,2026-02-09 00:00:00,2026-02-09 00:00:00,,day,,,,,,0,0,0,0,0,0,0,0,0,0,0,na,na,na
gdelt_bbd246f0,en,Trump says Xi agreed to one - year trade deal after  amazing  talks | International Trade News,2025-10-30 16:45:00,2025-01-30 00:00:00,2025-01-01 00:00:00,2025-01-30 00:00:00,2025-01-30 00:00:00,2025-01-01 00:00:00,2025-01-01 00:00:00,,day,,,,,,0,0,0,0,0,0,0,0,0,0,0,na,na,na
gdelt_bc2e17fb,en,Orlando Pride Barbra Banda placed on season - ending injury list,2025-08-24 02:00:00,2025-08-24 02:00:00,2025-08-24 00:00:00,2025-08-24 00:00:00,2025-08-24 00:00:00,2025-08-24 00:00:00,2025-08-24 00:00:00,,day,,,,,,0,0,0,0,0,0,0,0,0,0,0,na,na,na
gdelt_bc71be4a,hr,Nemačka bi da se suoči s greškama tokom pandemije korone – DW – 10 . 6 . 2025 . ,2025-06-10 15:30:00,2025-06-10 15:30:00,2025-06-10 00:00:00,2025-06-10 00:00:00,2025-06-10 00:00:00,2025-06-10 00:00:00,2025-06-10 00:00:00,,day,2025-01-01 00:00:00,2025-01-01 00:00:00,2025-12-31 00:00:00,year,2025,1,1,1,1,1,1,1,1,1,1,1,tie,tie,tie
gdelt_bc77cc3a,de,Litauen greift nach den Startup - Sternen – DW – 06 . 10 . 2025,2025-10-06 17:15:00,2025-10-06 17:15:00,2025-10-06 00:00:00,2025-10-06 00:00:00,2025-10-06 00:00:00,2025-10-06 00:00:00,2025-10-06 00:00:00,,day,2025-01-01 00:00:00,2025-01-01 00:00:00,2025-12-31 00:00:00,year,2025,1,1,1,1,1,1,1,1,1,1,1,tie,tie,tie
gdelt_bcfca2ed,en,Commentary : Indonesia makes a quiet return to Pyongyang,2025-10-15 07:00:00,2025-10-15 07:00:00,2025-10-15 00:00:00,2025-10-15 00:00:00,2025-10-15 00:00:00,2025-10-15 00:00:00,2025-10-15 00:00:00,,day,,,,,,0,0,0,0,0,0,0,0,0,0,0,na,na,na
gdelt_bd197466,ko,云南红河 ： 小小蓝莓的  出圈  之道 _ 新华网,2025-12-22 12:00:00,2025-12-22 12:00:00,2025-12-22 00:00:00,2025-12-22 00:00:00,2025-12-22 00:00:00,2025-12-22 00:00:00,2025-12-22 00:00:00,,day,,,,,,0,0,0,0,0,0,0,0,0,0,0,na,na,na
gdelt_bd520842,zh-cn,兰州新区实现旅游收入7597 . 01万元 - 新华网甘肃频道,2026-01-05 14:45:00,2026-01-05 14:45:00,2026-01-05 00:00:00,2026-01-05 00:00:00,2026-01-05 00:00:00,2026-01-05 00:00:00,2026-01-05 00:00:00,,day,,,,,,0,0,0,0,0,0,0,0,0,0,0,na,na,na
gdelt_bd6c7d69,zh-cn,2025年甘肃种业三项制种产量居全国首位 - 新华网,2026-01-05 10:00:00,0001-01-05 10:00:00,2025-12-31 00:00:00,0001-01-05 00:00:00,0001-01-05 00:00:00,2025-01-01 00:00:00,2025-12-31 00:00:00,,year,,,,,,0,0,0,0,0,0,0,0,0,0,0,na,na,na
gdelt_bd734362,en,Australian Prime Minister Albanese visits White House as US reviews Aukus agreement - follow live,2025-10-20 23:00:00,2025-10-20 23:00:00,2025-10-20 00:00:00,2025-10-20 00:00:00,2025-10-20 00:00:00,2025-10-20 00:00:00,2025-10-20 00:00:00,,day,,,,,,0,0,0,0,0,0,0,0,0,0,0,na,na,na
gdelt_bdd2bc17,hr,Teroristkinja NSU Beate Čepe u programu resocijalizacije – DW – 26 . 8 . 2025 . ,2025-08-26 14:45:00,2025-08-26 14:45:00,2025-08-26 00:00:00,2025-08-26 00:00:00,2025-08-26 00:00:00,2025-08-26 00:00:00,2025-08-26 00:00:00,,day,2025-01-01 00:00:00,2025-01-01 00:00:00,2025-12-31 00:00:00,year,2025,1,1,1,1,1,1,1,1,1,1,1,tie,tie,tie
gdelt_be8b8148,en,"Banquet , Bowie and football in upcoming German state visit",2025-12-02 00:15:00,2025-12-02 00:15:00,2025-12-02 00:00:00,2025-12-02 00:00:00,2025-12-02 00:00:00,2025-12-02 00:00:00,2025-12-02 00:00:00,,day,,,,,,0,0,0,0,0,0,0,0,0,0,0,na,na,na
gdelt_be9f79d8,id,"Demonstrasi Berlanjut , PBB Soroti Kekerasan Aparat di RI – DW – 02 . 09 . 2025",2025-09-02 17:45:00,2025-09-02 17:45:00,2025-09-02 00:00:00,2025-09-02 00:00:00,2025-09-02 00:00:00,2025-09-02 00:00:00,2025-09-02 00:00:00,,day,2025-01-01 00:00:00,2025-01-01 00:00:00,2025-12-31 00:00:00,year,2025,1,1,1,1,1,1,1,1,1,1,1,tie,tie,tie
gdelt_bf14937b,fr,Sénégal : des milliers de fidèles célèbrent le Magal – DW – 19 / 08 / 2025,2025-08-20 05:30:00,2025-08-20 05:30:00,2025-08-19 00:00:00,2025-08-20 00:00:00,2025-08-20 00:00:00,2025-08-19 00:00:00,2025-08-19 00:00:00,,day,2025-01-01 00:00:00,2025-01-01 00:00:00,2025-12-31 00:00:00,year,19 / 08 / 2025,1,1,1,1,1,1,1,1,1,1,1,tie,tie,tie
gdelt_bf2eb084,hi,अमेरिका के युद्धविराम प्रस्ताव को ईरान ने किया नामंजूर,2026-03-26 16:15:00,2026-03-26 16:15:00,2026-03-26 00:00:00,2026-03-26 00:00:00,2026-03-26 00:00:00,2026-03-26 00:00:00,2026-03-26 00:00:00,,day,,,,,,0,0,0,0,0,0,0,0,0,0,0,na,na,na
gdelt_bf5f5de5,en,Ravens nix Maxx Crosby trade with Raiders over failed physical : Sources,2026-03-11 13:00:00,2026-03-11 13:00:00,2026-03-11 00:00:00,2026-03-11 00:00:00,2026-03-11 00:00:00,2026-03-11 00:00:00,2026-03-11 00:00:00,,day,,,,,,0,0,0,0,0,0,0,0,0,0,0,na,na,na
gdelt_bf6aded5,ko,20名规划师支招 解锁高考志愿填报新思路 _ 新华网,2025-06-08 12:00:00,2025-06-08 12:00:00,2025-06-08 00:00:00,2025-06-08 00:00:00,2025-06-08 00:00:00,2025-06-08 00:00:00,2025-06-08 00:00:00,,day,,,,,,0,0,0,0,0,0,0,0,0,0,0,na,na,na
gdelt_bf7d60b2,en,Commentary : Why Samyang Buldak instant noodles is an US$8 billion tariff - proof brand,2025-07-12 09:00:00,2025-07-12 09:00:00,2025-07-12 00:00:00,2025-07-12 00:00:00,2025-07-12 00:00:00,2025-07-12 00:00:00,2025-07-12 00:00:00,,day,,,,,,0,0,0,0,0,0,0,0,0,0,0,na,na,na
gdelt_bf9063cb,en,Murder charges after man found in Coventry wheelie bin,2026-03-19 02:45:00,2026-03-19 02:45:00,2026-03-19 00:00:00,2026-03-19 00:00:00,2026-03-19 00:00:00,2026-03-19 00:00:00,2026-03-19 00:00:00,,day,,,,,,0,0,0,0,0,0,0,0,0,0,0,na,na,na
gdelt_bfdd533f,zh-cn,爱泼斯坦文件 ： 美商务部长承认2012年曾  登岛 ， 佛州警长曝特朗普2006年就熟知爱泼斯坦,2026-02-11 16:45:00,0014-02-11 16:45:00,2026-02-11 00:00:00,0014-02-11 00:00:00,0014-02-11 00:00:00,2026-02-11 00:00:00,2026-02-11 00:00:00,,day,,,,,,0,0,0,0,0,0,0,0,0,0,0,na,na,na
gdelt_c0028050,de,Drei Tote bei Brand in Hamburger Krankenhaus – DW – 01 . 06 . 2025,2025-06-01 16:00:00,2025-06-01 16:00:00,2025-06-01 00:00:00,2025-06-01 00:00:00,2025-06-01 00:00:00,2025-06-01 00:00:00,2025-06-01 00:00:00,,day,2025-01-01 00:00:00,2025-01-01 00:00:00,2025-12-31 00:00:00,year,2025,1,1,1,1,1,1,1,1,1,1,1,tie,tie,tie
gdelt_c0707e15,en,"Former Esplanade and Arts House employee , 3 company directors charged with corruption",2025-10-31 12:15:00,2025-10-31 12:15:00,2025-10-31 00:00:00,2025-10-31 00:00:00,2025-10-31 00:00:00,2025-10-31 00:00:00,2025-10-31 00:00:00,,day,,,,,,0,0,0,0,0,0,0,0,0,0,0,na,na,na
gdelt_c09fe56b,de,Kann Deutschland 2026 der Wirtschaftsflaute entkommen ? – DW – 12 . 01 . 2026,2026-01-12 18:00:00,2026-01-12 18:00:00,2026-01-12 00:00:00,2026-01-12 00:00:00,2026-01-12 00:00:00,2026-01-01 00:00:00,2026-12-31 00:00:00,,year,2026-01-01 00:00:00,2026-01-01 00:00:00,2026-12-31 00:00:00,year,2026,1,1,1,1,1,1,1,1,1,1,1,tie,tie,tie
gdelt_c0f14090,en,SpiceJet : Indian airline files case against army officer seen hitting staff in viral video,2025-08-04 16:00:00,2025-08-04 16:00:00,2025-08-04 00:00:00,2025-08-04 00:00:00,2025-08-04 00:00:00,2025-08-04 00:00:00,2025-08-04 00:00:00,,day,,,,,,0,0,0,0,0,0,0,0,0,0,0,na,na,na
gdelt_c19c7e1b,fr,"Philippines : 13 morts , plus de 100 personnes portées disparues dans le naufrage dun ferry dans le sud du pays - Xinhua",2026-01-26 10:30:00,2026-01-26 10:30:00,2026-01-26 00:00:00,2026-01-26 00:00:00,2026-01-26 00:00:00,2026-01-26 00:00:00,2026-01-26 00:00:00,,day,,,,,,0,0,0,0,0,0,0,0,0,0,0,na,na,na
gdelt_c1b29c7c,sq,"OBM : Klima e Tokës , më e zhbalancuar se kurrë",2026-03-26 16:15:00,2026-03-26 16:15:00,2026-03-25 00:00:00,2026-03-26 00:00:00,2026-03-26 00:00:00,2026-03-25 00:00:00,2026-03-25 00:00:00,,day,,,,,,0,0,0,0,0,0,0,0,0,0,0,na,na,na
gdelt_c1bd875a,pl, „ Szokujące  i „ głupie . Trump atakuje partnerów z NATO,2026-03-18 18:15:00,2026-03-18 18:15:00,2026-03-18 00:00:00,2026-03-18 00:00:00,2026-03-18 00:00:00,2026-03-18 00:00:00,2026-03-18 00:00:00,,day,,,,,,0,0,0,0,0,0,0,0,0,0,0,na,na,na
gdelt_c1c9c582,ko,服务再提效 项目  加速跑  兰州高新区项目建设  梯次成长 - 新华网,2025-11-13 12:45:00,2025-11-13 12:45:00,2025-11-13 00:00:00,2025-11-13 00:00:00,2025-11-13 00:00:00,2025-11-13 00:00:00,2025-11-13 00:00:00,,day,,,,,,0,0,0,0,0,0,0,0,0,0,0,na,na,na
gdelt_c1df11ef,da,128 people killed in Hong Kong fire,2025-12-01 18:00:00,2025-12-01 18:00:00,2025-12-01 00:00:00,2025-12-01 00:00:00,2025-12-01 00:00:00,2025-12-01 00:00:00,2025-12-01 00:00:00,,day,,,,,,0,0,0,0,0,0,0,0,0,0,0,na,na,na
gdelt_c239d742,uk,Зеленський : Росіяни готують нові атаки по інфраструктурі,2026-03-02 04:45:00,2026-03-02 04:45:00,2026-03-02 00:00:00,2026-03-02 00:00:00,2026-03-02 00:00:00,2026-03-02 00:00:00,2026-03-02 00:00:00,,day,,,,,,0,0,0,0,0,0,0,0,0,0,0,na,na,na
gdelt_c293726f,en,Two rescued after racing yacht capsizes off Guernsey,2025-10-26 17:00:00,2025-10-26 17:00:00,2025-10-26 00:00:00,2025-10-26 00:00:00,2025-10-26 00:00:00,2025-10-26 00:00:00,2025-10-26 00:00:00,,day,,,,,,0,0,0,0,0,0,0,0,0,0,0,na,na,na
gdelt_c3451db7,es,Uribe acusa a Petro de instigar el asesinato de Uribe Turbay – DW – 13 / 08 / 2025,2025-08-14 06:45:00,2025-08-14 06:45:00,2025-08-13 00:00:00,2025-08-14 00:00:00,2025-08-14 00:00:00,2025-08-13 00:00:00,2025-08-13 00:00:00,,day,2025-01-01 00:00:00,2025-01-01 00:00:00,2025-12-31 00:00:00,year,13 / 08 / 2025,1,1,1,1,1,1,1,1,1,1,1,tie,tie,tie
gdelt_c35f0b9f,ko,"中 연구팀 , 천문 AI 모델  싱옌  개발 ... 심우주 탐색 새 지평 열어 - Xinhua",2026-02-22 14:15:00,2026-02-22 14:15:00,2026-02-22 00:00:00,2026-02-22 00:00:00,2026-02-22 00:00:00,2026-02-22 00:00:00,2026-02-22 00:00:00,,day,,,,,,0,0,0,0,0,0,0,0,0,0,0,na,na,na
gdelt_c3b44920,uk,"  Били , катували голодом , стікав кров  ю  - як журналіст Хилюк пережив російський полон",2025-09-16 20:45:00,2025-09-16 20:45:00,2025-09-16 00:00:00,2025-09-16 00:00:00,2025-09-16 00:00:00,2025-09-16 00:00:00,2025-09-16 00:00:00,,day,,,,,,0,0,0,0,0,0,0,0,0,0,0,na,na,na
gdelt_c411c75c,vi,"Ông Trump tuyên bố  chiến tranh đã kết thúc  ở Gaza , dân Israel mong ngóng con tin được thả",2025-10-13 13:45:00,2025-10-13 13:45:00,2025-10-13 00:00:00,2025-10-13 00:00:00,2025-10-13 00:00:00,2025-10-13 00:00:00,2025-10-13 00:00:00,,day,,,,,,0,0,0,0,0,0,0,0,0,0,0,na,na,na
gdelt_c44c85fe,de,Russland greift vor dem Winter das Gasnetz der Ukraine an – DW – 14 . 10 . 2025,2025-10-15 03:15:00,2025-10-15 03:15:00,2025-10-14 00:00:00,2025-10-15 00:00:00,2025-10-15 00:00:00,2025-10-14 00:00:00,2025-10-14 00:00:00,,day,2025-01-01 00:00:00,2025-01-01 00:00:00,2025-12-31 00:00:00,year,2025,1,1,1,1,1,1,1,1,1,1,1,tie,tie,tie
gdelt_c45efaae,en,UK PM defends Iran strikes stance after Trump criticism,2026-03-03 02:45:00,2026-03-03 02:45:00,2026-03-03 00:00:00,2026-03-03 00:00:00,2026-03-03 00:00:00,2026-03-03 00:00:00,2026-03-03 00:00:00,,day,,,,,,0,0,0,0,0,0,0,0,0,0,0,na,na,na
gdelt_c47486c2,en,"Japan ex - PM Murayama , famous for World War II apology , dies aged 101",2025-10-17 14:45:00,2025-10-17 14:45:00,2025-10-17 00:00:00,2025-10-17 00:00:00,2025-10-17 00:00:00,2025-10-17 00:00:00,2025-10-17 00:00:00,,day,,,,,,0,0,0,0,0,0,0,0,0,0,0,na,na,na
gdelt_c490d4d4,tr,Trump - Netanyahu görüşmesi :  Erdoğan sürece büyük katkıda bulundu  ,2025-12-30 09:15:00,2025-12-30 09:15:00,2025-12-30 00:00:00,2025-12-30 00:00:00,2025-12-30 00:00:00,2025-12-30 00:00:00,2025-12-30 00:00:00,,day,,,,,,0,0,0,0,0,0,0,0,0,0,0,na,na,na
gdelt_c4946125,en,The challenges faced by adults who develop allergies later in life,2025-08-01 11:30:00,2025-08-01 11:30:00,2025-08-01 00:00:00,2025-08-01 00:00:00,2025-08-01 00:00:00,2025-08-01 00:00:00,2025-08-01 00:00:00,,day,,,,,,0,0,0,0,0,0,0,0,0,0,0,na,na,na
gdelt_c49aa63e,ru,Греция будет поставлять Украине сжиженный газ из США – DW – 16 . 11 . 2025,2025-11-17 01:00:00,2025-11-17 01:00:00,2025-11-16 00:00:00,2025-11-17 00:00:00,2025-11-17 00:00:00,2025-11-16 00:00:00,2025-11-16 00:00:00,,day,2025-01-01 00:00:00,2025-01-01 00:00:00,2025-12-31 00:00:00,year,2025,1,1,1,1,1,1,1,1,1,1,1,tie,tie,tie
gdelt_c4ca1937,ko,춘절 장식품이나 도자기도 3D로 뚝딱 ... 中 3D 프린팅 산업 규모 15조원 육박 - Xinhua,2026-02-19 12:00:00,2026-02-19 12:00:00,2026-02-19 00:00:00,2026-02-19 00:00:00,2026-02-19 00:00:00,2026-02-19 00:00:00,2026-02-19 00:00:00,,day,,,,,,0,0,0,0,0,0,0,0,0,0,0,na,na,na
gdelt_c4cfdef1,en,"Nepal Gen Z protests live : PM Oli resigns , Kathmandu airport closed | Protests News",2025-09-09 18:00:00,2025-09-09 18:00:00,2025-09-09 00:00:00,2025-09-09 00:00:00,2025-09-09 00:00:00,2025-09-09 00:00:00,2025-09-09 00:00:00,,day,,,,,,0,0,0,0,0,0,0,0,0,0,0,na,na,na
gdelt_c4f51694,es,El controvertido  Mar de Plástico  que convirtió la región más árida de España en la huerta de Europa,2025-08-14 12:15:00,2025-08-14 12:15:00,2025-03-01 00:00:00,2025-08-14 00:00:00,2025-08-14 00:00:00,2025-03-01 00:00:00,2025-03-01 00:00:00,,day,2025-03-01 00:00:00,2025-03-01 00:00:00,2025-03-31 00:00:00,month,Mar de,1,1,0,1,0,1,0,1,0,1,1,v2_better,v2_better,v2_better
gdelt_c57a9df5,en,Female Israeli soldiers rescued after being chased by ultra - Orthodox men,2026-02-16 17:15:00,2026-02-16 17:15:00,2026-02-16 00:00:00,2026-02-16 00:00:00,2026-02-16 00:00:00,2026-02-16 00:00:00,2026-02-16 00:00:00,,day,,,,,,0,0,0,0,0,0,0,0,0,0,0,na,na,na
gdelt_c581c075,en,"Lions - Vikings takeaways : Minnesota D forces 6 TOs in win , ending Detroit playoff hopes",2025-12-26 12:45:00,2025-12-26 12:45:00,2025-12-26 00:00:00,2025-12-26 00:00:00,2025-12-26 00:00:00,2025-12-26 00:00:00,2025-12-26 00:00:00,,day,,,,,,0,0,0,0,0,0,0,0,0,0,0,na,na,na
gdelt_c582d0d7,zh-cn,  文学陕军  的三种气象 以路遥 、 陈忠实 、 贾平凹为例 - 新华网河北频道 - 新华网,2026-01-27 16:15:00,2026-01-27 16:15:00,2026-01-27 00:00:00,2026-01-27 00:00:00,2026-01-27 00:00:00,2026-01-27 00:00:00,2026-01-27 00:00:00,,day,,,,,,0,0,0,0,0,0,0,0,0,0,0,na,na,na
gdelt_c59f0430,zh-tw,演練 、 假血與模擬飛彈 ： 台灣如何準備應對中國大陸的進攻 - BBC News 中文,2025-08-26 18:45:00,2025-08-26 18:45:00,2025-08-26 00:00:00,2025-08-26 00:00:00,2025-08-26 00:00:00,2025-08-26 00:00:00,2025-08-26 00:00:00,,day,,,,,,0,0,0,0,0,0,0,0,0,0,0,na,na,na
gdelt_c69e144d,en,"Ashes 2025 : England may lack  killer instinct  v Australia , says Justin Langer",2025-08-27 00:15:00,2025-08-27 00:00:00,2025-08-27 00:00:00,2025-08-27 00:00:00,2025-08-27 00:00:00,2025-01-01 00:00:00,2025-12-31 00:00:00,,year,2025-01-01 00:00:00,2025-01-01 00:00:00,2025-12-31 00:00:00,year,2025,1,1,1,1,1,1,1,1,1,1,1,tie,tie,tie
gdelt_c6d3dba3,uk,Карні у Києві : Понад 1 млрд доларів спрямуємо на зброю ЗСУ – DW – 24 . 08 . 2025,2025-08-24 21:00:00,2025-08-24 21:00:00,2025-08-24 00:00:00,2025-08-24 00:00:00,2025-08-24 00:00:00,2025-08-24 00:00:00,2025-08-24 00:00:00,,day,2025-01-01 00:00:00,2025-01-01 00:00:00,2025-12-31 00:00:00,year,2025,1,1,1,1,1,1,1,1,1,1,1,tie,tie,tie
gdelt_c76e8a7b,uk,"Дрони атакували Москву , НПЗ і хімзавод у регіонах РФ – DW – 29 . 10 . 2025",2025-10-29 15:45:00,2025-10-29 15:45:00,2025-10-29 00:00:00,2025-10-29 00:00:00,2025-10-29 00:00:00,2025-10-29 00:00:00,2025-10-29 00:00:00,,day,2025-01-01 00:00:00,2025-01-01 00:00:00,2025-12-31 00:00:00,year,2025,1,1,1,1,1,1,1,1,1,1,1,tie,tie,tie
gdelt_c778d113,mk,СДСМ поднесе 160 амандмани за ребалансот на буџетот – DW – 2 . 07 . 2025,2025-07-02 22:45:00,2025-07-02 22:45:00,2025-07-02 00:00:00,2025-07-02 00:00:00,2025-07-02 00:00:00,2025-07-02 00:00:00,2025-07-02 00:00:00,,day,2025-01-01 00:00:00,2025-01-01 00:00:00,2025-12-31 00:00:00,year,2025,1,1,1,1,1,1,1,1,1,1,1,tie,tie,tie
gdelt_c78a4fcf,en,"US to send ICE agents to Winter Olympics , prompting Italian anger",2026-01-27 23:00:00,2026-01-27 23:00:00,2026-01-27 00:00:00,2026-01-27 00:00:00,2026-01-27 00:00:00,2026-01-27 00:00:00,2026-01-27 00:00:00,,day,,,,,,0,0,0,0,0,0,0,0,0,0,0,na,na,na
gdelt_c7abd338,en,What are forever chemicals and why do they matter ? – DW – 07 / 15 / 2025,2025-07-15 17:30:00,2025-07-15 00:00:00,2025-07-15 00:00:00,2025-07-15 00:00:00,2025-07-15 00:00:00,2025-07-15 00:00:00,2025-07-15 00:00:00,,day,2025-01-01 00:00:00,2025-01-01 00:00:00,2025-12-31 00:00:00,year,07 / 15 / 2025,1,1,1,1,1,1,1,1,1,1,1,tie,tie,tie
gdelt_c85ae7cd,en,What We Know ( and Cant Know ) About Trump Wealth,2025-07-02 21:00:00,2025-07-02 21:00:00,2025-07-02 00:00:00,2025-07-02 00:00:00,2025-07-02 00:00:00,2025-07-02 00:00:00,2025-07-02 00:00:00,,day,,,,,,0,0,0,0,0,0,0,0,0,0,0,na,na,na
gdelt_c8a9d7b0,lt,Zelenskyy nominates Yulia Svyrydenko as new Ukraine PM,2025-07-15 01:00:00,2025-07-15 01:00:00,2025-07-15 00:00:00,2025-07-15 00:00:00,2025-07-15 00:00:00,2025-07-15 00:00:00,2025-07-15 00:00:00,,day,,,,,,0,0,0,0,0,0,0,0,0,0,0,na,na,na
gdelt_c91567ea,en,The highs and lows of M1 : From bright beginnings to delisting and proposed sale,2025-08-11 23:00:00,2025-08-11 23:00:00,2025-01-01 00:00:00,2025-08-11 00:00:00,2025-08-11 00:00:00,2025-01-01 00:00:00,2025-01-01 00:00:00,,day,,,,,,0,0,0,0,0,0,0,0,0,0,0,na,na,na
gdelt_c9367f86,ru,Reuters : Парализованы 40 % мощностей России по экспорту нефти,2026-03-26 15:30:00,2026-03-26 15:30:00,2026-03-26 00:00:00,2026-03-26 00:00:00,2026-03-26 00:00:00,2026-03-26 00:00:00,2026-03-26 00:00:00,,day,,,,,,0,0,0,0,0,0,0,0,0,0,0,na,na,na
gdelt_c965cbdc,ko,江苏省哲学社会科学界第十次代表大会闭幕 _ 新华网江苏频道,2025-12-28 11:45:00,2025-12-28 11:45:00,2025-12-28 00:00:00,2025-12-28 00:00:00,2025-12-28 00:00:00,2025-12-28 00:00:00,2025-12-28 00:00:00,,day,,,,,,0,0,0,0,0,0,0,0,0,0,0,na,na,na
gdelt_c9d2e50b,ko,"24절기 경칩 , 만물이 꿈틀대는 봄의 시작 - Xinhua",2026-03-05 21:30:00,2026-03-05 21:30:00,2026-03-05 00:00:00,2026-03-05 00:00:00,2026-03-05 00:00:00,2026-03-05 00:00:00,2026-03-05 00:00:00,,day,,,,,,0,0,0,0,0,0,0,0,0,0,0,na,na,na
gdelt_c9ebf8d2,en,"LIVE : Child , aid seekers shot dead by Israeli forces in Gaza | Israel - Palestine conflict News",2025-08-31 21:15:00,2025-08-31 21:15:00,2025-08-31 00:00:00,2025-08-31 00:00:00,2025-08-31 00:00:00,2025-08-31 00:00:00,2025-08-31 00:00:00,,day,,,,,,0,0,0,0,0,0,0,0,0,0,0,na,na,na
gdelt_ca1432b8,ar,في أكتوبر الوردي : قصص نجاة تلهم كل امرأة,2025-10-30 19:15:00,2025-10-30 19:15:00,2025-10-01 00:00:00,2025-10-30 00:00:00,2025-10-30 00:00:00,2025-10-01 00:00:00,2025-10-01 00:00:00,,day,,,,,,0,0,0,0,0,0,0,0,0,0,0,na,na,na
gdelt_ca237a4a,fi,Ukraine updates : Russia joins talks in Miami – DW – 12 / 21 / 2025,2025-12-21 09:45:00,2025-12-21 09:45:00,2025-12-21 00:00:00,2025-12-21 00:00:00,2025-12-21 00:00:00,2025-12-21 00:00:00,2025-12-21 00:00:00,,day,2025-01-01 00:00:00,2025-01-01 00:00:00,2025-12-31 00:00:00,year,12 / 21 / 2025,1,1,1,1,1,1,1,1,1,1,1,tie,tie,tie
gdelt_ca6a9693,de,West Belfast : Children left trapped under car after being struck,2025-08-27 00:00:00,2025-08-27 00:00:00,2025-08-27 00:00:00,2025-08-27 00:00:00,2025-08-27 00:00:00,2025-08-27 00:00:00,2025-08-27 00:00:00,,day,,,,,,0,0,0,0,0,0,0,0,0,0,0,na,na,na
gdelt_ca8af594,en,  Mob rule  fears over Wigan town centre yobs causing havoc,2026-03-09 15:45:00,2026-03-09 15:45:00,2026-03-09 00:00:00,2026-03-09 00:00:00,2026-03-09 00:00:00,2026-03-09 00:00:00,2026-03-09 00:00:00,,day,,,,,,0,0,0,0,0,0,0,0,0,0,0,na,na,na
gdelt_cacc9cf3,lt,Gaza : Asosiasi Cendekia Vonis Israel Lakukan Genosida – DW – 02 . 09 . 2025,2025-09-02 22:15:00,2025-09-02 22:15:00,2025-09-02 00:00:00,2025-09-02 00:00:00,2025-09-02 00:00:00,2025-09-02 00:00:00,2025-09-02 00:00:00,,day,2025-01-01 00:00:00,2025-01-01 00:00:00,2025-12-31 00:00:00,year,2025,1,1,1,1,1,1,1,1,1,1,1,tie,tie,tie
gdelt_cacdbadb,es,Canciller chino ratifica apoyo a Irán en salvaguardar su soberanía e integridad territorial,2026-03-03 08:15:00,2026-03-03 08:15:00,2026-03-01 00:00:00,2026-03-03 00:00:00,2026-03-03 00:00:00,2026-03-01 00:00:00,2026-03-01 00:00:00,,day,,,,,,0,0,0,0,0,0,0,0,0,0,0,na,na,na
gdelt_cb32b9d8,fr,Qui est le nouveau Guide suprême iranien ? ,2026-03-10 01:00:00,2026-03-10 01:00:00,2026-03-10 00:00:00,2026-03-10 00:00:00,2026-03-10 00:00:00,2026-03-10 00:00:00,2026-03-10 00:00:00,,day,,,,,,0,0,0,0,0,0,0,0,0,0,0,na,na,na
gdelt_cb6b5f94,tr,Gençler arasında sosyal medya kullanımı azalıyor – DW – 15 . 12 . 2025,2025-12-15 23:45:00,2025-12-15 23:45:00,2025-12-15 00:00:00,2025-12-15 00:00:00,2025-12-15 00:00:00,2025-12-15 00:00:00,2025-12-15 00:00:00,,day,2025-01-01 00:00:00,2025-01-01 00:00:00,2025-12-31 00:00:00,year,2025,1,1,1,1,1,1,1,1,1,1,1,tie,tie,tie
gdelt_cb97566b,en,Malaysia Anwar spoke with leaders of Thailand and Cambodia over renewed cross - border fighting,2025-12-10 23:15:00,2025-12-10 23:15:00,2025-12-10 00:00:00,2025-12-10 00:00:00,2025-12-10 00:00:00,2025-12-10 00:00:00,2025-12-10 00:00:00,,day,,,,,,0,0,0,0,0,0,0,0,0,0,0,na,na,na
gdelt_cbc375c3,ar,نادر السيد يتحدث لترندينغ عن توقعاته لمنتخب مصر في مباراة نصف نهائي كأس الأمم الإفريقية أمام السنغال,2026-01-13 04:45:00,2026-01-13 04:45:00,2026-01-13 00:00:00,2026-01-13 00:00:00,2026-01-13 00:00:00,2026-01-13 00:00:00,2026-01-13 00:00:00,,day,,,,,,0,0,0,0,0,0,0,0,0,0,0,na,na,na
gdelt_cbe2eae6,mr,बातम्या - BBC News मराठी,2025-11-24 23:15:00,2025-11-24 23:15:00,2025-11-24 00:00:00,2025-11-24 00:00:00,2025-11-24 00:00:00,2025-11-24 00:00:00,2025-11-24 00:00:00,,day,,,,,,0,0,0,0,0,0,0,0,0,0,0,na,na,na
gdelt_cbea7bbd,en,What challenges await Malawi next president ? – DW – 09 / 24 / 2025,2025-09-25 00:15:00,2025-09-25 00:15:00,2025-09-24 00:00:00,2025-09-25 00:00:00,2025-09-25 00:00:00,2025-09-24 00:00:00,2025-09-24 00:00:00,,day,2025-01-01 00:00:00,2025-01-01 00:00:00,2025-12-31 00:00:00,year,09 / 24 / 2025,1,1,1,1,1,1,1,1,1,1,1,tie,tie,tie
gdelt_cc63b08a,ro,Analiză : Ce trebuie să facă România să se salveze – DW – 17 . 11 . 2025,2025-11-17 18:00:00,2025-11-17 18:00:00,2025-11-17 00:00:00,2025-11-17 00:00:00,2025-11-17 00:00:00,2025-11-17 00:00:00,2025-11-17 00:00:00,,day,2025-01-01 00:00:00,2025-01-01 00:00:00,2025-12-31 00:00:00,year,2025,1,1,1,1,1,1,1,1,1,1,1,tie,tie,tie
gdelt_cc87c67b,es,Gobierno de México y plataformas digitales acuerdan colaborar contra violencia hacia las mujeres,2026-03-12 12:15:00,2026-03-12 12:15:00,2026-03-12 00:00:00,2026-03-12 00:00:00,2026-03-12 00:00:00,2026-03-12 00:00:00,2026-03-12 00:00:00,,day,,,,,,0,0,0,0,0,0,0,0,0,0,0,na,na,na
gdelt_cc8e2756,zh-cn,江苏预计约63 . 7万人参与元旦跨年 ！ 警方发布安全预警 _ 新华网江苏频道,2025-12-30 20:00:00,2063-12-30 00:00:00,2025-12-01 00:00:00,2063-12-30 00:00:00,2063-12-30 00:00:00,2025-12-01 00:00:00,2025-12-01 00:00:00,,day,,,,,,0,0,0,0,0,0,0,0,0,0,0,na,na,na
gdelt_cc938d8c,en,Five killed in  treacherou attack on military convoy in Yemen | Conflict News,2026-01-22 13:30:00,2026-01-22 13:30:00,2026-01-22 00:00:00,2026-01-22 00:00:00,2026-01-22 00:00:00,2026-01-22 00:00:00,2026-01-22 00:00:00,,day,,,,,,0,0,0,0,0,0,0,0,0,0,0,na,na,na
gdelt_ccbef883,ru,В России задержали разработчика бункера от ядерного удара,2026-02-02 05:30:00,2026-02-02 05:30:00,2026-02-02 00:00:00,2026-02-02 00:00:00,2026-02-02 00:00:00,2026-02-02 00:00:00,2026-02-02 00:00:00,,day,,,,,,0,0,0,0,0,0,0,0,0,0,0,na,na,na
gdelt_ccc684a9,en,  Our friends must not misunderstand thi : Anwar rejects claims of meddling in Thailand - Cambodia border dispute,2025-11-23 13:30:00,2025-11-23 13:30:00,2025-11-23 00:00:00,2025-11-23 00:00:00,2025-11-23 00:00:00,2025-11-23 00:00:00,2025-11-23 00:00:00,,day,,,,,,0,0,0,0,0,0,0,0,0,0,0,na,na,na
gdelt_cce1e602,fr,Xi Jinping met laccent sur lindépendance scientifique et technologique dans la construction dun pays socialiste moderne - Xinhua,2026-02-10 14:30:00,2026-02-10 14:30:00,2026-02-10 00:00:00,2026-02-10 00:00:00,2026-02-10 00:00:00,2026-02-10 00:00:00,2026-02-10 00:00:00,,day,,,,,,0,0,0,0,0,0,0,0,0,0,0,na,na,na
gdelt_ccfb83b7,fr,"La Chine et lUE discutent de lenquête anti - subventions visant les véhicules électriques , de lenquête anti - dumping sur le brandy et des contrôles à lexportation - Xinhua",2025-06-08 11:00:00,2025-06-08 11:00:00,2025-06-08 00:00:00,2025-06-08 00:00:00,2025-06-08 00:00:00,2025-06-08 00:00:00,2025-06-08 00:00:00,,day,,,,,,0,0,0,0,0,0,0,0,0,0,0,na,na,na
gdelt_cd43775c,en,Suicide bomber kills at least one police officer in Syria Aleppo | Syria War News,2026-01-01 08:45:00,2026-01-01 08:45:00,2026-01-01 00:00:00,2026-01-01 00:00:00,2026-01-01 00:00:00,2026-01-01 00:00:00,2026-01-01 00:00:00,,day,,,,,,0,0,0,0,0,0,0,0,0,0,0,na,na,na
gdelt_cd61dfd9,zh-cn,第十届全国财经院校创新创业大赛决赛在南京举办 _ 新华网江苏频道,2025-11-30 20:15:00,2025-11-30 20:15:00,2025-11-30 00:00:00,2025-11-30 00:00:00,2025-11-30 00:00:00,2025-11-30 00:00:00,2025-11-30 00:00:00,,day,,,,,,0,0,0,0,0,0,0,0,0,0,0,na,na,na
gdelt_cd7f76fa,en,Madagascar soldiers join antigovernment protesters assembled in capital,2025-10-12 04:15:00,2025-10-12 04:15:00,2025-10-12 00:00:00,2025-10-12 00:00:00,2025-10-12 00:00:00,2025-10-12 00:00:00,2025-10-12 00:00:00,,day,,,,,,0,0,0,0,0,0,0,0,0,0,0,na,na,na
gdelt_cd9393e6,en,Chinese authorities pledge stimulus at annual central economic work conference,2025-12-11 22:45:00,2025-12-11 22:45:00,2025-12-11 00:00:00,2025-12-11 00:00:00,2025-12-11 00:00:00,2025-12-11 00:00:00,2025-12-11 00:00:00,,day,,,,,,0,0,0,0,0,0,0,0,0,0,0,na,na,na
gdelt_cdbd0e1c,zh-cn,科技赋能传统产业 兰州百合迎来发展黄金期 - 新华网,2025-11-24 11:15:00,2025-11-24 11:15:00,2025-11-24 00:00:00,2025-11-24 00:00:00,2025-11-24 00:00:00,2025-11-24 00:00:00,2025-11-24 00:00:00,,day,,,,,,0,0,0,0,0,0,0,0,0,0,0,na,na,na
gdelt_cdf80182,tr,Almanyadan en çok  mali teşvikli geri dönüş  Türkiyeye,2026-02-03 02:00:00,2026-02-03 02:00:00,2026-02-03 00:00:00,2026-02-03 00:00:00,2026-02-03 00:00:00,2026-02-03 00:00:00,2026-02-03 00:00:00,,day,,,,,,0,0,0,0,0,0,0,0,0,0,0,na,na,na
gdelt_ce27bdd1,en,Girlfriend still feels guilt after Lockerbie crash,2025-06-02 14:45:00,2025-06-02 14:45:00,2025-06-02 00:00:00,2025-06-02 00:00:00,2025-06-02 00:00:00,2025-06-02 00:00:00,2025-06-02 00:00:00,,day,,,,,,0,0,0,0,0,0,0,0,0,0,0,na,na,na
gdelt_ce345401,en,Zoe Stratford : World Cup - winning Red Rose announces pregnancy,2026-03-19 06:15:00,2026-03-19 06:15:00,2026-03-19 00:00:00,2026-03-19 00:00:00,2026-03-19 00:00:00,2026-03-19 00:00:00,2026-03-19 00:00:00,,day,,,,,,0,0,0,0,0,0,0,0,0,0,0,na,na,na
gdelt_ce49153d,id,Is time running out for Israel Benjamin Netanyahu ? | Benjamin Netanyahu News,2025-06-11 22:30:00,2025-06-11 22:30:00,2025-06-11 00:00:00,2025-06-11 00:00:00,2025-06-11 00:00:00,2025-06-11 00:00:00,2025-06-11 00:00:00,,day,,,,,,0,0,0,0,0,0,0,0,0,0,0,na,na,na
gdelt_ce647c21,zh-cn,贵州文化演艺集团有限责任公司原党委委员 、 副总经理王春雷一审被判十四年三个月 - 新华网,2025-08-12 14:15:00,2025-08-12 14:15:00,2025-08-01 00:00:00,2025-08-12 00:00:00,2025-08-12 00:00:00,2025-08-01 00:00:00,2025-08-01 00:00:00,,day,,,,,,0,0,0,0,0,0,0,0,0,0,0,na,na,na
gdelt_ceb45794,ca,Xi se reúne con primera ministra de Mozambique | Spanish . xinhuanet . com,2025-10-14 19:45:00,2025-10-14 19:45:00,2025-10-14 00:00:00,2025-10-14 00:00:00,2025-10-14 00:00:00,2025-10-14 00:00:00,2025-10-14 00:00:00,,day,,,,,,0,0,0,0,0,0,0,0,0,0,0,na,na,na
gdelt_ced4ba10,en,Wars in Gaza and Ukraine on UNGA agenda amid shift in global power dynamics,2025-09-22 12:15:00,2025-09-22 12:15:00,2025-09-22 00:00:00,2025-09-22 00:00:00,2025-09-22 00:00:00,2025-09-22 00:00:00,2025-09-22 00:00:00,,day,,,,,,0,0,0,0,0,0,0,0,0,0,0,na,na,na
gdelt_cee27e73,en,Indonesian gig workers to hold first major rally since Cabinet reshuffle ; want transport minister fired,2025-09-16 19:45:00,2025-09-16 19:45:00,2025-09-16 00:00:00,2025-09-16 00:00:00,2025-09-16 00:00:00,2025-09-16 00:00:00,2025-09-16 00:00:00,,day,,,,,,0,0,0,0,0,0,0,0,0,0,0,na,na,na
gdelt_cefe39c7,pt,Catedral de Colônia decide cobrar ingressos dos turistas,2026-03-06 01:45:00,2026-03-06 01:45:00,2026-03-06 00:00:00,2026-03-06 00:00:00,2026-03-06 00:00:00,2026-03-06 00:00:00,2026-03-06 00:00:00,,day,,,,,,0,0,0,0,0,0,0,0,0,0,0,na,na,na
gdelt_cf7675c8,en,The Ashes 2025 - 26 : Jacob Bethell comes of age with Sydney century against Australia,2026-01-07 20:30:00,2026-01-07 20:30:00,2025-12-31 00:00:00,2026-01-07 00:00:00,2026-01-07 00:00:00,2025-01-01 00:00:00,2025-12-31 00:00:00,,year,2025-01-01 00:00:00,2025-01-01 00:00:00,2025-12-31 00:00:00,year,2025,1,1,0,1,0,1,0,1,0,1,1,v2_better,v2_better,v2_better
gdelt_cfd04f27,zh-cn,甘肃省2025年高考第二次网上填报志愿今日开始 - 新华网,2025-08-04 11:00:00,2025-08-04 00:00:00,2025-08-04 00:00:00,2025-08-04 00:00:00,2025-08-04 00:00:00,2025-01-01 00:00:00,2025-12-31 00:00:00,,year,2025-01-01 00:00:00,2025-01-01 00:00:00,2025-12-31 00:00:00,year,2025年,1,1,1,1,1,1,1,1,1,1,1,tie,tie,tie
gdelt_cfd26fd0,en,Dozens of athletes call on UEFA to ban Israel over rights abuses,2025-11-12 08:45:00,2025-11-12 08:45:00,2025-11-12 00:00:00,2025-11-12 00:00:00,2025-11-12 00:00:00,2025-11-12 00:00:00,2025-11-12 00:00:00,,day,,,,,,0,0,0,0,0,0,0,0,0,0,0,na,na,na
gdelt_d046fd51,en,US and Taiwan sign  pivotal  deal to cut trade tariffs | International Trade News,2026-02-13 11:15:00,2026-02-13 11:15:00,2026-02-13 00:00:00,2026-02-13 00:00:00,2026-02-13 00:00:00,2026-02-13 00:00:00,2026-02-13 00:00:00,,day,,,,,,0,0,0,0,0,0,0,0,0,0,0,na,na,na
gdelt_d107d492,et,Trump says Ukraine may get Tomahawk missiles to use against Russia,2025-10-13 12:00:00,2025-10-13 12:00:00,2025-10-13 00:00:00,2025-10-13 00:00:00,2025-10-13 00:00:00,2025-10-13 00:00:00,2025-10-13 00:00:00,,day,,,,,,0,0,0,0,0,0,0,0,0,0,0,na,na,na
gdelt_d10f012e,zh-cn,英国王室 ： 授勋及嘉奖制度如何运作 ？ - BBC News 中文,2026-01-06 09:30:00,2026-01-06 09:30:00,2026-01-06 00:00:00,2026-01-06 00:00:00,2026-01-06 00:00:00,2026-01-06 00:00:00,2026-01-06 00:00:00,,day,,,,,,0,0,0,0,0,0,0,0,0,0,0,na,na,na
gdelt_d1151976,en,Thousands of students report sexual violence at university,2025-09-25 20:45:00,2025-09-25 20:45:00,2025-09-25 00:00:00,2025-09-25 00:00:00,2025-09-25 00:00:00,2025-09-25 00:00:00,2025-09-25 00:00:00,,day,,,,,,0,0,0,0,0,0,0,0,0,0,0,na,na,na
gdelt_d1ed48eb,en,US halts assistance to Somalia over claims WFP food aid was illegally seized,2026-01-08 19:30:00,2026-01-08 19:30:00,2026-01-08 00:00:00,2026-01-08 00:00:00,2026-01-08 00:00:00,2026-01-08 00:00:00,2026-01-08 00:00:00,,day,,,,,,0,0,0,0,0,0,0,0,0,0,0,na,na,na
gdelt_d21521ca,es,Tiroteo perpetrado por dos hombres palestinos deja seis muertos en Jerusalén,2025-09-09 00:45:00,2025-09-09 00:45:00,2025-09-09 00:00:00,2025-09-09 00:00:00,2025-09-09 00:00:00,2025-09-09 00:00:00,2025-09-09 00:00:00,,day,,,,,,0,0,0,0,0,0,0,0,0,0,0,na,na,na
gdelt_d22763ef,fr,Affrontements frontaliers Thaïlande - Cambodge : le MAE thaïlandais se dit du des remarques de Trump - Xinhua,2025-12-14 09:15:00,2025-12-14 09:15:00,2025-12-14 00:00:00,2025-12-14 00:00:00,2025-12-14 00:00:00,2025-12-14 00:00:00,2025-12-14 00:00:00,,day,,,,,,0,0,0,0,0,0,0,0,0,0,0,na,na,na
gdelt_d2958c97,es,Por qué tardamos más de 2 . 000 años en saber cuán asombrosamente lejos había llegado Arquímedes en su conocimiento de matemáticas,2025-09-21 23:45:00,2025-09-21 23:45:00,2025-09-21 00:00:00,2025-09-21 00:00:00,2025-09-21 00:00:00,2025-09-21 00:00:00,2025-09-21 00:00:00,,day,,,,,,0,0,0,0,0,0,0,0,0,0,0,na,na,na
gdelt_d2da58e3,en,Snap Insight : Budget 2026 offers some stability in a changed world,2026-02-12 23:30:00,2026-02-12 00:00:00,2026-02-12 00:00:00,2026-02-12 00:00:00,2026-02-12 00:00:00,2026-01-01 00:00:00,2026-12-31 00:00:00,,year,2026-01-01 00:00:00,2026-01-01 00:00:00,2026-12-31 00:00:00,year,2026,1,1,1,1,1,1,1,1,1,1,1,tie,tie,tie
gdelt_d2e70207,en,The impact of the Iran war on Dubai tourism amid travel uncertainty,2026-03-18 14:45:00,2026-03-18 14:45:00,2026-03-18 00:00:00,2026-03-18 00:00:00,2026-03-18 00:00:00,2026-03-18 00:00:00,2026-03-18 00:00:00,,day,,,,,,0,0,0,0,0,0,0,0,0,0,0,na,na,na
gdelt_d2ef6242,tr,Tayland ile Kamboçya arasında ateşkes sağlandı – DW – 28 . 07 . 2025,2025-07-28 22:45:00,2025-07-28 22:45:00,2025-07-28 00:00:00,2025-07-28 00:00:00,2025-07-28 00:00:00,2025-07-28 00:00:00,2025-07-28 00:00:00,,day,2025-01-01 00:00:00,2025-01-01 00:00:00,2025-12-31 00:00:00,year,2025,1,1,1,1,1,1,1,1,1,1,1,tie,tie,tie
gdelt_d2f6d24e,fr,Le porte - avions chinois Fujian fera régulièrement des apparitions en haute mer ( porte - parole ) - Xinhua,2025-11-09 11:45:00,2025-11-09 11:45:00,2025-11-05 00:00:00,2025-11-09 00:00:00,2025-11-09 00:00:00,2025-11-05 00:00:00,2025-11-05 00:00:00,,day,,,,,,0,0,0,0,0,0,0,0,0,0,0,na,na,na
gdelt_d3490d7d,zh-cn,中央和省属企业全力支援榆中抢险救灾 - 新华网,2025-08-10 09:45:00,2025-08-10 09:45:00,2025-08-10 00:00:00,2025-08-10 00:00:00,2025-08-10 00:00:00,2025-08-10 00:00:00,2025-08-10 00:00:00,,day,,,,,,0,0,0,0,0,0,0,0,0,0,0,na,na,na
gdelt_d3b4752b,pt,Como o tarifaço de Trump deteriorou a ligao Brasil - EUA – DW – 24 / 08 / 2025,2025-08-24 19:00:00,2025-08-24 19:00:00,2025-08-24 00:00:00,2025-08-24 00:00:00,2025-08-24 00:00:00,2025-08-24 00:00:00,2025-08-24 00:00:00,,day,2025-01-01 00:00:00,2025-01-01 00:00:00,2025-12-31 00:00:00,year,24 / 08 / 2025,1,1,1,1,1,1,1,1,1,1,1,tie,tie,tie
gdelt_d43a8e0e,es,Evento paralelo al tercer Foro de Liangzhu se lleva a cabo en Hangzhou,2025-10-19 12:30:00,2025-10-19 12:30:00,2025-10-01 00:00:00,2025-10-19 00:00:00,2025-10-19 00:00:00,2025-10-01 00:00:00,2025-10-01 00:00:00,,day,,,,,,0,0,0,0,0,0,0,0,0,0,0,na,na,na
gdelt_d4ddaae5,en,"Facing a demographic catastrophe , Ukraine is paying for troops to freeze their sperm",2026-02-17 09:45:00,2026-02-17 09:45:00,2026-02-17 00:00:00,2026-02-17 00:00:00,2026-02-17 00:00:00,2026-02-17 00:00:00,2026-02-17 00:00:00,,day,,,,,,0,0,0,0,0,0,0,0,0,0,0,na,na,na
gdelt_d53c7894,zh-cn,国宝画重点｜原来三星堆是彩色的 - 新华网,2025-09-28 12:45:00,2025-09-28 12:45:00,2025-09-28 00:00:00,2025-09-28 00:00:00,2025-09-28 00:00:00,2025-09-28 00:00:00,2025-09-28 00:00:00,,day,,,,,,0,0,0,0,0,0,0,0,0,0,0,na,na,na
gdelt_d557e1f2,en,Ukraine updates : Russia hits Odesa ahead of war anniversary,2026-02-23 18:00:00,2026-02-23 18:00:00,2026-02-23 00:00:00,2026-02-23 00:00:00,2026-02-23 00:00:00,2026-02-23 00:00:00,2026-02-23 00:00:00,,day,,,,,,0,0,0,0,0,0,0,0,0,0,0,na,na,na
gdelt_d5641489,en,  My mum would still be here if driving laws changed sooner  ,2025-08-13 15:45:00,2025-08-13 15:45:00,2025-08-13 00:00:00,2025-08-13 00:00:00,2025-08-13 00:00:00,2025-08-13 00:00:00,2025-08-13 00:00:00,,day,,,,,,0,0,0,0,0,0,0,0,0,0,0,na,na,na
gdelt_d581baf2,sl,"Zimske olimpijske igre – zabavno jeste , ali koliko to košta ? ",2026-02-04 17:00:00,2026-02-04 17:00:00,2026-01-29 00:00:00,2026-02-04 00:00:00,2026-02-04 00:00:00,2026-01-29 00:00:00,2026-01-29 00:00:00,,day,,,,,,0,0,0,0,0,0,0,0,0,0,0,na,na,na
gdelt_d5c938be,fa,اجلاس سازمان همکاری شانگهای ؛ نمایش اتحاد و همبستگی در سایه فشارهای آمریکا,2025-09-01 17:15:00,2025-09-01 17:15:00,2025-09-01 00:00:00,2025-09-01 00:00:00,2025-09-01 00:00:00,2025-09-01 00:00:00,2025-09-01 00:00:00,,day,,,,,,0,0,0,0,0,0,0,0,0,0,0,na,na,na
gdelt_d5ee0825,en,LIVE : Gaza families trapped in flooded tents as enclave hit by winter storm | Gaza News,2025-12-11 05:45:00,2025-12-11 05:45:00,2025-12-11 00:00:00,2025-12-11 00:00:00,2025-12-11 00:00:00,2025-12-11 00:00:00,2025-12-11 00:00:00,,day,,,,,,0,0,0,0,0,0,0,0,0,0,0,na,na,na
gdelt_d611a117,hr,Njemačka stari i smanjuje se brže nego što se mislilo,2026-02-25 15:45:00,2026-02-25 15:45:00,2026-09-01 00:00:00,2026-02-25 00:00:00,2026-02-25 00:00:00,2026-09-01 00:00:00,2026-09-01 00:00:00,,day,,,,,,0,0,0,0,0,0,0,0,0,0,0,na,na,na
gdelt_d6181baf,id,Ukraina dan Rusia Saling Serang Jelang Perundingan Damai – DW – 02 . 06 . 2025,2025-06-02 21:45:00,2025-06-02 21:45:00,2025-06-02 00:00:00,2025-06-02 00:00:00,2025-06-02 00:00:00,2025-06-02 00:00:00,2025-06-02 00:00:00,,day,2025-01-01 00:00:00,2025-01-01 00:00:00,2025-12-31 00:00:00,year,2025,1,1,1,1,1,1,1,1,1,1,1,tie,tie,tie
gdelt_d63c5065,en,Trump says he will meet China Xi if a trade deal is struck,2025-08-06 01:30:00,2025-08-06 01:30:00,2025-08-06 00:00:00,2025-08-06 00:00:00,2025-08-06 00:00:00,2025-08-06 00:00:00,2025-08-06 00:00:00,,day,,,,,,0,0,0,0,0,0,0,0,0,0,0,na,na,na
gdelt_d69c4a21,da,Rose Njeri : Kenyan software developer detention sparks outrage,2025-06-02 21:15:00,2025-06-02 21:15:00,2025-06-02 00:00:00,2025-06-02 00:00:00,2025-06-02 00:00:00,2025-06-02 00:00:00,2025-06-02 00:00:00,,day,,,,,,0,0,0,0,0,0,0,0,0,0,0,na,na,na
gdelt_d6e57df7,en,Live : Global Sumud Flotilla reports explosions as drones fly overhead | Israel - Palestine conflict News,2025-09-24 10:45:00,2025-09-24 10:45:00,2025-09-24 00:00:00,2025-09-24 00:00:00,2025-09-24 00:00:00,2025-09-24 00:00:00,2025-09-24 00:00:00,,day,,,,,,0,0,0,0,0,0,0,0,0,0,0,na,na,na
gdelt_d73eb31e,fa,عفو بین‌الملل : بازگشت اجباری مهاجران و پناهجویان به افغانستان تحت حکومت طالبان باید پایان یابد,2025-12-17 04:45:00,2025-12-17 04:45:00,2025-12-17 00:00:00,2025-12-17 00:00:00,2025-12-17 00:00:00,2025-12-17 00:00:00,2025-12-17 00:00:00,,day,,,,,,0,0,0,0,0,0,0,0,0,0,0,na,na,na
gdelt_d78751b8,en,Ukraine doubts Russia desire for peace amid reports of US - drafted plan | Russia - Ukraine war News,2025-11-21 16:30:00,2025-11-21 16:30:00,2025-11-21 00:00:00,2025-11-21 00:00:00,2025-11-21 00:00:00,2025-11-21 00:00:00,2025-11-21 00:00:00,,day,,,,,,0,0,0,0,0,0,0,0,0,0,0,na,na,na
gdelt_d7a6cd33,ko,贵州前三季度互联网数据服务用电量同比增长超七成 - 新华网,2025-10-20 14:15:00,2025-10-20 14:15:00,2025-09-30 00:00:00,2025-10-20 00:00:00,2025-10-20 00:00:00,2025-01-01 00:00:00,2025-09-30 00:00:00,,quarter_span,,,,,,0,0,0,0,0,0,0,0,0,0,0,na,na,na
gdelt_d85a2aad,en,At least 23 killed in supermarket explosion in Mexico Sonora state | News,2025-11-02 13:15:00,2025-11-02 13:15:00,2025-11-02 00:00:00,2025-11-02 00:00:00,2025-11-02 00:00:00,2025-11-02 00:00:00,2025-11-02 00:00:00,,day,,,,,,0,0,0,0,0,0,0,0,0,0,0,na,na,na
gdelt_d8610473,en,"Japan stocks surge to record , bonds slide with yen on Takaichi landslide election win",2026-02-09 15:00:00,2026-02-09 15:00:00,2026-02-09 00:00:00,2026-02-09 00:00:00,2026-02-09 00:00:00,2026-02-09 00:00:00,2026-02-09 00:00:00,,day,,,,,,0,0,0,0,0,0,0,0,0,0,0,na,na,na
gdelt_d8a3076e,en,Cuba mothers - to - be prepare to give birth in a country plunged into darkness,2026-03-24 15:00:00,2026-03-24 15:00:00,2026-03-24 00:00:00,2026-03-24 00:00:00,2026-03-24 00:00:00,2026-03-24 00:00:00,2026-03-24 00:00:00,,day,,,,,,0,0,0,0,0,0,0,0,0,0,0,na,na,na
gdelt_d8e8e173,en,Japan envoy in Beijing to ease tensions as China repeats call for Takaichi to retract Taiwan remarks,2025-11-18 22:30:00,2025-11-18 22:30:00,2025-11-18 00:00:00,2025-11-18 00:00:00,2025-11-18 00:00:00,2025-11-18 00:00:00,2025-11-18 00:00:00,,day,,,,,,0,0,0,0,0,0,0,0,0,0,0,na,na,na
gdelt_d8ed8dd1,zh-cn,并购重组动态前沿简报 （ 11月24日至11月28日 ）- 新华网,2025-11-30 12:30:00,2025-11-30 12:30:00,2025-11-24 00:00:00,2025-11-30 00:00:00,2025-11-30 00:00:00,2025-11-24 00:00:00,2025-11-24 00:00:00,,day,2025-11-24 00:00:00,2025-11-24 00:00:00,2025-11-24 00:00:00,day,11月24日,1,1,0,1,0,1,0,1,0,1,0,v2_better,v2_better,v2_better
gdelt_d90ed025,ru,В России задержали 14 поездов из - за атаки украинских дронов – DW – 17 . 08 . 2025,2025-08-17 21:15:00,2025-08-17 21:15:00,2025-08-17 00:00:00,2025-08-17 00:00:00,2025-08-17 00:00:00,2025-08-17 00:00:00,2025-08-17 00:00:00,,day,2025-01-01 00:00:00,2025-01-01 00:00:00,2025-12-31 00:00:00,year,2025,1,1,1,1,1,1,1,1,1,1,1,tie,tie,tie
gdelt_d93352f3,en,Singapore fiscal prudence validated  time and time again  amid global turmoil : Indranee Rajah,2026-03-06 13:30:00,2026-03-06 13:30:00,2026-03-06 00:00:00,2026-03-06 00:00:00,2026-03-06 00:00:00,2026-03-06 00:00:00,2026-03-06 00:00:00,,day,,,,,,0,0,0,0,0,0,0,0,0,0,0,na,na,na
gdelt_d96071dc,en,European Union to scrap landmark 2035 ban on new petrol and diesel cars,2025-12-16 23:45:00,2035-12-16 00:00:00,2025-12-16 00:00:00,2035-12-16 00:00:00,2035-12-16 00:00:00,2025-12-16 00:00:00,2025-12-16 00:00:00,,day,2035-01-01 00:00:00,2035-01-01 00:00:00,2035-12-31 00:00:00,year,2035,1,1,1,0,1,0,1,0,1,0,1,v1_better,v1_better,v1_better
gdelt_d9730516,en,"Days after quake , Afghan survivors still await aid",2025-09-03 23:00:00,2025-09-03 23:00:00,2025-09-03 00:00:00,2025-09-03 00:00:00,2025-09-03 00:00:00,2025-09-03 00:00:00,2025-09-03 00:00:00,,day,,,,,,0,0,0,0,0,0,0,0,0,0,0,na,na,na
gdelt_d98bff0f,en,Data shows immigration status of benefit claimants for first time,2025-07-16 00:15:00,2025-07-16 00:15:00,2025-07-16 00:00:00,2025-07-16 00:00:00,2025-07-16 00:00:00,2025-07-16 00:00:00,2025-07-16 00:00:00,,day,,,,,,0,0,0,0,0,0,0,0,0,0,0,na,na,na
gdelt_d9928549,en,LIVE : Gaza ceasefire mediators to hold talks on second phase | Israel - Palestine conflict News,2025-12-20 01:45:00,2025-12-20 01:45:00,2025-12-20 00:00:00,2025-12-20 00:00:00,2025-12-20 00:00:00,2025-12-20 00:00:00,2025-12-20 00:00:00,,day,,,,,,0,0,0,0,0,0,0,0,0,0,0,na,na,na
gdelt_d996ce52,en,Biker dies after crash with single decker bus in Highlands,2025-08-24 21:00:00,2025-08-24 21:00:00,2025-08-24 00:00:00,2025-08-24 00:00:00,2025-08-24 00:00:00,2025-08-24 00:00:00,2025-08-24 00:00:00,,day,,,,,,0,0,0,0,0,0,0,0,0,0,0,na,na,na
gdelt_d9ba792d,sq,Marrëveshja e BE - së mevendet e Amerikës së Jugut në Gjykatë,2026-01-22 08:30:00,2026-01-22 08:30:00,2026-01-22 00:00:00,2026-01-22 00:00:00,2026-01-22 00:00:00,2026-01-22 00:00:00,2026-01-22 00:00:00,,day,,,,,,0,0,0,0,0,0,0,0,0,0,0,na,na,na
gdelt_d9dd18f1,zh-cn,美军将领称北约可以  前所未有速度  攻下加里宁格勒 – DW – 2025年7月20日,2025-07-20 20:15:00,2025-07-20 00:00:00,2025-07-20 00:00:00,2025-07-20 00:00:00,2025-07-20 00:00:00,2025-07-20 00:00:00,2025-07-20 00:00:00,,day,2025-07-20 00:00:00,2025-07-20 00:00:00,2025-07-20 00:00:00,day,2025年7月20日,1,1,1,1,1,1,1,1,1,1,0,tie,tie,tie
gdelt_da024d9b,af,Middle East : IDF denies killing Palestinians at aid site – DW – 06 / 01 / 2025,2025-06-02 00:30:00,2025-06-02 00:30:00,2025-01-06 00:00:00,2025-06-02 00:00:00,2025-06-02 00:00:00,2025-01-06 00:00:00,2025-01-06 00:00:00,,day,2025-01-01 00:00:00,2025-01-01 00:00:00,2025-12-31 00:00:00,year,06 / 01 / 2025,1,1,1,1,1,1,1,1,1,1,1,tie,tie,tie
gdelt_da34d884,en,Rocket stocks soar on reports Musk SpaceX to file for share sale,2026-03-26 10:45:00,2026-03-26 10:45:00,2026-03-26 00:00:00,2026-03-26 00:00:00,2026-03-26 00:00:00,2026-03-26 00:00:00,2026-03-26 00:00:00,,day,,,,,,0,0,0,0,0,0,0,0,0,0,0,na,na,na
gdelt_da6c243e,en,Iranians describe life under  constant  US - Israeli strikes :  Every day feels like a month  ,2026-03-05 04:00:00,2026-03-05 04:00:00,2026-02-05 00:00:00,2026-03-05 00:00:00,2026-03-05 00:00:00,2026-02-05 00:00:00,2026-02-05 00:00:00,,day,,,,,,0,0,0,0,0,0,0,0,0,0,0,na,na,na
gdelt_da996aaf,ru,Вероятные подрывы мостов в России : возбуждены уголовные дела – DW – 01 . 06 . 2025,2025-06-01 20:15:00,2025-06-01 20:15:00,2025-06-01 00:00:00,2025-06-01 00:00:00,2025-06-01 00:00:00,2025-06-01 00:00:00,2025-06-01 00:00:00,,day,2025-01-01 00:00:00,2025-01-01 00:00:00,2025-12-31 00:00:00,year,2025,1,1,1,1,1,1,1,1,1,1,1,tie,tie,tie
gdelt_dabcdce3,ko,"2025년 SUNNY 청년발전행동 , 중국 장쑤캠프 개영식 열려 ... 中 · 韓 청년 50명 참가 - Xinhua",2025-11-27 08:00:00,2025-11-27 08:00:00,2025-11-27 00:00:00,2025-11-27 00:00:00,2025-11-27 00:00:00,2025-11-27 00:00:00,2025-11-27 00:00:00,,day,,,,,,0,0,0,0,0,0,0,0,0,0,0,na,na,na
gdelt_dac8e080,es,Opositores cubanos buscan amnistía para los presos políticos,2026-03-24 07:00:00,2026-03-24 07:00:00,2026-03-24 00:00:00,2026-03-24 00:00:00,2026-03-24 00:00:00,2026-03-24 00:00:00,2026-03-24 00:00:00,,day,,,,,,0,0,0,0,0,0,0,0,0,0,0,na,na,na
gdelt_daccd7c2,ru,Опрос : Большинство немцев опасаются нападения РФ на НАТО – DW – 14 . 09 . 2025,2025-09-14 14:45:00,2025-09-14 14:45:00,2025-09-14 00:00:00,2025-09-14 00:00:00,2025-09-14 00:00:00,2025-09-14 00:00:00,2025-09-14 00:00:00,,day,2025-01-01 00:00:00,2025-01-01 00:00:00,2025-12-31 00:00:00,year,2025,1,1,1,1,1,1,1,1,1,1,1,tie,tie,tie
gdelt_dae479dd,en,Australian police say Bondi Beach attackers inspired by ISIL,2025-12-16 15:45:00,2025-12-16 15:45:00,2025-12-16 00:00:00,2025-12-16 00:00:00,2025-12-16 00:00:00,2025-12-16 00:00:00,2025-12-16 00:00:00,,day,,,,,,0,0,0,0,0,0,0,0,0,0,0,na,na,na
gdelt_db06539e,uk,Зеленський : Моя позиція з територіальних питань не змінилася – DW – 13 . 08 . 2025,2025-08-14 03:30:00,2025-08-14 03:30:00,2025-08-13 00:00:00,2025-08-14 00:00:00,2025-08-14 00:00:00,2025-08-13 00:00:00,2025-08-13 00:00:00,,day,2025-01-01 00:00:00,2025-01-01 00:00:00,2025-12-31 00:00:00,year,2025,1,1,1,1,1,1,1,1,1,1,1,tie,tie,tie
gdelt_db397744,en,My husband would have turned in his grave over Brewdog investment tribute,2026-03-05 07:30:00,2026-03-05 07:30:00,2026-03-05 00:00:00,2026-03-05 00:00:00,2026-03-05 00:00:00,2026-03-05 00:00:00,2026-03-05 00:00:00,,day,,,,,,0,0,0,0,0,0,0,0,0,0,0,na,na,na
gdelt_db50059f,fr,"La politique nucléaire chinoise est très stable , continue et prévisible ( porte - parole ) - Xinhua",2025-09-25 23:00:00,2025-09-25 23:00:00,2025-09-25 00:00:00,2025-09-25 00:00:00,2025-09-25 00:00:00,2025-09-25 00:00:00,2025-09-25 00:00:00,,day,,,,,,0,0,0,0,0,0,0,0,0,0,0,na,na,na
gdelt_dbb81173,sw,Israel yafanya mashambulizi ya anga katika bandari Yemen – DW – 07 . 07 . 2025,2025-07-07 12:45:00,2025-07-07 00:00:00,2025-07-07 00:00:00,2025-07-07 00:00:00,2025-07-07 00:00:00,2025-07-07 00:00:00,2025-07-07 00:00:00,,day,2025-01-01 00:00:00,2025-01-01 00:00:00,2025-12-31 00:00:00,year,2025,1,1,1,1,1,1,1,1,1,1,1,tie,tie,tie
gdelt_dbf3a7c4,es,El gobierno sirio recupera el control de Alepo – DW – 11 / 01 / 2026,2026-01-12 04:45:00,2026-01-12 04:45:00,2026-01-11 00:00:00,2026-01-12 00:00:00,2026-01-12 00:00:00,2026-01-11 00:00:00,2026-01-11 00:00:00,,day,2026-01-01 00:00:00,2026-01-01 00:00:00,2026-12-31 00:00:00,year,11 / 01 / 2026,1,1,1,1,1,1,1,1,1,1,1,tie,tie,tie
gdelt_dc2cfff2,en,How Africa gets shortchanged in trade with Europe,2026-03-23 23:15:00,2026-03-23 23:15:00,2026-03-23 00:00:00,2026-03-23 00:00:00,2026-03-23 00:00:00,2026-03-23 00:00:00,2026-03-23 00:00:00,,day,,,,,,0,0,0,0,0,0,0,0,0,0,0,na,na,na
gdelt_dc368191,tr,Ekrem İmamoğlunun da yargılandığı İBB davası başlıyor,2026-03-09 11:15:00,2026-03-09 11:15:00,2026-03-09 00:00:00,2026-03-09 00:00:00,2026-03-09 00:00:00,2026-03-09 00:00:00,2026-03-09 00:00:00,,day,,,,,,0,0,0,0,0,0,0,0,0,0,0,na,na,na
gdelt_dc57bbcb,bg,Тръмп :  Мога да правя каквото си поискам  с Куба,2026-03-17 22:00:00,2026-03-17 22:00:00,2026-03-16 00:00:00,2026-03-17 00:00:00,2026-03-17 00:00:00,2026-03-16 00:00:00,2026-03-16 00:00:00,,day,,,,,,0,0,0,0,0,0,0,0,0,0,0,na,na,na
gdelt_dc9c87c4,en,Gaza takeover necessary for victory Netanyahu – DW – 08 / 11 / 2025,2025-08-11 16:15:00,2025-08-11 16:15:00,2025-08-11 00:00:00,2025-08-11 00:00:00,2025-08-11 00:00:00,2025-08-11 00:00:00,2025-08-11 00:00:00,,day,2025-01-01 00:00:00,2025-01-01 00:00:00,2025-12-31 00:00:00,year,08 / 11 / 2025,1,1,1,1,1,1,1,1,1,1,1,tie,tie,tie
gdelt_dcf223bf,da,Singapore 2026 Budget statement to be delivered on Feb 12 at 3 . 30pm,2026-01-29 12:00:00,2026-01-29 12:00:00,2026-02-12 00:00:00,2026-01-29 00:00:00,2026-01-29 00:00:00,2026-02-12 00:00:00,2026-02-12 00:00:00,,day,2026-01-01 00:00:00,2026-01-01 00:00:00,2026-12-31 00:00:00,year,2026,1,1,1,1,1,1,1,1,1,1,1,tie,tie,tie
gdelt_dd38df5f,en,Corinthian football figures fans celebrate joy of collecting,2025-07-06 18:00:00,2025-07-06 18:00:00,2025-07-06 00:00:00,2025-07-06 00:00:00,2025-07-06 00:00:00,2025-07-06 00:00:00,2025-07-06 00:00:00,,day,,,,,,0,0,0,0,0,0,0,0,0,0,0,na,na,na
gdelt_dd454e85,pl,UE – Mercosur . Decydująca faza gry o wielką handlową umowę – DW – 07 . 12 . 2025,2025-12-08 03:00:00,2025-12-08 03:00:00,2025-12-07 00:00:00,2025-12-08 00:00:00,2025-12-08 00:00:00,2025-12-07 00:00:00,2025-12-07 00:00:00,,day,2025-01-01 00:00:00,2025-01-01 00:00:00,2025-12-31 00:00:00,year,2025,1,1,1,1,1,1,1,1,1,1,1,tie,tie,tie
gdelt_dd7f7ff5,zh-cn,中方 ： 危害人类罪的定义应最大限度凝聚共识 - 新华网,2025-10-15 13:30:00,2025-10-15 13:30:00,2025-10-15 00:00:00,2025-10-15 00:00:00,2025-10-15 00:00:00,2025-10-15 00:00:00,2025-10-15 00:00:00,,day,,,,,,0,0,0,0,0,0,0,0,0,0,0,na,na,na
gdelt_dd9e6da5,el, « Αν είχαμε για γείτονες τους Σουηδούς ...» ,2026-01-18 19:45:00,2026-01-18 19:45:00,2026-01-18 00:00:00,2026-01-18 00:00:00,2026-01-18 00:00:00,2026-01-18 00:00:00,2026-01-18 00:00:00,,day,,,,,,0,0,0,0,0,0,0,0,0,0,0,na,na,na
gdelt_dda341e2,ko,贵州银行 ： 金融春风细吹拂 守护百姓钱袋子 - 新华网,2026-03-24 13:45:00,2026-03-24 13:45:00,2026-03-24 00:00:00,2026-03-24 00:00:00,2026-03-24 00:00:00,2026-03-24 00:00:00,2026-03-24 00:00:00,,day,,,,,,0,0,0,0,0,0,0,0,0,0,0,na,na,na
gdelt_de13e854,en,Syrians celebrate one year since Assad fall with president set to address nation,2025-12-08 23:30:00,2024-12-08 23:30:00,2024-12-08 00:00:00,2024-12-08 00:00:00,2024-12-08 00:00:00,2024-12-08 00:00:00,2024-12-08 00:00:00,,day,,,,,,0,0,0,0,0,0,0,0,0,0,0,na,na,na
gdelt_de18a1eb,en,Mother  heartbroken  by park poor accessibility,2025-09-02 21:30:00,2025-09-02 21:30:00,2025-09-02 00:00:00,2025-09-02 00:00:00,2025-09-02 00:00:00,2025-09-02 00:00:00,2025-09-02 00:00:00,,day,,,,,,0,0,0,0,0,0,0,0,0,0,0,na,na,na
gdelt_de51a61f,pl,Zyski Volkswagena spadły prawie o połowę,2026-03-10 19:15:00,2026-03-10 19:15:00,2026-03-10 00:00:00,2026-03-10 00:00:00,2026-03-10 00:00:00,2026-03-10 00:00:00,2026-03-10 00:00:00,,day,,,,,,0,0,0,0,0,0,0,0,0,0,0,na,na,na
gdelt_de580145,en,"F1 takes on the Indy 500 ? Yikes . Plus , meet Red Bull top prospect",2025-06-11 05:45:00,2025-06-11 05:45:00,2025-06-11 00:00:00,2025-06-11 00:00:00,2025-06-11 00:00:00,2025-06-11 00:00:00,2025-06-11 00:00:00,,day,,,,,,0,0,0,0,0,0,0,0,0,0,0,na,na,na
gdelt_de8a972a,mk,Проблемите на германскиот канцелар Мерц – DW – 2 . 09 . 2025,2025-09-02 14:00:00,2025-09-02 14:00:00,2025-09-02 00:00:00,2025-09-02 00:00:00,2025-09-02 00:00:00,2025-09-02 00:00:00,2025-09-02 00:00:00,,day,2025-01-01 00:00:00,2025-01-01 00:00:00,2025-12-31 00:00:00,year,2025,1,1,1,1,1,1,1,1,1,1,1,tie,tie,tie
gdelt_defc20b6,en,Iran war live : Trump again slams NATO lack of support for war on Tehran | US - Israel war on Iran News,2026-03-28 14:45:00,2026-03-28 14:45:00,2026-03-28 00:00:00,2026-03-28 00:00:00,2026-03-28 00:00:00,2026-03-28 00:00:00,2026-03-28 00:00:00,,day,,,,,,0,0,0,0,0,0,0,0,0,0,0,na,na,na
gdelt_df40fb52,en,Murder suspect charged after man fatally stabbed at Norwich flats,2025-11-24 05:15:00,2025-11-24 05:15:00,2025-11-24 00:00:00,2025-11-24 00:00:00,2025-11-24 00:00:00,2025-11-24 00:00:00,2025-11-24 00:00:00,,day,,,,,,0,0,0,0,0,0,0,0,0,0,0,na,na,na
gdelt_df84294d,en,"Indiana Fever Aliyah Boston invests in Boston Legacy FC , team announces performance center",2025-07-15 01:30:00,2025-07-15 01:30:00,2025-07-15 00:00:00,2025-07-15 00:00:00,2025-07-15 00:00:00,2025-07-15 00:00:00,2025-07-15 00:00:00,,day,,,,,,0,0,0,0,0,0,0,0,0,0,0,na,na,na
gdelt_df969630,fr,Eurostar : trafic perturbé après un problème dalimentation électrique dans le tunnel sous la Manche - Xinhua,2025-12-30 21:30:00,2025-12-30 21:30:00,2025-12-30 00:00:00,2025-12-30 00:00:00,2025-12-30 00:00:00,2025-12-30 00:00:00,2025-12-30 00:00:00,,day,,,,,,0,0,0,0,0,0,0,0,0,0,0,na,na,na
gdelt_dfc47ce1,en,Syndicate member who stole half a million in jewellery from Windsor Park house gets jail,2025-07-25 13:30:00,2025-07-25 13:30:00,2025-07-25 00:00:00,2025-07-25 00:00:00,2025-07-25 00:00:00,2025-07-25 00:00:00,2025-07-25 00:00:00,,day,,,,,,0,0,0,0,0,0,0,0,0,0,0,na,na,na
gdelt_dfc911cb,zh-cn,贵州安顺 ： 公积金赋能 ， 绘就民生安居答卷 - 新华网,2025-06-01 18:30:00,2025-06-01 18:30:00,2025-06-01 00:00:00,2025-06-01 00:00:00,2025-06-01 00:00:00,2025-06-01 00:00:00,2025-06-01 00:00:00,,day,,,,,,0,0,0,0,0,0,0,0,0,0,0,na,na,na
gdelt_e006ac87,en,"Commentary : Whether IP rider changes affect you or not , it a reminder to review your healthcare assumptions",2026-01-22 07:15:00,2026-01-22 07:15:00,2026-01-22 00:00:00,2026-01-22 00:00:00,2026-01-22 00:00:00,2026-01-22 00:00:00,2026-01-22 00:00:00,,day,,,,,,0,0,0,0,0,0,0,0,0,0,0,na,na,na
gdelt_e01d02d7,fr,Le Hamas exhorte la communauté internationale à mettre un terme aux violations israéliennes du cessez - le - feu à Gaza - Xinhua,2026-01-21 11:15:00,2026-01-21 11:15:00,2026-01-21 00:00:00,2026-01-21 00:00:00,2026-01-21 00:00:00,2026-01-21 00:00:00,2026-01-21 00:00:00,,day,,,,,,0,0,0,0,0,0,0,0,0,0,0,na,na,na
gdelt_e0247324,en,Han Kuang : What happens in Taiwan annual military exercise ? ,2025-07-09 08:15:00,2025-07-09 08:15:00,2025-07-09 00:00:00,2025-07-09 00:00:00,2025-07-09 00:00:00,2025-07-09 00:00:00,2025-07-09 00:00:00,,day,,,,,,0,0,0,0,0,0,0,0,0,0,0,na,na,na
gdelt_e0581445,en,Trump addresses Knesset after hostages return to Israel – DW – 10 / 13 / 2025,2025-10-13 20:15:00,2025-10-13 00:00:00,2025-10-13 00:00:00,2025-10-13 00:00:00,2025-10-13 00:00:00,2025-10-13 00:00:00,2025-10-13 00:00:00,,day,2025-01-01 00:00:00,2025-01-01 00:00:00,2025-12-31 00:00:00,year,10 / 13 / 2025,1,1,1,1,1,1,1,1,1,1,1,tie,tie,tie
gdelt_e089f749,en,"Trump deploys ICE agents to US airports amid staffing issues , delays",2026-03-24 00:15:00,2026-03-24 00:15:00,2026-03-24 00:00:00,2026-03-24 00:00:00,2026-03-24 00:00:00,2026-03-24 00:00:00,2026-03-24 00:00:00,,day,,,,,,0,0,0,0,0,0,0,0,0,0,0,na,na,na
gdelt_e0ae34f2,fr,Gabon : polémique sur la nationalisation des petits métiers – DW – 19 / 08 / 2025,2025-08-20 06:00:00,2025-08-20 06:00:00,2025-08-19 00:00:00,2025-08-20 00:00:00,2025-08-20 00:00:00,2025-08-19 00:00:00,2025-08-19 00:00:00,,day,2025-01-01 00:00:00,2025-01-01 00:00:00,2025-12-31 00:00:00,year,19 / 08 / 2025,1,1,1,1,1,1,1,1,1,1,1,tie,tie,tie
gdelt_e0b8bdaf,tr,Eski İHD İzmir Şube Başkanı Ali Aydın saldırı sonucu öldü,2026-01-14 20:30:00,2026-01-14 20:30:00,2026-01-14 00:00:00,2026-01-14 00:00:00,2026-01-14 00:00:00,2026-01-14 00:00:00,2026-01-14 00:00:00,,day,,,,,,0,0,0,0,0,0,0,0,0,0,0,na,na,na
gdelt_e10bbc9d,zh-cn,渭源 优育良种 铺就产业致富路 - 新华网,2025-07-21 13:00:00,2025-07-21 13:00:00,2025-07-21 00:00:00,2025-07-21 00:00:00,2025-07-21 00:00:00,2025-07-21 00:00:00,2025-07-21 00:00:00,,day,,,,,,0,0,0,0,0,0,0,0,0,0,0,na,na,na
gdelt_e10ca7f7,en,Chine : tourisme à Jingdezhen - Xinhua - french . news . cn,2025-07-15 15:30:00,2025-07-15 15:30:00,2025-07-15 00:00:00,2025-07-15 00:00:00,2025-07-15 00:00:00,2025-07-15 00:00:00,2025-07-15 00:00:00,,day,,,,,,0,0,0,0,0,0,0,0,0,0,0,na,na,na
gdelt_e153e1c4,mk,Србија : Насилство околу шаторското утврдување на власта – DW – 3 . 11 . 2025,2025-11-03 19:30:00,2025-11-03 19:30:00,2025-11-03 00:00:00,2025-11-03 00:00:00,2025-11-03 00:00:00,2025-11-03 00:00:00,2025-11-03 00:00:00,,day,2025-01-01 00:00:00,2025-01-01 00:00:00,2025-12-31 00:00:00,year,2025,1,1,1,1,1,1,1,1,1,1,1,tie,tie,tie
gdelt_e15c7076,it,"Israeli military launches attack on Gaza , Israeli media reports",2025-10-19 17:30:00,2025-10-19 17:30:00,2025-10-15 00:00:00,2025-10-19 00:00:00,2025-10-19 00:00:00,2025-10-15 00:00:00,2025-10-15 00:00:00,,day,,,,,,0,0,0,0,0,0,0,0,0,0,0,na,na,na
gdelt_e179872f,en,The SEC Championship Game race : Alabama and Texas A & M on a collision course ? ,2025-11-09 21:45:00,2025-11-09 21:45:00,2025-01-01 00:00:00,2025-11-09 00:00:00,2025-11-09 00:00:00,2025-01-01 00:00:00,2025-01-01 00:00:00,,day,,,,,,0,0,0,0,0,0,0,0,0,0,0,na,na,na
gdelt_e1f0de9c,uk,Корупційний скандал в  Енергоатомі : є затримання й підозри – DW – 11 . 11 . 2025,2025-11-11 23:00:00,2025-11-11 23:00:00,2025-11-11 00:00:00,2025-11-11 00:00:00,2025-11-11 00:00:00,2025-11-11 00:00:00,2025-11-11 00:00:00,,day,2025-01-01 00:00:00,2025-01-01 00:00:00,2025-12-31 00:00:00,year,2025,1,1,1,1,1,1,1,1,1,1,1,tie,tie,tie
gdelt_e23377b2,fa,چقدر تشکیل اتحاد نظامی « ناتوی عربی - اسلامی » واقع‌بینانه است ؟ ,2026-02-17 18:15:00,2026-02-17 18:15:00,2026-02-17 00:00:00,2026-02-17 00:00:00,2026-02-17 00:00:00,2026-02-17 00:00:00,2026-02-17 00:00:00,,day,,,,,,0,0,0,0,0,0,0,0,0,0,0,na,na,na
gdelt_e2592479,pt,Granada da 2ª Guerra é descoberta nas Olimpíadas de Inverno,2026-02-15 22:30:00,2026-02-15 22:30:00,2026-02-15 00:00:00,2026-02-15 00:00:00,2026-02-15 00:00:00,2026-02-15 00:00:00,2026-02-15 00:00:00,,day,,,,,,0,0,0,0,0,0,0,0,0,0,0,na,na,na
gdelt_e25a569d,en,Winter Olympic hopefuls have to train without snow . Here how Team united states does it,2025-10-23 20:30:00,2025-10-23 20:30:00,2025-10-23 00:00:00,2025-10-23 00:00:00,2025-10-23 00:00:00,2025-10-23 00:00:00,2025-10-23 00:00:00,,day,,,,,,0,0,0,0,0,0,0,0,0,0,0,na,na,na
gdelt_e279b31b,fr,Trump déclare  être beaucoup plus proche  dun accord de paix en Ukraine après ses discussions avec Zelensky - Xinhua,2025-12-29 09:45:00,2025-12-29 09:45:00,2025-12-29 00:00:00,2025-12-29 00:00:00,2025-12-29 00:00:00,2025-12-29 00:00:00,2025-12-29 00:00:00,,day,,,,,,0,0,0,0,0,0,0,0,0,0,0,na,na,na
gdelt_e284ac72,fa,اعتراضات به گرانی در ایران برای دهمین روز ادامه یافت,2026-01-06 14:00:00,2026-01-06 14:00:00,2026-01-06 00:00:00,2026-01-06 00:00:00,2026-01-06 00:00:00,2026-01-06 00:00:00,2026-01-06 00:00:00,,day,,,,,,0,0,0,0,0,0,0,0,0,0,0,na,na,na
gdelt_e2c53780,en,"Japan tourism , retail stocks plunge after China travel warning",2025-11-17 10:15:00,2025-11-17 10:15:00,2025-11-17 00:00:00,2025-11-17 00:00:00,2025-11-17 00:00:00,2025-11-17 00:00:00,2025-11-17 00:00:00,,day,,,,,,0,0,0,0,0,0,0,0,0,0,0,na,na,na
gdelt_e2f2ca0a,en,"Nearly 1 , 800 Chinese among thousands held in huge Cambodian raid on scam compound",2026-02-02 14:00:00,2026-02-02 14:00:00,2026-02-02 00:00:00,2026-02-02 00:00:00,2026-02-02 00:00:00,2026-02-02 00:00:00,2026-02-02 00:00:00,,day,,,,,,0,0,0,0,0,0,0,0,0,0,0,na,na,na
gdelt_e3b7b9f0,en,"NATO warns Russia of airspace violations , will defend self , deter threats",2025-09-24 00:00:00,2025-09-24 00:00:00,2025-09-24 00:00:00,2025-09-24 00:00:00,2025-09-24 00:00:00,2025-09-24 00:00:00,2025-09-24 00:00:00,,day,,,,,,0,0,0,0,0,0,0,0,0,0,0,na,na,na
gdelt_e3e4b067,es, ¿ Podría Cuba resistir una intervención militar de EE . UU .? ,2026-03-25 02:45:00,2026-03-25 02:45:00,2026-03-25 00:00:00,2026-03-25 00:00:00,2026-03-25 00:00:00,2026-03-25 00:00:00,2026-03-25 00:00:00,,day,,,,,,0,0,0,0,0,0,0,0,0,0,0,na,na,na
gdelt_e4493c3f,zh-cn,出得来 留得住 干得好 40余万黔东南群众广东就业 - 新华网,2025-08-12 14:15:00,2025-08-12 14:15:00,2025-08-12 00:00:00,2025-08-12 00:00:00,2025-08-12 00:00:00,2025-08-12 00:00:00,2025-08-12 00:00:00,,day,,,,,,0,0,0,0,0,0,0,0,0,0,0,na,na,na
gdelt_e4556cdf,zh-cn,  生活化案例  敲警钟 ！ 硬核  开课  沉浸式体验消防  实验室 - 新华网,2025-11-17 18:45:00,2025-11-17 18:45:00,2025-11-17 00:00:00,2025-11-17 00:00:00,2025-11-17 00:00:00,2025-11-17 00:00:00,2025-11-17 00:00:00,,day,,,,,,0,0,0,0,0,0,0,0,0,0,0,na,na,na
gdelt_e48a7bab,ar,ترامب يطلق ممشى المشاهير الرئاسي في البيت الأبيض ويستبدل بايدن بقلم آلي,2025-09-26 01:30:00,2025-09-26 01:30:00,2025-09-26 00:00:00,2025-09-26 00:00:00,2025-09-26 00:00:00,2025-09-26 00:00:00,2025-09-26 00:00:00,,day,,,,,,0,0,0,0,0,0,0,0,0,0,0,na,na,na
gdelt_e49f56c7,en,Arvell Reese ? Peter Woods ? Assessing the early Bengals draft view with Dane Brugler,2025-11-25 21:15:00,2025-11-25 21:15:00,2025-11-25 00:00:00,2025-11-25 00:00:00,2025-11-25 00:00:00,2025-11-25 00:00:00,2025-11-25 00:00:00,,day,,,,,,0,0,0,0,0,0,0,0,0,0,0,na,na,na
gdelt_e52f692c,ur,افریقی تہذیب کی تباہی – DW – 05 . 10 . 2025,2025-10-05 17:15:00,2025-10-05 17:15:00,2025-10-05 00:00:00,2025-10-05 00:00:00,2025-10-05 00:00:00,2025-10-05 00:00:00,2025-10-05 00:00:00,,day,2025-01-01 00:00:00,2025-01-01 00:00:00,2025-12-31 00:00:00,year,2025,1,1,1,1,1,1,1,1,1,1,1,tie,tie,tie
gdelt_e5349f43,bn,মঙ্গলবার একটি না দুইটি শপথ ? ,2026-02-16 16:15:00,2026-02-16 16:15:00,2026-02-10 00:00:00,2026-02-16 00:00:00,2026-02-16 00:00:00,2026-02-10 00:00:00,2026-02-10 00:00:00,,day,,,,,,0,0,0,0,0,0,0,0,0,0,0,na,na,na
gdelt_e55a0c48,en,British PM Starmer under pressure as voter support rises for Reform united kingdom ,2025-10-14 18:30:00,2025-10-14 18:30:00,2025-10-14 00:00:00,2025-10-14 00:00:00,2025-10-14 00:00:00,2025-10-14 00:00:00,2025-10-14 00:00:00,,day,,,,,,0,0,0,0,0,0,0,0,0,0,0,na,na,na
gdelt_e5672036,en,"Haditha : Two US marines implicated in killing family in notorious Iraq war shooting , expert tells BBC",2025-11-17 09:00:00,2025-11-17 09:00:00,2025-11-17 00:00:00,2025-11-17 00:00:00,2025-11-17 00:00:00,2025-11-17 00:00:00,2025-11-17 00:00:00,,day,,,,,,0,0,0,0,0,0,0,0,0,0,0,na,na,na
gdelt_e584022a,fi,Israeli attacks on Lebanon Bekaa Valley kill Syrian teenager | News,2026-02-27 06:15:00,2026-02-27 06:15:00,2026-02-25 00:00:00,2026-02-27 00:00:00,2026-02-27 00:00:00,2026-02-25 00:00:00,2026-02-25 00:00:00,,day,,,,,,0,0,0,0,0,0,0,0,0,0,0,na,na,na
gdelt_e5b7941e,ko,"이란 , 이스라엘 남부 지역 미사일 공격 ... 핵시설 도시도 타격 - Xinhua",2026-03-22 14:45:00,2026-03-22 14:45:00,2026-03-22 00:00:00,2026-03-22 00:00:00,2026-03-22 00:00:00,2026-03-22 00:00:00,2026-03-22 00:00:00,,day,,,,,,0,0,0,0,0,0,0,0,0,0,0,na,na,na
gdelt_e5b94610,ko,今夏甘肃省平均降水量为近5年来最多 - 新华网,2025-09-08 11:15:00,2025-09-08 11:15:00,2025-09-08 00:00:00,2025-09-08 00:00:00,2025-09-08 00:00:00,2025-09-08 00:00:00,2025-09-08 00:00:00,,day,,,,,,0,0,0,0,0,0,0,0,0,0,0,na,na,na
gdelt_e5df563e,tr,Almanyada Köln Katedraline girişler ücretli oluyor,2026-03-06 00:30:00,2026-03-06 00:30:00,2026-03-06 00:00:00,2026-03-06 00:00:00,2026-03-06 00:00:00,2026-03-06 00:00:00,2026-03-06 00:00:00,,day,,,,,,0,0,0,0,0,0,0,0,0,0,0,na,na,na
gdelt_e5e87d3d,zh-cn,新华时评 · 一线评论｜屡错屡犯 ， 孩子吃口放心餐咋这么难 ？- 新华网,2025-12-21 10:00:00,2025-12-21 10:00:00,2025-12-21 00:00:00,2025-12-21 00:00:00,2025-12-21 00:00:00,2025-12-21 00:00:00,2025-12-21 00:00:00,,day,,,,,,0,0,0,0,0,0,0,0,0,0,0,na,na,na
gdelt_e61f16f2,en,NHS Blood Bike courier killed in Pembrokeshire crash,2025-07-03 21:15:00,2025-07-03 21:15:00,2025-07-03 00:00:00,2025-07-03 00:00:00,2025-07-03 00:00:00,2025-07-03 00:00:00,2025-07-03 00:00:00,,day,,,,,,0,0,0,0,0,0,0,0,0,0,0,na,na,na
gdelt_e652079f,en,"Knife threats and racial abuse all in a day work , say bus drivers",2025-12-10 15:45:00,2025-12-09 15:45:00,2025-12-09 00:00:00,2025-12-09 00:00:00,2025-12-09 00:00:00,2025-12-09 00:00:00,2025-12-09 00:00:00,,day,,,,,,0,0,0,0,0,0,0,0,0,0,0,na,na,na
gdelt_e66bb6ad,en,Commentary : China wants tech self - reliance and more consumption – can it have both ? ,2025-12-11 07:15:00,2025-12-11 07:15:00,2025-12-11 00:00:00,2025-12-11 00:00:00,2025-12-11 00:00:00,2025-12-11 00:00:00,2025-12-11 00:00:00,,day,,,,,,0,0,0,0,0,0,0,0,0,0,0,na,na,na
gdelt_e6a9360a,es,Alemania gana Emmy por serie sobre Alemania Oriental – DW – 26 / 11 / 2025,2025-11-27 05:00:00,2025-11-27 05:00:00,2025-11-26 00:00:00,2025-11-27 00:00:00,2025-11-27 00:00:00,2025-11-26 00:00:00,2025-11-26 00:00:00,,day,2025-01-01 00:00:00,2025-01-01 00:00:00,2025-12-31 00:00:00,year,26 / 11 / 2025,1,1,1,1,1,1,1,1,1,1,1,tie,tie,tie
gdelt_e6f5c77e,en,Trump Aug 1 tariff deadline is fast approaching . Here where the world stands,2025-07-31 14:15:00,2025-07-31 14:15:00,2025-08-01 00:00:00,2025-07-31 00:00:00,2025-07-31 00:00:00,2025-08-01 00:00:00,2025-08-01 00:00:00,,day,2025-08-01 00:00:00,2025-08-01 00:00:00,2025-08-01 00:00:00,day,Aug 1,1,1,0,1,1,1,0,1,0,1,0,v2_better,tie,v2_better
gdelt_e6fe68ff,en,"Alfie Moran : Teen killed in crash was  our special boy , mum says",2026-01-05 07:15:00,2026-01-05 07:15:00,2026-01-05 00:00:00,2026-01-05 00:00:00,2026-01-05 00:00:00,2026-01-05 00:00:00,2026-01-05 00:00:00,,day,,,,,,0,0,0,0,0,0,0,0,0,0,0,na,na,na
gdelt_e76d1e9a,sw,Marekani kuipatia Ukraine mifumo ya ulinzi ya Patriot – DW – 14 . 07 . 2025,2025-07-14 13:45:00,2025-07-14 00:00:00,2025-07-14 00:00:00,2025-07-14 00:00:00,2025-07-14 00:00:00,2025-07-14 00:00:00,2025-07-14 00:00:00,,day,2025-01-01 00:00:00,2025-01-01 00:00:00,2025-12-31 00:00:00,year,2025,1,1,1,1,1,1,1,1,1,1,1,tie,tie,tie
gdelt_e76f5feb,zh-cn,假日怎么吃更健康 ？ 收下这份饮食  攻略 - 新华网辽宁频道,2025-10-05 14:30:00,2025-10-05 14:30:00,2025-10-05 00:00:00,2025-10-05 00:00:00,2025-10-05 00:00:00,2025-10-05 00:00:00,2025-10-05 00:00:00,,day,,,,,,0,0,0,0,0,0,0,0,0,0,0,na,na,na
gdelt_e7e8d993,fr,Le président vénézuélien condamne lescalade des actions américaines dans les Caraïbes - Xinhua,2025-12-23 12:15:00,2025-12-23 12:15:00,2025-12-23 00:00:00,2025-12-23 00:00:00,2025-12-23 00:00:00,2025-12-23 00:00:00,2025-12-23 00:00:00,,day,,,,,,0,0,0,0,0,0,0,0,0,0,0,na,na,na
gdelt_e8484ad3,ro,Titanii industriei germane îmbrățișează era AI – DW – 02 . 12 . 2025,2025-12-02 17:30:00,2025-12-02 17:30:00,2025-12-02 00:00:00,2025-12-02 00:00:00,2025-12-02 00:00:00,2025-12-02 00:00:00,2025-12-02 00:00:00,,day,2025-01-01 00:00:00,2025-01-01 00:00:00,2025-12-31 00:00:00,year,2025,1,1,1,1,1,1,1,1,1,1,1,tie,tie,tie
gdelt_e8d92b09,fr,Les habitants de Dubaï appelés à se mettre à labri face aux menaces de tirs de missiles - Xinhua,2026-03-18 17:15:00,2026-03-18 17:15:00,2026-03-18 00:00:00,2026-03-18 00:00:00,2026-03-18 00:00:00,2026-03-18 00:00:00,2026-03-18 00:00:00,,day,,,,,,0,0,0,0,0,0,0,0,0,0,0,na,na,na
gdelt_e8f7cacb,en,Commentary : Japanese PM Takaichi great election gamble,2026-01-30 09:00:00,2026-01-30 09:00:00,2026-01-30 00:00:00,2026-01-30 00:00:00,2026-01-30 00:00:00,2026-01-30 00:00:00,2026-01-30 00:00:00,,day,,,,,,0,0,0,0,0,0,0,0,0,0,0,na,na,na
gdelt_e906ca67,es,"Entrevista : Bolivia debe priorizar cooperación global más allá de ideologías , señala analista político",2025-08-25 12:15:00,2025-08-25 12:15:00,2025-08-25 00:00:00,2025-08-25 00:00:00,2025-08-25 00:00:00,2025-08-25 00:00:00,2025-08-25 00:00:00,,day,,,,,,0,0,0,0,0,0,0,0,0,0,0,na,na,na
gdelt_e9242816,en,Welsh GPs warn investment needed to help practices cope with demand,2026-03-28 05:30:00,2026-03-28 05:30:00,2026-03-28 00:00:00,2026-03-28 00:00:00,2026-03-28 00:00:00,2026-03-28 00:00:00,2026-03-28 00:00:00,,day,,,,,,0,0,0,0,0,0,0,0,0,0,0,na,na,na
gdelt_e9c98a38,en,Natalie McNally murder trial date confirmed for next month,2026-01-28 19:45:00,2026-02-28 19:45:00,2026-02-28 00:00:00,2026-02-28 00:00:00,2026-02-28 00:00:00,2026-02-28 00:00:00,2026-02-28 00:00:00,,day,2026-02-01 00:00:00,2026-02-01 00:00:00,2026-02-28 00:00:00,month,next month,1,1,1,1,1,1,1,1,1,1,1,tie,tie,tie
gdelt_e9d17dcf,en,Trump says  very good  phone call with Xi builds on fragile trade truce | International Trade News,2025-11-25 06:45:00,2025-11-25 06:45:00,2025-11-25 00:00:00,2025-11-25 00:00:00,2025-11-25 00:00:00,2025-11-25 00:00:00,2025-11-25 00:00:00,,day,,,,,,0,0,0,0,0,0,0,0,0,0,0,na,na,na
gdelt_e9f29950,en,Penrith firefighters rescue  on - the - run  sheep from roof,2025-06-10 05:30:00,2025-06-10 05:30:00,2025-06-10 00:00:00,2025-06-10 00:00:00,2025-06-10 00:00:00,2025-06-10 00:00:00,2025-06-10 00:00:00,,day,,,,,,0,0,0,0,0,0,0,0,0,0,0,na,na,na
gdelt_ea4cc600,en,Democrats seek to reassure Europe about post - Trump America,2026-02-15 08:45:00,2026-02-15 08:45:00,2026-02-15 00:00:00,2026-02-15 00:00:00,2026-02-15 00:00:00,2026-02-15 00:00:00,2026-02-15 00:00:00,,day,,,,,,0,0,0,0,0,0,0,0,0,0,0,na,na,na
gdelt_ea8b94ca,en,Poppy Atkinson Kendal teacher praises community after her death,2026-03-26 22:30:00,2026-03-26 22:30:00,2026-03-26 00:00:00,2026-03-26 00:00:00,2026-03-26 00:00:00,2026-03-26 00:00:00,2026-03-26 00:00:00,,day,,,,,,0,0,0,0,0,0,0,0,0,0,0,na,na,na
gdelt_eaf08390,sv,Hilfsorganisationen beklagen Blockadehaltung Israels – DW – 14 . 08 . 2025,2025-08-19 00:30:00,2025-08-19 00:30:00,2025-08-14 00:00:00,2025-08-19 00:00:00,2025-08-19 00:00:00,2025-08-14 00:00:00,2025-08-14 00:00:00,,day,2025-01-01 00:00:00,2025-01-01 00:00:00,2025-12-31 00:00:00,year,2025,1,1,1,1,1,1,1,1,1,1,1,tie,tie,tie
gdelt_eb047186,en,Germany updates : CDU push for more voluntary Syria returns – DW – 09 / 08 / 2025,2025-09-08 17:30:00,2025-09-08 00:00:00,2025-09-08 00:00:00,2025-09-08 00:00:00,2025-09-08 00:00:00,2025-09-08 00:00:00,2025-09-08 00:00:00,,day,2025-01-01 00:00:00,2025-01-01 00:00:00,2025-12-31 00:00:00,year,09 / 08 / 2025,1,1,1,1,1,1,1,1,1,1,1,tie,tie,tie
gdelt_eb686313,en,Several Trump Administration Officials Are Overseeing Multiple Federal Offices,2025-07-12 04:15:00,2025-07-12 04:15:00,2025-07-12 00:00:00,2025-07-12 00:00:00,2025-07-12 00:00:00,2025-07-12 00:00:00,2025-07-12 00:00:00,,day,,,,,,0,0,0,0,0,0,0,0,0,0,0,na,na,na
gdelt_ebe05ad6,en,Peru Congress votes to remove President Boluarte as crime grips nation | Politics News,2025-10-10 15:15:00,2025-10-10 15:15:00,2025-10-10 00:00:00,2025-10-10 00:00:00,2025-10-10 00:00:00,2025-10-10 00:00:00,2025-10-10 00:00:00,,day,,,,,,0,0,0,0,0,0,0,0,0,0,0,na,na,na
gdelt_ebf5ff4c,en,What women want their partners to know about menopause,2026-01-15 09:30:00,2026-01-15 09:30:00,2026-01-15 00:00:00,2026-01-15 00:00:00,2026-01-15 00:00:00,2026-01-15 00:00:00,2026-01-15 00:00:00,,day,,,,,,0,0,0,0,0,0,0,0,0,0,0,na,na,na
gdelt_ec266645,en,"Magnitude 7 . 8 quake shakes Russia Far East region , prompts tsunami alert | Earthquakes News",2025-09-19 11:15:00,2025-09-19 11:15:00,2025-09-19 00:00:00,2025-09-19 00:00:00,2025-09-19 00:00:00,2025-09-19 00:00:00,2025-09-19 00:00:00,,day,,,,,,0,0,0,0,0,0,0,0,0,0,0,na,na,na
gdelt_ec507fa6,en,Disabled Milton Keynes tiktoker shows she a normal teen girl,2025-09-29 14:00:00,2025-09-29 14:00:00,2025-09-29 00:00:00,2025-09-29 00:00:00,2025-09-29 00:00:00,2025-09-29 00:00:00,2025-09-29 00:00:00,,day,,,,,,0,0,0,0,0,0,0,0,0,0,0,na,na,na
gdelt_edfe76fc,zh-cn,狂风暴雨中他们筑起  人墙 - 新华网,2025-10-06 13:00:00,2025-10-06 13:00:00,2025-10-06 00:00:00,2025-10-06 00:00:00,2025-10-06 00:00:00,2025-10-06 00:00:00,2025-10-06 00:00:00,,day,,,,,,0,0,0,0,0,0,0,0,0,0,0,na,na,na
gdelt_ee23184c,en,Bridge fault blamed for persistent Milton pothole,2025-09-17 03:00:00,2025-09-17 03:00:00,2025-09-17 00:00:00,2025-09-17 00:00:00,2025-09-17 00:00:00,2025-09-17 00:00:00,2025-09-17 00:00:00,,day,,,,,,0,0,0,0,0,0,0,0,0,0,0,na,na,na
gdelt_ee365d0d,en,"Russia - Ukraine war : List of key events , day 1 , 332",2025-10-18 11:15:00,2025-10-18 11:15:00,2025-10-18 00:00:00,2025-10-18 00:00:00,2025-10-18 00:00:00,2025-10-18 00:00:00,2025-10-18 00:00:00,,day,,,,,,0,0,0,0,0,0,0,0,0,0,0,na,na,na
gdelt_ee6006a1,en,"47 arrested after raids on public entertainment outlets , massage parlours and coffee shop",2025-12-10 02:15:00,2047-12-10 00:00:00,2025-12-10 00:00:00,2047-12-10 00:00:00,2047-12-10 00:00:00,2025-12-10 00:00:00,2025-12-10 00:00:00,,day,,,,,,0,0,0,0,0,0,0,0,0,0,0,na,na,na
gdelt_ee617a14,es,"Air Canada strike continues , suspends financial guidance",2025-08-19 04:15:00,2025-08-19 04:15:00,2025-08-19 00:00:00,2025-08-19 00:00:00,2025-08-19 00:00:00,2025-08-19 00:00:00,2025-08-19 00:00:00,,day,,,,,,0,0,0,0,0,0,0,0,0,0,0,na,na,na
gdelt_ee6297bf,ar,استطلاع : ربع الألمان يتمنون عودة ميركل – DW – 2025 / 11 / 9,2025-11-09 20:30:00,2025-11-09 20:30:00,2025-11-09 00:00:00,2025-11-09 00:00:00,2025-11-09 00:00:00,2025-01-01 00:00:00,2025-12-31 00:00:00,,year,2025-01-01 00:00:00,2025-01-01 00:00:00,2025-12-31 00:00:00,year,2025 / 11 / 9,1,1,1,1,1,1,1,1,1,1,1,tie,tie,tie
gdelt_ef8664c3,en,Money Talks - The new financial blueprint for today Singapore dream,2025-11-11 09:00:00,2025-11-11 09:00:00,2025-11-11 00:00:00,2025-11-11 00:00:00,2025-11-11 00:00:00,2025-11-11 00:00:00,2025-11-11 00:00:00,,day,2025-11-11 00:00:00,2025-11-11 00:00:00,2025-11-11 00:00:00,day,today,1,1,1,1,1,1,1,1,1,1,0,tie,tie,tie
gdelt_efd9580e,en,Vivek Murthy | Al Jazeera News | Today latest from Al Jazeera,2025-07-25 19:00:00,2025-07-25 19:00:00,2025-07-25 00:00:00,2025-07-25 00:00:00,2025-07-25 00:00:00,2025-07-25 00:00:00,2025-07-25 00:00:00,,day,2025-07-25 00:00:00,2025-07-25 00:00:00,2025-07-25 00:00:00,day,Today,1,1,1,1,1,1,1,1,1,1,0,tie,tie,tie
gdelt_f084011d,en,"Lost surfboard in Tasmania drifts more than 2 , 400km to New Zealand",2025-10-27 14:30:00,2025-10-27 14:30:00,2025-10-27 00:00:00,2025-10-27 00:00:00,2025-10-27 00:00:00,2025-10-27 00:00:00,2025-10-27 00:00:00,,day,,,,,,0,0,0,0,0,0,0,0,0,0,0,na,na,na
gdelt_f0bb5881,en,Rachel Reeves to set out spending plans up to next general election,2025-06-11 07:00:00,2025-06-11 07:00:00,2025-06-11 00:00:00,2025-06-11 00:00:00,2025-06-11 00:00:00,2025-06-11 00:00:00,2025-06-11 00:00:00,,day,,,,,,0,0,0,0,0,0,0,0,0,0,0,na,na,na
gdelt_f10123c9,ko,FAST核心阵首批  小锅  通上可靠电 - 新华网,2025-09-25 10:15:00,2025-09-25 10:15:00,2025-09-25 00:00:00,2025-09-25 00:00:00,2025-09-25 00:00:00,2025-09-25 00:00:00,2025-09-25 00:00:00,,day,,,,,,0,0,0,0,0,0,0,0,0,0,0,na,na,na
gdelt_f1023e5a,en,UK nursery worker jailed for sexually assaulting children and filming abuse,2026-02-13 05:45:00,2026-02-13 05:45:00,2026-02-13 00:00:00,2026-02-13 00:00:00,2026-02-13 00:00:00,2026-02-13 00:00:00,2026-02-13 00:00:00,,day,,,,,,0,0,0,0,0,0,0,0,0,0,0,na,na,na
gdelt_f14b2829,en,LeBron James says his assist was  the perfect way  for scoring streak to end,2025-12-05 16:30:00,2025-12-05 16:30:00,2025-12-05 00:00:00,2025-12-05 00:00:00,2025-12-05 00:00:00,2025-12-05 00:00:00,2025-12-05 00:00:00,,day,,,,,,0,0,0,0,0,0,0,0,0,0,0,na,na,na
gdelt_f15a6f1f,en,"LIVE : Israel yet to reply to Gaza ceasefire ; almost 19 , 000 children killed | Israel - Palestine conflict News",2025-08-20 14:00:00,2025-08-20 14:00:00,2025-08-20 00:00:00,2025-08-20 00:00:00,2025-08-20 00:00:00,2025-08-20 00:00:00,2025-08-20 00:00:00,,day,,,,,,0,0,0,0,0,0,0,0,0,0,0,na,na,na
gdelt_f1993170,zh-cn,河西走廊 ： 候鸟迁徙路线上的  生态驿站 - 新华网,2025-11-23 12:00:00,2025-11-23 12:00:00,2025-11-23 00:00:00,2025-11-23 00:00:00,2025-11-23 00:00:00,2025-11-23 00:00:00,2025-11-23 00:00:00,,day,,,,,,0,0,0,0,0,0,0,0,0,0,0,na,na,na
gdelt_f1b992c4,en,  We do this to survive : Harvesting opium poppies in Myanmar Shan State | Drugs News,2025-06-07 14:15:00,2025-06-07 14:15:00,2025-06-04 00:00:00,2025-06-07 00:00:00,2025-06-07 00:00:00,2025-06-04 00:00:00,2025-06-04 00:00:00,,day,,,,,,0,0,0,0,0,0,0,0,0,0,0,na,na,na
gdelt_f1f03f6d,de,Indien diskutiert Mindestalter für Nutzung sozialer Medien,2026-02-11 20:30:00,2026-02-11 20:30:00,2026-02-01 00:00:00,2026-02-11 00:00:00,2026-02-11 00:00:00,2026-02-01 00:00:00,2026-02-01 00:00:00,,day,,,,,,0,0,0,0,0,0,0,0,0,0,0,na,na,na
gdelt_f23e463b,en,Family medicine to be recognised as Singapore 36th medical specialty from November 2025,2025-10-31 15:00:00,2025-11-30 00:00:00,2025-11-01 00:00:00,2025-11-30 00:00:00,2025-11-30 00:00:00,2025-11-01 00:00:00,2025-11-30 00:00:00,,month,2025-11-01 00:00:00,2025-11-01 00:00:00,2025-11-30 00:00:00,month,November 2025,1,1,1,1,1,1,1,1,1,1,1,tie,tie,tie
gdelt_f245b35b,en,Abuse and threats : Woman on what she faces training outside,2026-03-23 16:45:00,2026-03-23 16:45:00,2026-03-23 00:00:00,2026-03-23 00:00:00,2026-03-23 00:00:00,2026-03-23 00:00:00,2026-03-23 00:00:00,,day,,,,,,0,0,0,0,0,0,0,0,0,0,0,na,na,na
gdelt_f24cc527,zh-cn,第二届澳门国际短片节9月启幕 - 新华网,2025-08-20 11:00:00,2025-08-20 11:00:00,2025-09-01 00:00:00,2025-08-20 00:00:00,2025-08-20 00:00:00,2025-09-01 00:00:00,2025-09-30 00:00:00,,month,2025-09-01 00:00:00,2025-09-01 00:00:00,2025-09-30 00:00:00,month,9月,1,1,0,1,0,1,0,1,0,1,1,v2_better,v2_better,v2_better
gdelt_f29c64d7,de,Was die Niederlage gegen Frankreich für Deutschland bedeutet – DW – 08 . 06 . 2025,2025-06-09 15:00:00,2025-06-09 15:00:00,2025-06-08 00:00:00,2025-06-09 00:00:00,2025-06-09 00:00:00,2025-06-08 00:00:00,2025-06-08 00:00:00,,day,2025-01-01 00:00:00,2025-01-01 00:00:00,2025-12-31 00:00:00,year,2025,1,1,1,1,1,1,1,1,1,1,1,tie,tie,tie
gdelt_f2ccde1f,zh-tw,防彈少年團回歸 ， 中國 「 限韓令 」 陰影依舊未散 - BBC News 中文,2026-03-22 22:15:00,2026-03-22 22:15:00,2026-03-01 00:00:00,2026-03-22 00:00:00,2026-03-22 00:00:00,2026-03-01 00:00:00,2026-03-01 00:00:00,,day,,,,,,0,0,0,0,0,0,0,0,0,0,0,na,na,na
gdelt_f31558e0,en,"Born in 1920 , married at 18 and living a medicine - free life at 105",2025-09-15 15:30:00,1920-09-15 00:00:00,1920-12-31 00:00:00,1920-09-15 00:00:00,1920-09-15 00:00:00,1920-01-01 00:00:00,1920-12-31 00:00:00,,year,1920-01-01 00:00:00,1920-01-01 00:00:00,1920-12-31 00:00:00,year,in 1920,1,1,1,1,1,1,1,1,1,1,1,tie,tie,tie
gdelt_f3578aaa,pt,"Roubo no Louvre foi realizado por amadores , diz promotoria – DW – 02 / 11 / 2025",2025-11-03 06:30:00,2025-11-03 06:30:00,2025-11-02 00:00:00,2025-11-03 00:00:00,2025-11-03 00:00:00,2025-11-02 00:00:00,2025-11-02 00:00:00,,day,2025-01-01 00:00:00,2025-01-01 00:00:00,2025-12-31 00:00:00,year,02 / 11 / 2025,1,1,1,1,1,1,1,1,1,1,1,tie,tie,tie
gdelt_f3c0228e,zh-cn,2024年我国对外直接投资净额1922亿美元 比上年增长8 . 4 %- 新华网,2025-09-08 22:00:00,0001-09-08 22:00:00,2024-12-31 00:00:00,0001-09-08 00:00:00,0001-09-08 00:00:00,2024-01-01 00:00:00,2024-12-31 00:00:00,,year,,,,,,0,0,0,0,0,0,0,0,0,0,0,na,na,na
gdelt_f3f0411a,sw,"Tetesi za soka Ulaya Jumatatu 18 . 08 . 2025 : Wharton , Xavi , Bastoni , Onana , Vlahovic , ",2025-08-18 14:45:00,2025-08-18 00:00:00,2025-08-18 00:00:00,2025-08-18 00:00:00,2025-08-18 00:00:00,2025-08-18 00:00:00,2025-08-18 00:00:00,,day,2025-01-01 00:00:00,2025-01-01 00:00:00,2025-12-31 00:00:00,year,2025,1,1,1,1,1,1,1,1,1,1,1,tie,tie,tie
gdelt_f42f5a45,en,Wales Women Euro 2025 prompts calls to give football a try,2025-07-02 22:45:00,2025-07-02 00:00:00,2025-07-02 00:00:00,2025-07-02 00:00:00,2025-07-02 00:00:00,2025-01-01 00:00:00,2025-12-31 00:00:00,,year,2025-01-01 00:00:00,2025-01-01 00:00:00,2025-12-31 00:00:00,year,2025,1,1,1,1,1,1,1,1,1,1,1,tie,tie,tie
gdelt_f43d2d0b,en,Unresolved questions hang over case against Charlie Kirk accused killer,2025-09-18 13:00:00,2025-09-18 13:00:00,2025-09-18 00:00:00,2025-09-18 00:00:00,2025-09-18 00:00:00,2025-09-18 00:00:00,2025-09-18 00:00:00,,day,,,,,,0,0,0,0,0,0,0,0,0,0,0,na,na,na
gdelt_f4ccc2b0,ar,كيف تأثر اللاجئون في مصر بخفض المساعدات الأممية ؟ ,2025-06-09 17:45:00,2025-06-09 17:45:00,2025-06-09 00:00:00,2025-06-09 00:00:00,2025-06-09 00:00:00,2025-06-09 00:00:00,2025-06-09 00:00:00,,day,,,,,,0,0,0,0,0,0,0,0,0,0,0,na,na,na
gdelt_f4e57850,en,Iran accuses foreign intelligence behind protest movement,2026-01-14 17:00:00,2026-01-14 17:00:00,2026-01-14 00:00:00,2026-01-14 00:00:00,2026-01-14 00:00:00,2026-01-14 00:00:00,2026-01-14 00:00:00,,day,,,,,,0,0,0,0,0,0,0,0,0,0,0,na,na,na
gdelt_f50328ad,en,Police search for sniper who killed conservative activist Charlie Kirk in Utah,2025-09-11 23:15:00,2025-09-11 23:15:00,2025-09-11 00:00:00,2025-09-11 00:00:00,2025-09-11 00:00:00,2025-09-11 00:00:00,2025-09-11 00:00:00,,day,,,,,,0,0,0,0,0,0,0,0,0,0,0,na,na,na
gdelt_f50d5a02,en,Malaysia Chief Justice says country  urgently need more judges as caseload soars,2026-01-13 16:45:00,2026-01-13 16:45:00,2026-01-13 00:00:00,2026-01-13 00:00:00,2026-01-13 00:00:00,2026-01-13 00:00:00,2026-01-13 00:00:00,,day,,,,,,0,0,0,0,0,0,0,0,0,0,0,na,na,na
gdelt_f51c88ce,en,Will You Have a White Christmas in 2025 ? ,2025-12-23 06:30:00,2025-12-23 00:00:00,2025-12-23 00:00:00,2025-12-23 00:00:00,2025-12-23 00:00:00,2025-01-01 00:00:00,2025-12-31 00:00:00,,year,2025-01-01 00:00:00,2025-01-01 00:00:00,2025-12-31 00:00:00,year,in 2025,1,1,1,1,1,1,1,1,1,1,1,tie,tie,tie
gdelt_f57dfa5a,ko,"中 신장 ( 新疆 ) 토마토 , 해외에서도 인기 ... 안정적인 전력 공급  큰 힘 - Xinhua",2025-09-10 15:30:00,2025-09-10 15:30:00,2025-09-10 00:00:00,2025-09-10 00:00:00,2025-09-10 00:00:00,2025-09-10 00:00:00,2025-09-10 00:00:00,,day,,,,,,0,0,0,0,0,0,0,0,0,0,0,na,na,na
gdelt_f5fdc8f1,en,Scottish parliament to vote on scaled - back social care reforms,2025-06-10 10:00:00,2025-06-10 10:00:00,2025-06-10 00:00:00,2025-06-10 00:00:00,2025-06-10 00:00:00,2025-06-10 00:00:00,2025-06-10 00:00:00,,day,,,,,,0,0,0,0,0,0,0,0,0,0,0,na,na,na
gdelt_f623de4d,en,"Women experience harassment and rape in Scottish folk scene , says report",2026-01-22 15:00:00,2026-01-22 15:00:00,2026-01-22 00:00:00,2026-01-22 00:00:00,2026-01-22 00:00:00,2026-01-22 00:00:00,2026-01-22 00:00:00,,day,,,,,,0,0,0,0,0,0,0,0,0,0,0,na,na,na
gdelt_f68688fb,fr,Le chef de la Ligue arabe appelle à la désescalade et au dialogue dans louest de la Libye - Xinhua,2025-09-03 12:00:00,2025-09-03 12:00:00,2025-09-03 00:00:00,2025-09-03 00:00:00,2025-09-03 00:00:00,2025-09-03 00:00:00,2025-09-03 00:00:00,,day,,,,,,0,0,0,0,0,0,0,0,0,0,0,na,na,na
gdelt_f6aef2f6,en,Tunisia sentences opposition leader Abir Moussi to 12 years in jail,2025-12-13 11:00:00,2013-12-13 11:00:00,2025-12-13 00:00:00,2013-12-13 00:00:00,2013-12-13 00:00:00,2025-12-13 00:00:00,2025-12-13 00:00:00,,day,,,,,,0,0,0,0,0,0,0,0,0,0,0,na,na,na
gdelt_f6cf58a6,en,Iran war live : Israel vows no let - up in attacks despite push to end war | US - Israel war on Iran News,2026-03-28 00:15:00,2026-03-28 00:15:00,2026-03-28 00:00:00,2026-03-28 00:00:00,2026-03-28 00:00:00,2026-03-28 00:00:00,2026-03-28 00:00:00,,day,,,,,,0,0,0,0,0,0,0,0,0,0,0,na,na,na
gdelt_f6e09943,zh-cn,新闻分析 ： 大范围高温来袭 ， 天气预报会  刻意  压低数值吗 ？- 新华网,2025-07-14 11:00:00,2025-07-14 11:00:00,2025-07-01 00:00:00,2025-07-14 00:00:00,2025-07-14 00:00:00,2025-07-01 00:00:00,2025-07-01 00:00:00,,day,,,,,,0,0,0,0,0,0,0,0,0,0,0,na,na,na
gdelt_f6f931ac,zh-cn,南通队闯进  苏超  决赛 _ 新华网江苏频道,2025-10-20 11:15:00,2025-10-20 11:15:00,2025-10-20 00:00:00,2025-10-20 00:00:00,2025-10-20 00:00:00,2025-10-20 00:00:00,2025-10-20 00:00:00,,day,,,,,,0,0,0,0,0,0,0,0,0,0,0,na,na,na
gdelt_f79931af,zh-cn,北京丰台 ： 经营主体总量突破24 . 9万 新设企业增速全市第一 - 新华网,2026-01-14 17:00:00,2026-01-14 17:00:00,2026-01-14 00:00:00,2026-01-14 00:00:00,2026-01-14 00:00:00,2026-01-14 00:00:00,2026-01-14 00:00:00,,day,,,,,,0,0,0,0,0,0,0,0,0,0,0,na,na,na
gdelt_f8158e56,es,Homenaje a Lula abrió Carnaval de Río en medio de críticas,2026-02-16 17:00:00,2026-02-16 17:00:00,2026-02-01 00:00:00,2026-02-16 00:00:00,2026-02-16 00:00:00,2026-02-01 00:00:00,2026-02-01 00:00:00,,day,,,,,,0,0,0,0,0,0,0,0,0,0,0,na,na,na
gdelt_f86f3d5f,en,"  Unprecedented : Israel , US carry out extensive strikes across Iran | US - Israel war on Iran News",2026-03-23 20:00:00,2026-03-23 20:00:00,2026-03-23 00:00:00,2026-03-23 00:00:00,2026-03-23 00:00:00,2026-03-23 00:00:00,2026-03-23 00:00:00,,day,,,,,,0,0,0,0,0,0,0,0,0,0,0,na,na,na
gdelt_f8a23920,en,Slumping Arizona Cardinals need more cowbell and to stick with QB Kyler Murray for now,2025-10-14 15:30:00,2025-10-14 15:30:00,2025-10-14 00:00:00,2025-10-14 00:00:00,2025-10-14 00:00:00,2025-10-14 00:00:00,2025-10-14 00:00:00,,day,,,,,,0,0,0,0,0,0,0,0,0,0,0,na,na,na
gdelt_f8a72908,hr,Dati zemlju u zamjenu za mir – što o tome misle u Donbasu ? – DW – 02 . 09 . 2025,2025-09-02 14:30:00,2025-09-02 14:30:00,2025-09-02 00:00:00,2025-09-02 00:00:00,2025-09-02 00:00:00,2025-09-02 00:00:00,2025-09-02 00:00:00,,day,2025-01-01 00:00:00,2025-01-01 00:00:00,2025-12-31 00:00:00,year,2025,1,1,1,1,1,1,1,1,1,1,1,tie,tie,tie
gdelt_f8e4a576,ur,  میڈ ان انڈیا  میسیجنگ ایپ  ارٹائی : کیا انڈیا نے واٹس ایپ کا متبادل اپنا لیا ہے ؟ ,2025-10-07 01:00:00,2025-10-07 01:00:00,2025-10-07 00:00:00,2025-10-07 00:00:00,2025-10-07 00:00:00,2025-10-07 00:00:00,2025-10-07 00:00:00,,day,,,,,,0,0,0,0,0,0,0,0,0,0,0,na,na,na
gdelt_f9dc1b51,de,Saving Our Green Lungs - Vanishing Seagrasses,2025-11-20 22:15:00,2025-11-20 22:15:00,2025-11-20 00:00:00,2025-11-20 00:00:00,2025-11-20 00:00:00,2025-11-20 00:00:00,2025-11-20 00:00:00,,day,,,,,,0,0,0,0,0,0,0,0,0,0,0,na,na,na
gdelt_f9f88de7,de,Mutmaßlicher Hamas - Waffenschmuggler in Zypern festgenommen,2026-03-10 19:30:00,2026-03-10 19:30:00,2026-03-10 00:00:00,2026-03-10 00:00:00,2026-03-10 00:00:00,2026-03-10 00:00:00,2026-03-10 00:00:00,,day,,,,,,0,0,0,0,0,0,0,0,0,0,0,na,na,na
gdelt_f9f8dfb2,en,"For united states and Pochettino , opponent familiarity adds intriguing twist to World Cup draw",2025-12-11 20:00:00,2025-12-11 20:00:00,2025-12-11 00:00:00,2025-12-11 00:00:00,2025-12-11 00:00:00,2025-12-11 00:00:00,2025-12-11 00:00:00,,day,,,,,,0,0,0,0,0,0,0,0,0,0,0,na,na,na
gdelt_fa0181f8,en,Impeachment complaints filed against Philippine President Marcos and VP Duterte,2026-02-02 21:15:00,2026-02-02 21:15:00,2026-02-02 00:00:00,2026-02-02 00:00:00,2026-02-02 00:00:00,2026-02-02 00:00:00,2026-02-02 00:00:00,,day,,,,,,0,0,0,0,0,0,0,0,0,0,0,na,na,na
gdelt_fa077826,zh-cn,AI引领生态共荣 ， 从  中国荣耀  迈向  世界荣耀 - 新华网,2025-11-17 13:00:00,2025-11-17 13:00:00,2025-11-17 00:00:00,2025-11-17 00:00:00,2025-11-17 00:00:00,2025-11-17 00:00:00,2025-11-17 00:00:00,,day,,,,,,0,0,0,0,0,0,0,0,0,0,0,na,na,na
gdelt_fa787ccb,fa,ترامپ مجوز استقرار ۳۰۰ مامور گارد ملی را در شیکاگو صادر کرد,2025-10-05 22:15:00,2025-10-05 22:15:00,2025-10-05 00:00:00,2025-10-05 00:00:00,2025-10-05 00:00:00,2025-10-05 00:00:00,2025-10-05 00:00:00,,day,,,,,,0,0,0,0,0,0,0,0,0,0,0,na,na,na
gdelt_fa884ebf,uk,Найбільша угода : ЄБРР дасть  Нафтогазу  кредит на €500 млн – DW – 13 . 08 . 2025,2025-08-13 18:45:00,2025-08-13 18:45:00,2025-08-13 00:00:00,2025-08-13 00:00:00,2025-08-13 00:00:00,2025-08-13 00:00:00,2025-08-13 00:00:00,,day,2025-01-01 00:00:00,2025-01-01 00:00:00,2025-12-31 00:00:00,year,2025,1,1,1,1,1,1,1,1,1,1,1,tie,tie,tie
gdelt_fa8b2a3f,en,First set of files relating to Mandelson appointment as US ambassador released - live updates,2026-03-11 22:30:00,2026-03-11 22:30:00,2026-03-11 00:00:00,2026-03-11 00:00:00,2026-03-11 00:00:00,2026-03-11 00:00:00,2026-03-11 00:00:00,,day,,,,,,0,0,0,0,0,0,0,0,0,0,0,na,na,na
gdelt_faa8a191,fr,"Pourquoi des pays comme le Ghana , le Bénin et la Guinée courtisent les stars afro - américaines",2026-02-09 19:45:00,2026-02-09 19:45:00,2026-02-09 00:00:00,2026-02-09 00:00:00,2026-02-09 00:00:00,2026-02-09 00:00:00,2026-02-09 00:00:00,,day,,,,,,0,0,0,0,0,0,0,0,0,0,0,na,na,na
gdelt_fab70f5b,en,Read the Ruling Restricting Federal Agent Actions in Minnesota,2026-01-17 11:15:00,2026-01-17 11:15:00,2026-01-17 00:00:00,2026-01-17 00:00:00,2026-01-17 00:00:00,2026-01-17 00:00:00,2026-01-17 00:00:00,,day,,,,,,0,0,0,0,0,0,0,0,0,0,0,na,na,na
gdelt_fb6a924d,hr,Da li se na Bliskom istoku stvara „ islamski NATO ? – DW – 25 . 9 . 2025 . ,2025-09-25 14:15:00,2025-09-25 14:15:00,2025-09-25 00:00:00,2025-09-25 00:00:00,2025-09-25 00:00:00,2025-09-25 00:00:00,2025-09-25 00:00:00,,day,2025-01-01 00:00:00,2025-01-01 00:00:00,2025-12-31 00:00:00,year,2025,1,1,1,1,1,1,1,1,1,1,1,tie,tie,tie
gdelt_fb8a9d54,en,"Suffolk dad , 39 , worried for future after MND diagnosis",2026-01-14 16:30:00,2039-01-14 00:00:00,2026-01-14 00:00:00,2039-01-14 00:00:00,2039-01-14 00:00:00,2026-01-14 00:00:00,2026-01-14 00:00:00,,day,,,,,,0,0,0,0,0,0,0,0,0,0,0,na,na,na
gdelt_fb9f151b,en,Commentary : What Trump announcement about autism and Tylenol got so wrong,2025-09-24 11:00:00,2025-09-24 11:00:00,2025-09-24 00:00:00,2025-09-24 00:00:00,2025-09-24 00:00:00,2025-09-24 00:00:00,2025-09-24 00:00:00,,day,,,,,,0,0,0,0,0,0,0,0,0,0,0,na,na,na
gdelt_fbccd1b4,es,La ofensiva económica de EE . UU . en América Latina – DW – 26 / 11 / 2025,2025-11-27 05:00:00,2025-11-27 05:00:00,2025-11-26 00:00:00,2025-11-27 00:00:00,2025-11-27 00:00:00,2025-11-26 00:00:00,2025-11-26 00:00:00,,day,2025-01-01 00:00:00,2025-01-01 00:00:00,2025-12-31 00:00:00,year,26 / 11 / 2025,1,1,1,1,1,1,1,1,1,1,1,tie,tie,tie
gdelt_fbf4f47a,zh-cn,中国人寿驻滇单位亮相  滇超  开幕式 - 新华网,2025-11-30 21:00:00,2025-11-30 21:00:00,2025-11-30 00:00:00,2025-11-30 00:00:00,2025-11-30 00:00:00,2025-11-30 00:00:00,2025-11-30 00:00:00,,day,,,,,,0,0,0,0,0,0,0,0,0,0,0,na,na,na
gdelt_fc67f478,en,Hugo Ekitike : How French striker has already become a cult hero at Liverpool,2026-02-08 17:30:00,2026-02-08 17:30:00,2026-02-08 00:00:00,2026-02-08 00:00:00,2026-02-08 00:00:00,2026-02-08 00:00:00,2026-02-08 00:00:00,,day,,,,,,0,0,0,0,0,0,0,0,0,0,0,na,na,na
gdelt_fd2d473f,en,LIVE : Israel reducing Gaza City to  fields of rubble  as attacks kill 68 | Israel - Palestine conflict News,2025-09-01 02:00:00,2025-09-01 02:00:00,2025-09-01 00:00:00,2025-09-01 00:00:00,2025-09-01 00:00:00,2025-09-01 00:00:00,2025-09-01 00:00:00,,day,,,,,,0,0,0,0,0,0,0,0,0,0,0,na,na,na
gdelt_fd3fd037,ko,中 경제브리핑 ... 지난해 하루 평균 2만6천 개 기업 생겨나 外 - Xinhua,2026-03-01 12:30:00,2026-03-01 12:30:00,2026-03-01 00:00:00,2026-03-01 00:00:00,2026-03-01 00:00:00,2026-03-01 00:00:00,2026-03-01 00:00:00,,day,,,,,,0,0,0,0,0,0,0,0,0,0,0,na,na,na
gdelt_fd715cec,ko,福建浦城 ： 以  科技芯  赋能农业生产 - 新华网,2026-03-27 01:30:00,2026-03-27 01:30:00,2026-03-27 00:00:00,2026-03-27 00:00:00,2026-03-27 00:00:00,2026-03-27 00:00:00,2026-03-27 00:00:00,,day,,,,,,0,0,0,0,0,0,0,0,0,0,0,na,na,na
gdelt_fddfd346,hr,Hrvatska i duhovi iz boce koji su se oteli kontroli – DW – 04 . 11 . 2025,2025-11-05 00:30:00,2025-11-05 00:30:00,2025-11-04 00:00:00,2025-11-05 00:00:00,2025-11-05 00:00:00,2025-11-04 00:00:00,2025-11-04 00:00:00,,day,2025-01-01 00:00:00,2025-01-01 00:00:00,2025-12-31 00:00:00,year,2025,1,1,1,1,1,1,1,1,1,1,1,tie,tie,tie
gdelt_fe129d36,sw,"Rais Samia aitetea Tume ya Oktoba 29 , aipa miezi mitatu kujibu hoja 7",2025-11-20 21:45:00,2025-10-29 00:00:00,2025-11-20 00:00:00,2025-10-29 00:00:00,2025-10-29 00:00:00,2025-11-20 00:00:00,2025-11-20 00:00:00,,day,,,,,,0,0,0,0,0,0,0,0,0,0,0,na,na,na
gdelt_fe751054,en,Burley campervan couple died from carbon monoxide poisoning,2026-01-06 22:45:00,2026-01-06 22:45:00,2026-01-06 00:00:00,2026-01-06 00:00:00,2026-01-06 00:00:00,2026-01-06 00:00:00,2026-01-06 00:00:00,,day,,,,,,0,0,0,0,0,0,0,0,0,0,0,na,na,na
gdelt_fe7ec381,zh-tw,H1B簽證 ： 特朗普將簽證費爆增至每年10萬美元 ， 印度中國申請人最多,2025-09-21 18:15:00,2025-09-21 18:15:00,2025-09-21 00:00:00,2025-09-21 00:00:00,2025-09-21 00:00:00,2025-09-21 00:00:00,2025-09-21 00:00:00,,day,,,,,,0,0,0,0,0,0,0,0,0,0,0,na,na,na
gdelt_fe93c7bf,zh-cn,2025年全国大学生暑期  三下乡  社会实践昆明专项活动开营 _ 新华网,2025-07-20 15:45:00,2025-07-20 00:00:00,2025-07-20 00:00:00,2025-07-20 00:00:00,2025-07-20 00:00:00,2025-01-01 00:00:00,2025-12-31 00:00:00,,year,2025-01-01 00:00:00,2025-01-01 00:00:00,2025-12-31 00:00:00,year,2025年,1,1,1,1,1,1,1,1,1,1,1,tie,tie,tie
gdelt_fea23111,ur,یوکرین کے آپریشن سپائڈر ویب میں کتنے روسی بمبار طیارے تباہ ہوئے اور اس سے روس کی جنگی صلاحیت کیسے متاثر ہو گی ؟ ,2025-06-03 15:45:00,2025-06-03 15:45:00,2025-06-03 00:00:00,2025-06-03 00:00:00,2025-06-03 00:00:00,2025-06-03 00:00:00,2025-06-03 00:00:00,,day,,,,,,0,0,0,0,0,0,0,0,0,0,0,na,na,na
gdelt_fea794a7,zh-cn,流感高发 ， 8类人群应优先接种疫苗 - 新华网河南频道,2025-12-10 11:00:00,2025-12-10 11:00:00,2025-12-10 00:00:00,2025-12-10 00:00:00,2025-12-10 00:00:00,2025-12-10 00:00:00,2025-12-10 00:00:00,,day,,,,,,0,0,0,0,0,0,0,0,0,0,0,na,na,na
gdelt_feb026bc,en,Consensus Hong Kong 2026 : Building the future of the digital asset industry,2026-01-30 12:15:00,2026-01-30 00:00:00,2026-01-30 00:00:00,2026-01-30 00:00:00,2026-01-30 00:00:00,2026-01-01 00:00:00,2026-12-31 00:00:00,,year,2026-01-01 00:00:00,2026-01-01 00:00:00,2026-12-31 00:00:00,year,2026,1,1,1,1,1,1,1,1,1,1,1,tie,tie,tie
gdelt_fec55771,ca,Australia expulsa al embajador iraní por ataques antisemitas | Spanish . xinhuanet . com,2025-08-26 15:30:00,2025-08-26 15:30:00,2025-08-21 00:00:00,2025-08-26 00:00:00,2025-08-26 00:00:00,2025-08-21 00:00:00,2025-08-21 00:00:00,,day,,,,,,0,0,0,0,0,0,0,0,0,0,0,na,na,na
gdelt_ff2d0ba9,mk,Професорот Дума нека дума поконкретно,2026-02-04 17:00:00,2026-02-04 17:00:00,2026-02-04 00:00:00,2026-02-04 00:00:00,2026-02-04 00:00:00,2026-02-04 00:00:00,2026-02-04 00:00:00,,day,,,,,,0,0,0,0,0,0,0,0,0,0,0,na,na,na
gdelt_ff300d52,en,Asda fined for selling out of date food at Cardiff stores,2025-07-15 21:00:00,2025-07-15 21:00:00,2025-07-15 00:00:00,2025-07-15 00:00:00,2025-07-15 00:00:00,2025-07-15 00:00:00,2025-07-15 00:00:00,,day,,,,,,0,0,0,0,0,0,0,0,0,0,0,na,na,na
gdelt_ff42645e,sw,Merz kukutana na Netanyahu mjini Jerusalem – DW – 07 . 12 . 2025,2025-12-07 19:15:00,2025-12-07 00:00:00,2025-12-07 00:00:00,2025-12-07 00:00:00,2025-12-07 00:00:00,2025-12-07 00:00:00,2025-12-07 00:00:00,,day,2025-01-01 00:00:00,2025-01-01 00:00:00,2025-12-31 00:00:00,year,2025,1,1,1,1,1,1,1,1,1,1,1,tie,tie,tie
gdelt_ffad6b6d,en,Families of Air India crash victims demand release of flight recorders,2025-08-09 01:45:00,2025-08-09 01:45:00,2025-08-09 00:00:00,2025-08-09 00:00:00,2025-08-09 00:00:00,2025-08-09 00:00:00,2025-08-09 00:00:00,,day,,,,,,0,0,0,0,0,0,0,0,0,0,0,na,na,na
gdelt_ffb01637,en,Tunisian court hands lengthy prison sentences to ex - officials,2025-07-09 09:00:00,2025-07-09 09:00:00,2025-07-09 00:00:00,2025-07-09 00:00:00,2025-07-09 00:00:00,2025-07-09 00:00:00,2025-07-09 00:00:00,,day,,,,,,0,0,0,0,0,0,0,0,0,0,0,na,na,na
gdelt_fffdb53a,fa,ترامپ به دارا خسروشاهی : شاید تو باید با ایرانی‌ها مذاکره کنی,2025-06-10 21:00:00,2025-06-10 21:00:00,2025-06-10 00:00:00,2025-06-10 00:00:00,2025-06-10 00:00:00,2025-06-10 00:00:00,2025-06-10 00:00:00,,day,,,,,,0,0,0,0,0,0,0,0,0,0,0,na,na,na
gdelt_ffff58bb,en,Dennis Morris :  I bunked off school and became Bob Marley photographer  ,2025-09-07 16:15:00,2025-09-07 16:15:00,2025-09-07 00:00:00,2025-09-07 00:00:00,2025-09-07 00:00:00,2025-09-07 00:00:00,2025-09-07 00:00:00,,day,,,,,,0,0,0,0,0,0,0,0,0,0,0,na,na,na
