id,lang,title,standard_timestamp,event_timestamp_v1,event_timestamp_v2,pseudo_time,pseudo_granularity,pseudo_source_text,is_evaluable_v1,is_evaluable_v2,is_exact_v1,is_exact_v2,is_relaxed_v1,is_relaxed_v2,exact_compare,relaxed_compare
gdelt_00275553,en,Nick Reiner high - profile lawyer quits as public defenders take over ; arraignment postponed,2026-01-08 05:30:00,2026-01-08 05:30:00,2026-01-08 05:30:00,,,,0,0,0,0,0,0,na,na
gdelt_003683cb,en,Iran war live : Tehran warns of intensified strikes if energy sites targeted | US - Israel war on Iran News,2026-03-20 11:30:00,2026-03-20 11:30:00,2026-03-20 11:30:00,,,,0,0,0,0,0,0,na,na
gdelt_00a1af3a,en,Amazon to invest $1 . 6 billion in Dutch operation,2025-10-28 02:45:00,2025-10-28 02:45:00,2025-10-28 02:45:00,,,,0,0,0,0,0,0,na,na
gdelt_00ac1264,en,Meet the 4 - star recruit who is using NIL to promote adoption :  We hit the jackpot with him  ,2025-06-05 18:30:00,2025-06-05 18:30:00,2025-06-04 00:00:00,,,,0,0,0,0,0,0,na,na
gdelt_00b3d875,tr,Mahkeme Apple  ın  çevreci saat  reklamlarını durdurdu – DW – 26 . 08 . 2025,2025-08-26 22:00:00,2025-08-26 22:00:00,2025-08-26 00:00:00,2025-01-01 00:00:00,year,2025,1,1,1,1,1,1,tie,tie
gdelt_00bfa0f9,en,FIBA bans fan for racist abuse toward Germany Dennis Schröder during EuroBasket win over Lithuania,2025-08-31 07:00:00,2025-08-31 07:00:00,2025-08-31 07:00:00,,,,0,0,0,0,0,0,na,na
gdelt_012b3cb2,uk,Міністри оборони ФРН і США обговорили постачання зброї Києву – DW – 15 . 07 . 2025,2025-07-15 15:45:00,2025-07-15 15:45:00,2025-07-15 00:00:00,2025-01-01 00:00:00,year,2025,1,1,1,1,1,1,tie,tie
gdelt_012c0c9d,en,Palau : The geopolitics rattling a tiny Pacific nation,2025-11-24 09:15:00,2025-11-24 09:15:00,2025-11-24 09:15:00,,,,0,0,0,0,0,0,na,na
gdelt_0146c4e2,en,North Korea links missile launch to  recent geopolitical crisis  ,2026-01-05 08:15:00,2026-01-05 08:15:00,2026-01-05 08:15:00,,,,0,0,0,0,0,0,na,na
gdelt_015467fb,sq,Korrupsioni në Ukrainë : 30 përqind ryshfet për dronë të rinj – DW – 04 / 08 / 2025,2025-08-04 15:00:00,2025-08-04 15:00:00,2025-08-04 00:00:00,2025-01-01 00:00:00,year,04 / 08 / 2025,1,1,1,1,1,1,tie,tie
gdelt_017d9704,zh-cn,雄安抗战印记 ： 遇见  官大妈 - 新华网河北频道 - 新华网,2025-09-14 14:00:00,2025-09-14 14:00:00,2025-09-14 14:00:00,,,,0,0,0,0,0,0,na,na
gdelt_024d73c2,es,"Determinación de China para salvaguardar derechos legítimos es inquebrantable , dice vice primer ministro",2025-09-16 08:45:00,2025-09-16 08:45:00,2025-09-16 08:45:00,,,,0,0,0,0,0,0,na,na
gdelt_0282205c,fr,Le dirigeant suprême de la RPDC supervise un exercice de lancement de missiles hypersoniques ( KCNA ) - Xinhua,2026-01-05 11:30:00,2026-01-05 11:30:00,2026-01-05 11:30:00,,,,0,0,0,0,0,0,na,na
gdelt_02b2d7bc,en,"Regional priorities , situation in Myanmar among topics discussed at ASEAN foreign minister retreat",2026-01-29 21:45:00,2026-01-29 21:45:00,2026-01-29 21:45:00,,,,0,0,0,0,0,0,na,na
gdelt_02ba9feb,en,From Luton to Sri Lanka : Remembering an epic 1959 road trip,2025-09-07 13:30:00,1959-09-07 00:00:00,2025-09-07 13:30:00,1959-01-01 00:00:00,year,1959,1,1,1,0,1,0,v1_better,v1_better
gdelt_02eeec51,en,Brazil Supreme Court panel rejects Bolsonaro prison sentence appeal | Jair Bolsonaro News,2025-11-08 05:45:00,2025-11-08 05:45:00,2025-11-08 05:45:00,,,,0,0,0,0,0,0,na,na
gdelt_03a3a90b,en,2 artists honoured with Cultural Medallion ; 5 receive Young Artist Award,2025-11-28 01:30:00,2025-11-28 01:30:00,2025-11-28 01:30:00,,,,0,0,0,0,0,0,na,na
gdelt_03c51b8f,hr,Hibridna prijetnja u Njemačkoj - 321 sumnjivi slučaj,2026-02-11 17:15:00,2026-02-11 17:15:00,2026-02-11 17:15:00,,,,0,0,0,0,0,0,na,na
gdelt_03c8fee0,en,Angermayer Enhanced to list on Nasdaq in $1 . 2 billion SPAC deal,2025-11-27 08:30:00,2025-11-27 08:30:00,2025-11-27 08:30:00,,,,0,0,0,0,0,0,na,na
gdelt_03f65f45,af,US chess grandmaster Daniel Naroditsky dies at 29,2025-10-21 14:30:00,2025-10-21 14:30:00,2025-10-21 14:30:00,,,,0,0,0,0,0,0,na,na
gdelt_046d4d0f,en,"Taliban orders women to wear burkas to access hospitals , MSF says",2025-11-12 08:45:00,2025-11-12 08:45:00,2025-11-12 08:45:00,,,,0,0,0,0,0,0,na,na
gdelt_05047301,uk,Чому вбивство міграційною поліцією молодої жінки у США сколихнуло всю країну,2026-01-08 22:00:00,2026-01-08 22:00:00,2026-01-08 22:00:00,,,,0,0,0,0,0,0,na,na
gdelt_054feb85,de,USA loben Gespräche mit Ukraine und Russland als konstruktiv – DW – 22 . 12 . 2025,2025-12-22 20:15:00,2025-12-22 20:15:00,2025-12-22 00:00:00,2025-01-01 00:00:00,year,2025,1,1,1,1,1,1,tie,tie
gdelt_05554b73,zh-cn,俄罗斯指挥家安东的中国艺术之旅 - 新华网辽宁频道,2025-07-03 18:15:00,2025-07-03 18:15:00,2025-07-03 18:15:00,,,,0,0,0,0,0,0,na,na
gdelt_056c8e83,zh-cn,2025第四届酸辣粉行业大会在河南开封举行 - 新华网河南频道,2025-10-21 13:30:00,2025-10-21 13:30:00,2025-10-21 00:00:00,2025-01-01 00:00:00,year,2025,1,1,1,1,1,1,tie,tie
gdelt_05be4fc0,ru,Выборы в Гонконге : баллотироваться могут только  патриоты  – DW – 07 . 12 . 2025,2025-12-07 18:15:00,2025-12-07 18:15:00,2025-12-07 00:00:00,2025-01-01 00:00:00,year,2025,1,1,1,1,1,1,tie,tie
gdelt_05c972ed,en,"USMNT Player Tracker : Tessmann experiment , Balogun work pays off , and is Pulisic in need of a reset ? ",2026-03-17 00:30:00,2026-03-17 00:30:00,2026-03-17 00:30:00,,,,0,0,0,0,0,0,na,na
gdelt_0667e692,hr,Srebrenica : Hiljadu godina robije i oni koji su se izvukli – DW – 07 . 07 . 2025,2025-07-08 19:00:00,2025-07-08 19:00:00,2025-07-07 00:00:00,2025-01-01 00:00:00,year,2025,1,1,1,1,1,1,tie,tie
gdelt_069f8358,fr,Plus dune dizaine de boulangeries fermées à Niamey – DW – 26 / 08 / 2025,2025-08-26 18:15:00,2025-08-26 18:15:00,2025-08-26 00:00:00,2025-01-01 00:00:00,year,26 / 08 / 2025,1,1,1,1,1,1,tie,tie
gdelt_07219a13,ru,"Торговая сделка ЕС - США : не похищение , а грабеж Европы ? – DW – 28 . 07 . 2025",2025-07-28 23:45:00,2025-07-28 23:45:00,2025-07-28 00:00:00,2025-01-01 00:00:00,year,2025,1,1,1,1,1,1,tie,tie
gdelt_07792648,ru,Латвия заблокировала еще 10 сайтов с российской пропагандой – DW – 04 . 08 . 2025,2025-08-04 20:45:00,2025-08-04 20:45:00,2025-08-04 00:00:00,2025-01-01 00:00:00,year,2025,1,1,1,1,1,1,tie,tie
gdelt_0799f2fa,en,What is Donald Trump 21 - point plan to end Gaza war ? – DW – 09 / 29 / 2025,2025-09-29 23:45:00,2025-09-29 00:00:00,2025-09-29 00:00:00,2025-01-01 00:00:00,year,09 / 29 / 2025,1,1,1,1,1,1,tie,tie
gdelt_07a2d53e,en,"As US ramps up trade probes in push for  tariff wall , how should Southeast Asia countries respond ? ",2026-03-20 13:30:00,2026-03-20 13:30:00,2026-03-20 13:30:00,,,,0,0,0,0,0,0,na,na
gdelt_07d96da4,ko,甘肃省风能太阳能可开发量居全国前列 - 新华网,2025-12-21 14:00:00,2025-12-21 14:00:00,2025-12-21 14:00:00,,,,0,0,0,0,0,0,na,na
gdelt_07de73d6,zh-cn,河南财经政法大学 ： 打破学科壁垒 培养复合人才 - 新华网河南频道,2025-12-30 14:15:00,2025-12-30 14:15:00,2025-12-30 14:15:00,,,,0,0,0,0,0,0,na,na
gdelt_07ee1d81,tr,Almanyada neden yeni bir grev dalgası bekleniyor ? ,2026-02-22 16:45:00,2026-02-22 16:45:00,2026-02-22 16:45:00,,,,0,0,0,0,0,0,na,na
gdelt_08489f00,en,Hong Kong heads to the polls after deadly fire,2025-12-07 11:15:00,2025-12-07 11:15:00,2025-12-07 11:15:00,,,,0,0,0,0,0,0,na,na
gdelt_08701fb7,ko,勇做数字蓝海  弄潮儿 - 新华网辽宁频道,2025-09-07 16:45:00,2025-09-07 16:45:00,2025-09-07 16:45:00,,,,0,0,0,0,0,0,na,na
gdelt_08c05071,vi,Quốc khánh 2 / 9 và di chúc của Hồ Chí Minh - BBC News Tiếng Việt,2025-09-02 11:15:00,2025-09-02 11:15:00,2025-02-09 00:00:00,,,,0,0,0,0,0,0,na,na
gdelt_091c1f3f,en,Map shows how 16 days of attacks have evolved in US - Israel war on Iran,2026-03-16 20:15:00,2026-02-28 20:15:00,2026-02-28 20:15:00,,,,0,0,0,0,0,0,na,na
gdelt_093ce599,en,"Lakers have benefitted from defending without fouling , but not in season opener",2025-10-22 17:45:00,2025-10-22 17:45:00,2025-10-22 17:45:00,,,,0,0,0,0,0,0,na,na
gdelt_0977eb3e,sw,Vita vya Ukraine : Zelensky alaani  shambulio la kikatili  baada ya Urusi kulishambulia jengo kuu la serikalikatika jimbo la Kyiv,2025-09-08 14:45:00,2025-09-08 14:45:00,2025-09-08 14:45:00,,,,0,0,0,0,0,0,na,na
gdelt_0987ff1e,en,"Trump critical minerals meet : Who attending , what at stake ? | Business and Economy News",2026-02-04 23:00:00,2026-02-04 23:00:00,2026-02-04 23:00:00,,,,0,0,0,0,0,0,na,na
gdelt_09a92498,en,Tuberculosis screening for children at two preschools after staff tests positive,2025-08-13 23:30:00,2025-08-13 23:30:00,2025-08-13 23:30:00,,,,0,0,0,0,0,0,na,na
gdelt_0a5d6e46,ja,上海ファッションウィーク 、 東京で展示会イベント,2025-09-15 13:30:00,2025-09-15 13:30:00,2025-09-15 13:30:00,,,,0,0,0,0,0,0,na,na
gdelt_0a720f32,vi,Hệ thống tin giả do Nga tài trợ tính xáo trộn bầu cử ở châu Âu như thế nào ? ,2025-09-21 21:00:00,2025-09-21 21:00:00,2025-09-21 21:00:00,,,,0,0,0,0,0,0,na,na
gdelt_0aacefd8,en,Brighton council accused of  influencing  homeless men deaths,2025-07-07 14:30:00,2025-07-07 14:30:00,2025-07-07 14:30:00,,,,0,0,0,0,0,0,na,na
gdelt_0ac3fcfe,ko,孩子刷手機停不下來 ？ 別慌 ， 試試這五個方法 - BBC News 中文,2026-03-27 17:30:00,2026-03-27 17:30:00,2026-03-27 17:30:00,,,,0,0,0,0,0,0,na,na
gdelt_0b456eee,zh-cn,2025年  奔跑吧 · 少年  海南省青少年轮滑挑战赛 （ 陵水站 ） 落幕 - 新华网,2025-08-03 20:15:00,2025-08-03 00:00:00,2025-08-03 00:00:00,2025-01-01 00:00:00,year,2025年,1,1,1,1,1,1,tie,tie
gdelt_0bca8076,ko,甘肃省中医药文化陇原行系列活动启动 - 新华网,2025-07-03 10:30:00,2025-07-03 10:30:00,2025-07-03 10:30:00,,,,0,0,0,0,0,0,na,na
gdelt_0c45a7d6,en,"Landfill collapse kills 1 and leaves at least 27 missing , Philippine police say",2026-01-09 14:45:00,2026-01-09 14:45:00,2026-01-09 14:45:00,,,,0,0,0,0,0,0,na,na
gdelt_0c5c91bc,zh-cn,兰州机场T3航站楼投运半年成绩单亮眼 - 新华网,2025-09-22 12:45:00,2025-09-22 12:45:00,2025-09-01 00:00:00,,,,0,0,0,0,0,0,na,na
gdelt_0c7b2fbf,en,"Jaxson Dart : Giants fans are  starving  for a winner , and he is here to give them one",2025-10-11 00:00:00,2025-10-11 00:00:00,2025-10-11 00:00:00,,,,0,0,0,0,0,0,na,na
gdelt_0d5024e3,ko,超七成民众支持加沙全面停火 以色列再爆发大规模示威 - 新华网,2025-07-14 00:30:00,2025-07-14 00:30:00,2025-07-14 00:30:00,,,,0,0,0,0,0,0,na,na
gdelt_0df31cfc,en,Trump says $72bn Netflix - Warner Bros deal  could be a problem  ,2025-12-08 10:45:00,2025-12-08 10:45:00,2025-12-08 10:45:00,,,,0,0,0,0,0,0,na,na
gdelt_0e4d1288,tr,Öcalandan Suriye açıklaması : Süreci baltalama girişimi,2026-01-18 19:15:00,2026-01-18 19:15:00,2026-01-18 19:15:00,,,,0,0,0,0,0,0,na,na
gdelt_0e50d086,tr,Almanyada şirket iflasları on yılın zirvesinde – DW – 08 . 12 . 2025,2025-12-08 23:45:00,2025-12-08 23:45:00,2025-12-08 00:00:00,2025-01-01 00:00:00,year,2025,1,1,1,1,1,1,tie,tie
gdelt_0e91fe12,fr,La Pologne ne rejoindra pas le Conseil de la paix pour le moment ( PM ) - Xinhua,2026-02-12 09:00:00,2026-02-12 09:00:00,2026-02-12 09:00:00,,,,0,0,0,0,0,0,na,na
gdelt_0eb24e11,zh-tw,中國再次抓捕同性情色文學寫手 ， 當局為何如此忌憚 「 耽美同人 」 創作 ？ - BBC News 中文,2025-06-10 12:00:00,2025-06-10 12:00:00,2025-06-10 12:00:00,,,,0,0,0,0,0,0,na,na
gdelt_0ee59e07,en,US Democratic congressional candidate indicted for Chicago ICE protest,2025-10-30 06:45:00,2025-10-30 06:45:00,2025-10-30 06:45:00,,,,0,0,0,0,0,0,na,na
gdelt_0ee70a53,tr,Paristeki Louvre Müzesinde gündüz vakti büyük soygun – DW – 19 . 10 . 2025,2025-10-19 21:45:00,2025-10-19 21:45:00,2025-10-19 00:00:00,2025-01-01 00:00:00,year,2025,1,1,1,1,1,1,tie,tie
gdelt_0f1818bb,en,"On Iran , Trump executes his most spectacular U - turn yet",2026-03-24 10:45:00,2026-03-24 10:45:00,2026-03-24 10:45:00,,,,0,0,0,0,0,0,na,na
gdelt_0f1cfd6c,es,Vista aérea de las ruinas de Heicheng en la región autónoma de Mongolia Interior,2025-10-31 12:45:00,2025-10-31 12:45:00,2025-10-31 12:45:00,,,,0,0,0,0,0,0,na,na
gdelt_0f82c9b8,en,Nama : Frank Cushnahan will not give evidence in fraud trial,2026-01-14 09:45:00,2026-01-14 09:45:00,2026-01-14 09:45:00,,,,0,0,0,0,0,0,na,na
gdelt_0f988474,en,"Britain Starmer seeks fresh start with China , economic wins",2026-01-29 14:30:00,2026-01-29 14:30:00,2026-01-29 14:30:00,,,,0,0,0,0,0,0,na,na
gdelt_0fd07fe3,en,CNA938 Rewind - Two Singaporeans in L . A : How are they coping ? ,2025-06-10 22:45:00,2025-06-10 22:45:00,2025-01-01 00:00:00,,,,0,0,0,0,0,0,na,na
gdelt_100e228d,fr,LArabie saoudite inaugure le Musée de la Mer Rouge dans un site patrimonial restauré à Djeddah - Xinhua,2025-12-08 10:45:00,2025-12-08 10:45:00,2025-12-03 00:00:00,,,,0,0,0,0,0,0,na,na
gdelt_10149827,ko,首批柬埔寨榴莲飞入河南 - 新华网河南频道,2025-08-10 09:45:00,2025-08-10 09:45:00,2025-08-10 09:45:00,,,,0,0,0,0,0,0,na,na
gdelt_1025f3af,es,China presenta brazo robótico de 7 funciones para aguas profundas de fabricación nacional,2025-07-07 09:15:00,2025-07-07 09:15:00,2025-07-07 09:15:00,,,,0,0,0,0,0,0,na,na
gdelt_10691e21,en,Designer Charles Jeffrey talks fashion and Scottish identity,2026-02-15 18:15:00,2026-02-15 18:15:00,2026-02-15 18:15:00,,,,0,0,0,0,0,0,na,na
gdelt_107f76ec,es,Argentina solicita formalmente a EE . UU . exención de visas – DW – 29 / 07 / 2025,2025-07-29 12:30:00,2025-07-29 12:30:00,2025-07-29 00:00:00,2025-01-01 00:00:00,year,29 / 07 / 2025,1,1,1,1,1,1,tie,tie
gdelt_109bf8f4,fa,کاخ سفید دستور یک فرمانده ارشد برای حمله دوم به بازماندگان یک قایق ونزوئلایی را تایید کرد,2025-12-02 09:45:00,2025-12-02 09:45:00,2025-12-02 09:45:00,,,,0,0,0,0,0,0,na,na
gdelt_113851a0,en,SOS : Extreme rescue for teens stranded underground in slate mine,2025-07-21 05:15:00,2025-07-21 05:15:00,2025-07-21 05:15:00,,,,0,0,0,0,0,0,na,na
gdelt_115eac36,en,Malala Yousafzai portrait unveiled at her Oxford college,2026-02-11 14:45:00,2026-02-11 14:45:00,2026-02-11 14:45:00,,,,0,0,0,0,0,0,na,na
gdelt_1230797d,en,Man jailed for life for murder of Phoenix Spencer - Horn,2025-07-14 18:15:00,2025-07-14 18:15:00,2025-07-14 18:15:00,,,,0,0,0,0,0,0,na,na
gdelt_128a6979,en,Deep Dive - What does BlueSG pause mean for car - sharing in Singapore ? ,2025-08-22 08:15:00,2025-08-22 08:15:00,2025-08-22 08:15:00,,,,0,0,0,0,0,0,na,na
gdelt_134d689c,ro,Strategia de apărare a SUA scoate Europa din prim - plan,2026-01-25 19:15:00,2026-01-25 19:15:00,2026-01-25 19:15:00,,,,0,0,0,0,0,0,na,na
gdelt_137acdf0,es,Argentina : millares exigen justicia por triple feminicidio – DW – 28 / 09 / 2025,2025-09-28 12:15:00,2025-09-28 12:15:00,2025-09-28 00:00:00,2025-01-01 00:00:00,year,28 / 09 / 2025,1,1,1,1,1,1,tie,tie
gdelt_13b1dc54,en,Australia bans visitors from Iran amid war in the Middle East,2026-03-26 14:45:00,2026-03-26 14:45:00,2026-03-26 14:45:00,,,,0,0,0,0,0,0,na,na
gdelt_13e56491,en,"India big cities face big challenges of toxic air , broken roads and unpicked rubbish - India big cities face big challenges",2025-12-29 10:15:00,2025-12-29 10:15:00,2025-12-29 10:15:00,,,,0,0,0,0,0,0,na,na
gdelt_13fe0812,en,Usyk vs Dubois 2 : Oleksandr Usyk nicknames punch that knocked out Daniel Dubois,2025-07-20 12:00:00,2025-07-20 12:00:00,2025-07-20 12:00:00,,,,0,0,0,0,0,0,na,na
gdelt_1416a9bf,zh-cn,542片在欧甲骨实现数字化采集 - 新华网河南频道,2025-08-10 09:45:00,2025-08-10 09:45:00,2025-08-10 09:45:00,,,,0,0,0,0,0,0,na,na
gdelt_1459ffb6,ur,کینو جیسا میٹھا پھل مسائل کی کڑواہٹ کا شکار – DW – 14 . 12 . 2025,2025-12-14 16:45:00,2025-12-14 16:45:00,2025-12-14 00:00:00,2025-01-01 00:00:00,year,2025,1,1,1,1,1,1,tie,tie
gdelt_1474a2bc,zh-cn,瞭望访谈丨以  四个凝聚  助力江苏挑大梁 、 走在前 专访江苏省政协主席张义珍 _ 新华网江苏频道,2025-07-21 13:00:00,2025-07-21 13:00:00,2025-07-21 13:00:00,,,,0,0,0,0,0,0,na,na
gdelt_149656dd,mk,Повеќе од 14 милиони деца невакцинирани во 2024 година – DW – 15 . 07 . 2025,2025-07-15 14:00:00,2025-07-15 14:00:00,2024-12-31 00:00:00,2025-01-01 00:00:00,year,2024 година,1,1,1,0,1,0,v1_better,v1_better
gdelt_15002cad,ko,AI가 바꾼 제작 공식 ... 中 숏드라마 판도 재편 - Xinhua,2026-03-26 11:00:00,2026-03-26 11:00:00,2026-03-26 11:00:00,,,,0,0,0,0,0,0,na,na
gdelt_1575fa15,en,"Bills early coaching candidate list includes Brian Daboll , Joe Brady , Lou Anarumo",2026-01-22 01:45:00,2026-01-22 01:45:00,2026-01-22 01:45:00,,,,0,0,0,0,0,0,na,na
gdelt_15909ee3,sw,"Mpango wa Trump wenye mambo 28 kumaliza vita Ukraine , utafanya kazi ? ",2025-11-25 21:15:00,2025-11-25 21:15:00,2025-11-25 21:15:00,,,,0,0,0,0,0,0,na,na
gdelt_16066f09,ko,南方电网都匀供电局  多看一眼  阻断220千伏重大隐患 - 新华网,2025-10-20 18:45:00,2025-10-20 18:45:00,2025-10-20 18:45:00,,,,0,0,0,0,0,0,na,na
gdelt_1607a553,en,North Belfast : Young family fled home following sectarian bomb threats,2025-09-03 00:30:00,2025-09-03 00:30:00,2025-09-03 00:30:00,,,,0,0,0,0,0,0,na,na
gdelt_16783c55,en,Leeds maternity units criticised on care of black and Asian women,2025-11-30 18:30:00,2025-11-30 18:30:00,2025-11-30 18:30:00,,,,0,0,0,0,0,0,na,na
gdelt_168f2283,te,వార్తలు - BBC News తెలుగు,2025-11-24 23:15:00,2025-11-24 23:15:00,2025-11-24 23:15:00,,,,0,0,0,0,0,0,na,na
gdelt_169c6d14,en,British woman shot by dad in Texas was unlawfully killed,2026-02-11 21:00:00,2026-02-11 21:00:00,2026-02-11 21:00:00,,,,0,0,0,0,0,0,na,na
gdelt_16af2e72,mk,65 . 000 прекршоци за 12 часа со „ Безбеден град  – DW – 1 . 12 . 2025,2025-12-02 01:15:00,2025-12-02 01:15:00,2025-12-01 00:00:00,2025-01-01 00:00:00,year,2025,1,1,1,1,1,1,tie,tie
gdelt_16f1b68f,en,"Two killed , dozens wounded in large Russian drone attacks across Ukraine",2026-01-18 20:30:00,2026-01-18 20:30:00,2026-01-18 20:30:00,,,,0,0,0,0,0,0,na,na
gdelt_17123df4,en,Texas 34th Congressional District Primary Election Results 2026,2026-03-04 13:30:00,2026-03-04 00:00:00,2026-03-04 00:00:00,2026-01-01 00:00:00,year,2026,1,1,1,1,1,1,tie,tie
gdelt_17390ed8,en,"GE2025 was tougher than it looked for PAP , with pivotal contests in Tampines and Punggol : PM Wong",2025-11-09 12:15:00,2025-11-09 12:15:00,2025-11-09 12:15:00,,,,0,0,0,0,0,0,na,na
gdelt_173c441b,id,"Gara - gara Kontroversi Grok , Inggris Bidik Semua Chatbot AI",2026-02-17 17:15:00,2026-02-17 17:15:00,2026-02-17 17:15:00,,,,0,0,0,0,0,0,na,na
gdelt_17474f88,en,Castore co - founder : If fans couldnt afford kits they wouldnt pay,2026-01-08 20:30:00,2026-01-08 20:30:00,2026-01-08 20:30:00,,,,0,0,0,0,0,0,na,na
gdelt_1758d32c,en,Commentary : Southeast Asian countries dont have much leverage in US trade talks,2025-07-02 10:45:00,2025-07-02 10:45:00,2025-07-02 10:45:00,,,,0,0,0,0,0,0,na,na
gdelt_179b2c71,ur,لاہور میں این اے 129 سمیت قومی اسمبلی کے چھ اور پنجاب اسمبلی کے سات حلقوں پر ضمنی انتخابات,2025-11-23 12:45:00,2025-11-23 12:45:00,2025-11-23 12:45:00,,,,0,0,0,0,0,0,na,na
gdelt_180eea03,en,"Ukraine finds new role as protector of US , Gulf allies amid Iran war",2026-03-14 04:00:00,2026-03-14 04:00:00,2026-03-14 04:00:00,,,,0,0,0,0,0,0,na,na
gdelt_182edb9b,en,Rising star Franjo von Allmen wins Olympic gold for Switzerland in men downhill,2026-02-07 23:00:00,2026-02-07 23:00:00,2026-02-07 23:00:00,,,,0,0,0,0,0,0,na,na
gdelt_186831d0,pl,Obawy i nadzieje Niemiec po eskalacji na Bliskim Wschodzie,2026-03-02 02:15:00,2026-03-02 02:15:00,2026-03-02 00:00:00,,,,0,0,0,0,0,0,na,na
gdelt_18911244,de,Syriens Wiederaufbau : Ist Crowdfunding echte Hilfe oder PR ? – DW – 26 . 10 . 2025,2025-10-26 16:30:00,2025-10-26 16:30:00,2025-10-26 00:00:00,2025-01-01 00:00:00,year,2025,1,1,1,1,1,1,tie,tie
gdelt_18dbddf5,zh-cn,福州滨海快线开始载客运营 - 新华网,2025-09-29 17:15:00,2025-09-29 17:15:00,2025-09-29 17:15:00,,,,0,0,0,0,0,0,na,na
gdelt_193175d4,en,"Over 20 nations join EU , UN in opposing Israel illegal E1 settlement plan | Occupied East Jerusalem News",2025-08-22 14:00:00,2025-08-22 14:00:00,2025-08-22 14:00:00,,,,0,0,0,0,0,0,na,na
gdelt_1968f71a,en,Chad cuts ties with wildlife charity linked to Prince Harry,2025-10-08 13:30:00,2025-10-08 13:30:00,2025-10-08 13:30:00,,,,0,0,0,0,0,0,na,na
gdelt_1989a073,ru,В американской системе  Золотой купол  будет 4 уровня защиты – DW – 13 . 08 . 2025,2025-08-13 14:00:00,2025-08-13 14:00:00,2025-08-13 00:00:00,2025-01-01 00:00:00,year,2025,1,1,1,1,1,1,tie,tie
gdelt_19ee9fa8,zh-cn,金融监管总局 ： 养老理财产品试点地区扩大至全国 - 新华网,2025-10-31 12:45:00,2025-10-31 12:45:00,2025-10-31 12:45:00,,,,0,0,0,0,0,0,na,na
gdelt_1a078487,es,Ballet Nacional de China realiza presentación en Brasilia | Spanish . xinhuanet . com,2025-10-08 14:30:00,2025-10-08 14:30:00,2025-10-08 14:30:00,,,,0,0,0,0,0,0,na,na
gdelt_1a39dd82,fa,ماجرای اولین زنی که از انگلیس به لیگ حرفه‌ای فوتبال عربستان رفت : خیلی‌ها را رنجاندم,2025-10-13 10:00:00,2025-10-13 10:00:00,2025-10-13 10:00:00,,,,0,0,0,0,0,0,na,na
gdelt_1a5e97e2,ru,"Гибель проводника поезда : в ФРГ спорят , как побороть насилие",2026-02-10 04:00:00,2026-02-10 04:00:00,2026-02-10 04:00:00,,,,0,0,0,0,0,0,na,na
gdelt_1a640aea,en,The frog poison that killed Alexei Navalny likely lab - made,2026-02-17 04:45:00,2026-02-17 04:45:00,2026-02-17 04:45:00,,,,0,0,0,0,0,0,na,na
gdelt_1a79183b,ru,Аккаунт  Луизы Розовой  с критикой Путина оказался фейковым – DW – 11 . 08 . 2025,2025-08-11 19:15:00,2025-08-11 19:15:00,2025-08-11 00:00:00,2025-01-01 00:00:00,year,2025,1,1,1,1,1,1,tie,tie
gdelt_1ae61950,en,LGBT+ A Gay and a NonGay podcast hosts awed at award win,2025-07-04 20:00:00,2025-07-04 20:00:00,2025-07-04 20:00:00,,,,0,0,0,0,0,0,na,na
gdelt_1b198f8e,en,The Italian people made us smile in Gaza,2025-09-29 00:00:00,2025-09-29 00:00:00,2025-09-29 00:00:00,,,,0,0,0,0,0,0,na,na
gdelt_1b6377bd,en,Political backlash over Israeli fan ban at Villa Park . Plus : Are tactics making EPL dull ? ,2025-10-17 20:15:00,2025-10-17 20:15:00,2025-10-17 20:15:00,,,,0,0,0,0,0,0,na,na
gdelt_1b79cbcf,en,"Milei party wins high - stakes Argentina elections , early results show | News",2025-10-27 11:30:00,2025-10-27 11:30:00,2025-10-27 11:30:00,,,,0,0,0,0,0,0,na,na
gdelt_1b93d879,it,More Palestinians return to Gaza via Rafah as Israeli attacks continue,2026-02-11 17:45:00,2026-02-11 17:45:00,2026-02-05 00:00:00,,,,0,0,0,0,0,0,na,na
gdelt_1bab8128,en,"Earth climate more unbalanced than ever , WMO warns",2026-03-23 14:45:00,2026-03-23 14:45:00,2026-03-23 14:45:00,,,,0,0,0,0,0,0,na,na
gdelt_1bc67804,en,Matt Rhule fiery halftime speech in a blowout win a sign of Nebraska growing expectations,2025-09-12 21:00:00,2025-09-12 21:00:00,2025-09-12 21:00:00,,,,0,0,0,0,0,0,na,na
gdelt_1be3ace3,en,Gaza families reunite years after babies evacuated amid Israel war | Israel - Palestine conflict News,2026-03-31 19:30:00,2026-03-31 00:00:00,2026-03-01 00:00:00,,,,0,0,0,0,0,0,na,na
gdelt_1c0438ee,en,President of Madagascar flees to  safe location  amid deadly protests | Protests News,2025-10-14 09:00:00,2025-10-14 09:00:00,2025-10-14 09:00:00,,,,0,0,0,0,0,0,na,na
gdelt_1c268443,en,"Ozzy Osbourne , Black Sabbath bat - biting frontman , dies aged 76",2025-07-23 07:15:00,1976-07-23 00:00:00,2025-07-23 07:15:00,,,,0,0,0,0,0,0,na,na
gdelt_1c4bd8cb,en,What to say on Mother Day after pregnancy or baby loss,2026-03-15 17:30:00,2026-03-15 17:30:00,2026-03-15 17:30:00,,,,0,0,0,0,0,0,na,na
gdelt_1c641f2c,en,Why is India so scared of my book on Kashmir that it has banned it ? ,2025-08-12 23:30:00,2025-08-12 23:30:00,2025-08-12 23:30:00,,,,0,0,0,0,0,0,na,na
gdelt_1c85504a,en,High Court sets aside acquittal of pair linked to LTA bribery case over trial judge failures,2026-03-24 15:15:00,2026-03-24 15:15:00,2026-03-24 15:15:00,,,,0,0,0,0,0,0,na,na
gdelt_1ce4365f,es,EEUU ataca narcolancha en el Pacífico y mueren tres personas – DW – 16 / 11 / 2025,2025-11-17 10:15:00,2025-11-17 10:15:00,2025-11-16 00:00:00,2025-01-01 00:00:00,year,16 / 11 / 2025,1,1,1,1,1,1,tie,tie
gdelt_1d04a42a,ur,پاکستانی اولمپک گولڈ میڈلسٹ ارشد ندیم کے کوچ سلمان بٹ پر تاحیات پابندی کیوں لگائی گئی ؟ ,2025-10-13 04:15:00,2025-10-13 04:15:00,2025-10-13 04:15:00,,,,0,0,0,0,0,0,na,na
gdelt_1d082126,en,Sale postmaster hailed  community champion  for smartphone help,2026-02-01 18:45:00,2026-02-01 18:45:00,2026-02-01 18:45:00,,,,0,0,0,0,0,0,na,na
gdelt_1d14d237,en,LIVE : Gaza City under  heaviest wave  of Israeli attacks since war began | Israel - Palestine conflict News,2025-09-20 06:00:00,2025-09-20 06:00:00,2025-09-20 06:00:00,,,,0,0,0,0,0,0,na,na
gdelt_1d38238b,en,"Bangladesh shuts universities , limits fuel sale as Iran war causes shortage",2026-03-09 15:45:00,2026-03-09 15:45:00,2026-03-09 15:45:00,,,,0,0,0,0,0,0,na,na
gdelt_1d3f35de,ko,REITs市场迎政策新指引 支持扩容扩募与资产创新 - 新华网,2025-09-22 12:00:00,2025-09-22 12:00:00,2025-09-22 12:00:00,,,,0,0,0,0,0,0,na,na
gdelt_1d414439,ru,"ЕС импортировал СПГ из России на 4 , 48 млрд евро – DW – 18 . 08 . 2025",2025-08-19 00:15:00,2025-08-19 00:15:00,2025-08-18 00:00:00,2025-01-01 00:00:00,year,2025,1,1,1,1,1,1,tie,tie
gdelt_1d6ed79f,zh-tw,正以驚人速度擴張的中國海軍會主宰海洋嗎 ？ - BBC News 中文,2025-09-01 15:00:00,2025-09-01 15:00:00,2025-09-01 15:00:00,,,,0,0,0,0,0,0,na,na
gdelt_1e0e39ec,en,Ian Watkins : Trial date set for two men charged with singer murder,2025-10-14 19:30:00,2025-10-14 19:30:00,2025-10-14 19:30:00,,,,0,0,0,0,0,0,na,na
gdelt_1e15f077,tr,Ali Yerlikayanın içişleri bakanlığı döneminde neler yaşandı ? ,2026-02-11 12:00:00,2026-02-11 12:00:00,2026-02-11 12:00:00,,,,0,0,0,0,0,0,na,na
gdelt_1e1ab984,en,San Francisco Giants to hire Tennessee head coach Tony Vitello as next manager : Sources,2025-10-23 02:15:00,2025-10-23 02:15:00,2025-10-23 02:15:00,,,,0,0,0,0,0,0,na,na
gdelt_1e5f9da9,es,"Altos del Golán son reconocidos internacionalmente como territorio sirio ocupado , dice representante chino ante ONU",2025-12-30 18:45:00,2025-12-30 18:45:00,2025-12-30 18:45:00,,,,0,0,0,0,0,0,na,na
gdelt_1e7e0b2b,el,Ουγγαρία : Φθηνή βενζίνη μόνο για ... ημεδαπούς,2026-03-26 23:00:00,2026-03-26 23:00:00,2026-03-26 23:00:00,,,,0,0,0,0,0,0,na,na
gdelt_1f788b11,en,"Ukraine drone attacks kill three in Russia , cause fire at oil refinery",2025-08-02 22:30:00,2025-08-02 22:30:00,2025-08-02 22:30:00,,,,0,0,0,0,0,0,na,na
gdelt_1f887bd8,ko,  全网最忙五人组  背后藏了什么  鬼 ？- 新华网,2025-12-08 12:30:00,2025-12-08 12:30:00,2025-12-08 12:30:00,,,,0,0,0,0,0,0,na,na
gdelt_1fcab9e8,en,How the NBA and hip - hop have inspired culture and each other for decades,2026-02-23 19:30:00,2026-02-23 19:30:00,2026-02-23 19:30:00,,,,0,0,0,0,0,0,na,na
gdelt_1fe499fd,en,Hyflux trial : Ex - CEO Olivia Lum lawyer grills lead investigation officer,2025-08-11 23:30:00,2025-08-11 23:30:00,2025-08-11 23:30:00,,,,0,0,0,0,0,0,na,na
gdelt_20355d75,en,Bears vs . 49ers live score updates : San Francisco leads Chicago at halftime on NFL  Sunday Night Football  ,2025-12-29 11:15:00,2025-12-29 11:15:00,2025-12-28 00:00:00,,,,0,0,0,0,0,0,na,na
gdelt_20c6b9be,en,Rubio says Gaza should not be permanently divided as Israel conducts  targeted strike  ,2025-10-26 08:00:00,2025-10-26 08:00:00,2025-10-26 08:00:00,,,,0,0,0,0,0,0,na,na
gdelt_20dffa3f,fr,RPDC : décès à 97 ans de lancien haut responsable Kim Yong Nam - Xinhua,2025-11-04 15:30:00,2025-11-04 15:30:00,2025-11-04 15:30:00,,,,0,0,0,0,0,0,na,na
gdelt_21607bf3,en,Ukraine security guarantees : What is Germany role ? – DW – 08 / 19 / 2025,2025-08-19 22:00:00,2025-08-19 22:00:00,2025-08-19 00:00:00,2025-01-01 00:00:00,year,08 / 19 / 2025,1,1,1,1,1,1,tie,tie
gdelt_21b65d4e,es,Marchan en Brasil para pedir amnistía para Bolsonaro – DW – 08 / 10 / 2025,2025-10-08 09:15:00,2025-10-08 09:15:00,2025-10-08 00:00:00,2025-01-01 00:00:00,year,08 / 10 / 2025,1,1,1,1,1,1,tie,tie
gdelt_21d62c8c,ko,云南出台2025年电商培育扶持政策 _ 新华网,2025-07-20 10:45:00,2025-07-20 10:45:00,2025-07-20 00:00:00,,,,0,0,0,0,0,0,na,na
gdelt_21e8667a,en,Popular Chinese brands bet big on US consumers despite tariff threats,2025-08-19 14:15:00,2025-08-19 14:15:00,2025-08-19 14:15:00,,,,0,0,0,0,0,0,na,na
gdelt_220c2081,ko,世界举重锦标赛落幕 福建省再添一位世界冠军 - 新华网,2025-10-13 15:30:00,2025-10-13 15:30:00,2025-10-13 15:30:00,,,,0,0,0,0,0,0,na,na
gdelt_22537e05,en,"Palestinian prisoners not being given adequate food , Israel top court says",2025-09-08 12:00:00,2025-09-08 12:00:00,2025-09-08 12:00:00,,,,0,0,0,0,0,0,na,na
gdelt_228aed9a,de,EU und Australien schließen umfassendes Freihandelsabkommen,2026-03-24 17:45:00,2026-03-24 17:45:00,2026-03-24 17:45:00,,,,0,0,0,0,0,0,na,na
gdelt_22b2c05f,ko,逐梦 · 中招进行时丨石家庄市第四十四中学 - 新华网河北频道 - 新华网,2025-07-03 17:15:00,2025-07-03 17:15:00,2025-07-03 17:15:00,,,,0,0,0,0,0,0,na,na
gdelt_23906473,es,Yacimiento petrolífero de Tarim registra generación solar de más de 2 . 000 millones de kWh,2025-12-28 22:30:00,2025-12-28 22:30:00,2025-12-28 22:30:00,,,,0,0,0,0,0,0,na,na
gdelt_247ac04f,fr,Russie : un enquêteur qualifie d  actes de terrorisme  les effondrements de ponts - Xinhua,2025-06-02 10:15:00,2025-06-02 10:15:00,2025-06-02 10:15:00,,,,0,0,0,0,0,0,na,na
gdelt_2487e83f,en,"Iranian official says around 2 , 000 people have been killed in unrest",2026-01-14 02:00:00,2026-01-14 02:00:00,2026-01-14 02:00:00,,,,0,0,0,0,0,0,na,na
gdelt_24f750d8,fa,چرا بریتانیا سرمایه‌گذاری در انرژی هسته‌ای را افزایش داده است ؟ ,2025-07-08 11:00:00,2025-07-08 11:00:00,2025-07-08 11:00:00,,,,0,0,0,0,0,0,na,na
gdelt_250f56ab,en,"Exclusive - Germany PSI Software nears takeover as investors circle , sources say",2025-10-10 03:45:00,2025-10-10 03:45:00,2025-10-10 03:45:00,,,,0,0,0,0,0,0,na,na
gdelt_252ba282,es,Gobierno chino propone creación de organización de cooperación global en IA,2025-07-27 08:15:00,2025-07-27 08:15:00,2025-07-27 08:15:00,,,,0,0,0,0,0,0,na,na
gdelt_25663e36,en,"Russia - Ukraine war : List of key events , day 1 , 423",2026-01-17 11:00:00,2026-01-17 11:00:00,2026-01-17 11:00:00,,,,0,0,0,0,0,0,na,na
gdelt_256cf90c,en,Do collagen supplements work to reduce signs of skin ageing ? ,2025-09-28 08:30:00,2025-09-28 08:30:00,2025-09-28 08:30:00,,,,0,0,0,0,0,0,na,na
gdelt_25c66ef4,en,More than just a flight : How to get the most out of Malaysia Airlines,2025-09-09 10:30:00,2025-09-09 10:30:00,2025-09-09 10:30:00,,,,0,0,0,0,0,0,na,na
gdelt_2665b13d,tr,Avustralya : Filistin devletini tanıyacağız – DW – 11 . 08 . 2025,2025-08-11 20:00:00,2025-08-11 20:00:00,2025-08-11 00:00:00,2025-01-01 00:00:00,year,2025,1,1,1,1,1,1,tie,tie
gdelt_26b9d6dc,es,"Ejército iraní promete hundir  buques enemigos  que entren al Golfo , según medios",2026-03-08 08:45:00,2026-03-08 08:45:00,2026-03-08 08:45:00,,,,0,0,0,0,0,0,na,na
gdelt_26d0bc37,en,Ecuadorean President Daniel Noboa unharmed after attack on his car,2025-10-08 10:00:00,2025-10-08 10:00:00,2025-10-08 10:00:00,,,,0,0,0,0,0,0,na,na
gdelt_26e5f408,hi,100 मीटर से ऊंची पहाड़ियों को ही अरावली मानने के मायने क्या ? – DW – 23 . 12 . 2025,2025-12-23 22:30:00,2025-12-23 22:30:00,2025-12-23 00:00:00,2025-01-01 00:00:00,year,23 . 12 . 2025,1,1,1,1,1,1,tie,tie
gdelt_271fef12,en,Tycoon Ong Beng Seng set to return to court for sentencing,2025-08-15 14:00:00,2025-08-15 14:00:00,2025-08-15 14:00:00,,,,0,0,0,0,0,0,na,na
gdelt_2738eae9,en,Bulgaria adopts euro amid celebration and anxiety over inflation,2026-01-01 22:45:00,2026-01-01 22:45:00,2026-01-01 22:45:00,,,,0,0,0,0,0,0,na,na
gdelt_274c4529,en,SNP and Greens join independence march ahead of Holyrood election,2026-03-29 06:00:00,2026-03-29 06:00:00,2026-03-01 00:00:00,,,,0,0,0,0,0,0,na,na
gdelt_2797e253,zh-cn,云南省政府新年  第一会  释放强烈信号 _ 新华网,2026-01-06 11:45:00,2026-01-06 11:45:00,2026-01-01 00:00:00,,,,0,0,0,0,0,0,na,na
gdelt_27b6a9ed,ru,Шторм в Скандинавии : в Швеции погибли три человека – DW – 28 . 12 . 2025,2025-12-28 21:45:00,2025-12-28 21:45:00,2025-12-28 00:00:00,2025-01-01 00:00:00,year,2025,1,1,1,1,1,1,tie,tie
gdelt_27dc2aa8,en,Thai army accuses Cambodia of ceasefire violations but truce still holding,2025-07-29 12:30:00,2025-07-29 12:30:00,2025-07-29 12:30:00,,,,0,0,0,0,0,0,na,na
gdelt_282b2acc,es,"Festival Internacional del Globo 2025 en León , México | Spanish . xinhuanet . com",2025-11-16 12:45:00,2025-11-16 12:45:00,2025-11-16 00:00:00,2025-01-01 00:00:00,year,2025 en,1,1,1,1,1,1,tie,tie
gdelt_283a3543,en,Former Olympic coach Vicente Modahl denies child sex offences,2025-11-18 02:15:00,2025-11-18 02:15:00,2025-11-18 02:15:00,,,,0,0,0,0,0,0,na,na
gdelt_2872e89b,pl,Strajk w transporcie . Na dwa dni staną prawie całe Niemcy,2026-02-24 22:15:00,2026-02-24 22:15:00,2026-02-24 22:15:00,,,,0,0,0,0,0,0,na,na
gdelt_289bf2a0,fr,Etats - Unis : 4 morts et 5 blessés dans le chavirage dun bateau au large du sud de la Californie - Xinhua,2025-11-16 09:30:00,2025-11-16 09:30:00,2025-11-16 09:30:00,,,,0,0,0,0,0,0,na,na
gdelt_28b7e73b,zh-cn,浙江  415X  先进制造业集群规上营收创新高 - 新华网,2025-08-24 12:45:00,2025-08-24 12:45:00,2025-08-24 12:45:00,,,,0,0,0,0,0,0,na,na
gdelt_28fc7303,hr,Kako raznolikost prehrane jača našu crijevnu floru – DW – 13 . 07 . 2025,2025-07-13 18:30:00,2025-07-13 18:30:00,2025-07-13 00:00:00,2025-01-01 00:00:00,year,2025,1,1,1,1,1,1,tie,tie
gdelt_291bc407,en,"Dodgers - Brewers Game 1 takeaways : Wild double play , Blake Snell brilliance highlight L . A . win",2025-10-14 12:30:00,2025-10-14 12:30:00,2025-10-14 12:30:00,,,,0,0,0,0,0,0,na,na
gdelt_2982c0fe,en,"New Law Society president Tan Cheng Han says dispute over presidency was  settled gracefully , unity restored",2026-01-05 19:45:00,2026-01-05 19:45:00,2026-01-05 19:45:00,,,,0,0,0,0,0,0,na,na
gdelt_2984837e,tr,Erken Avrupalılar neden koyu tenli ve saçlıydı ? – DW – 06 . 07 . 2025,2025-07-06 14:30:00,2025-07-06 14:30:00,2025-07-06 00:00:00,2025-01-01 00:00:00,year,2025,1,1,1,1,1,1,tie,tie
gdelt_29da6cf7,el,"Μπέρμπελ Μπας , το ανερχόμενο αστέρι του SPD – DW – 02 / 07 / 2025",2025-07-02 23:15:00,2025-07-02 23:15:00,2025-07-02 00:00:00,2025-01-01 00:00:00,year,02 / 07 / 2025,1,1,1,1,1,1,tie,tie
gdelt_2aad7ba4,en,"What Im hearing about the Penguin incredible , unexpected march toward the NHL playoffs",2026-03-18 03:30:00,2026-03-18 03:30:00,2026-03-01 00:00:00,,,,0,0,0,0,0,0,na,na
gdelt_2ac1ee62,en,Death toll from Indonesia landslides rises to 18,2025-11-17 20:30:00,2025-11-17 20:30:00,2025-11-17 20:30:00,,,,0,0,0,0,0,0,na,na
gdelt_2aee28c8,en,Ghana takes transatlantic slavery case to UN,2026-02-23 02:00:00,2026-02-23 02:00:00,2026-02-23 02:00:00,,,,0,0,0,0,0,0,na,na
gdelt_2b781934,en,"Russia - Ukraine war : List of key events , day 1 , 312",2025-09-28 10:30:00,2025-09-28 10:30:00,2025-09-28 10:30:00,,,,0,0,0,0,0,0,na,na
gdelt_2b9a1f69,en,"NASCAR great Greg Biffle , family among 7 killed in North Carolina plane crash",2025-12-19 07:30:00,2025-12-19 07:30:00,2025-12-19 07:30:00,,,,0,0,0,0,0,0,na,na
gdelt_2bab5f7c,hr,Lokalni izbori :  stakleni strop  francuske desnice ? ,2026-03-24 20:00:00,2026-03-24 20:00:00,2026-03-24 20:00:00,,,,0,0,0,0,0,0,na,na
gdelt_2bd73ec0,en,LIVE : Five die of hunger as Amnesty says Israel deliberately starving Gaza | Israel - Palestine conflict News,2025-08-18 18:45:00,2025-08-18 18:45:00,2025-08-18 18:45:00,,,,0,0,0,0,0,0,na,na
gdelt_2bf94969,zh-cn,安龙 ： 农资农机双保障 护航春耕促生产 - 新华网,2026-03-24 13:45:00,2026-03-24 13:45:00,2026-03-24 13:45:00,,,,0,0,0,0,0,0,na,na
gdelt_2bfbde06,en,Commentary : India state and central governments still arent speaking the same language,2025-07-04 11:30:00,2025-07-04 11:30:00,2025-07-04 11:30:00,,,,0,0,0,0,0,0,na,na
gdelt_2c08940a,ko,云南展台唱响  旅居云南 · 体育旅居  主旋律 _ 新华网,2025-09-15 12:30:00,2025-09-15 12:30:00,2025-09-15 12:30:00,,,,0,0,0,0,0,0,na,na
gdelt_2c484849,sq,Stërvitja Rusi - Bjellorusi - Mobilizim ushtarak i fshehur ? – DW – 14 / 09 / 2025,2025-09-14 19:00:00,2025-09-14 19:00:00,2025-09-14 00:00:00,2025-01-01 00:00:00,year,14 / 09 / 2025,1,1,1,1,1,1,tie,tie
gdelt_2c5b6b3b,zh-cn,浙江磐安打造生态康养发展轴 - 新华网,2025-08-24 12:45:00,2025-08-24 12:45:00,2025-08-24 12:45:00,,,,0,0,0,0,0,0,na,na
gdelt_2ccafab7,en,Israel launches new wave of attacks on southern and eastern Lebanon,2026-03-10 20:45:00,2026-03-10 20:45:00,2026-03-10 20:45:00,,,,0,0,0,0,0,0,na,na
gdelt_2cf4929f,fr,République de Corée : le nouveau président reçoit un briefing de sécurité du plus haut commandant militaire - Xinhua,2025-06-04 14:15:00,2025-06-04 14:15:00,2025-06-04 14:15:00,,,,0,0,0,0,0,0,na,na
gdelt_2cf5f43f,en,Murder arrest of woman after death of two children,2025-10-12 18:15:00,2025-10-12 18:15:00,2025-10-12 18:15:00,,,,0,0,0,0,0,0,na,na
gdelt_2d01ddf5,de,US - Drohnen - Krieg : Verfassungsgericht entlastet Deutschland – DW – 15 . 07 . 2025,2025-07-15 22:45:00,2025-07-15 22:45:00,2025-07-15 00:00:00,2025-01-01 00:00:00,year,2025,1,1,1,1,1,1,tie,tie
gdelt_2d38ae5c,fa,کشته شدن پرستار ۳۷ ساله به دست آیس ؛ فرماندار کالیفرنیا خواستار کناره‌گیری وزیر امنیت داخلی شد,2026-01-26 00:30:00,2026-01-26 00:30:00,2026-01-26 00:30:00,,,,0,0,0,0,0,0,na,na
gdelt_2de64558,en,Full moon over Singapore SG60 National Day Parade,2025-08-12 18:30:00,2025-08-12 18:30:00,2025-08-12 18:30:00,,,,0,0,0,0,0,0,na,na
gdelt_2e1d3d73,en,Multi - school campus remains shut due to heating problems,2026-01-08 22:00:00,2026-01-08 22:00:00,2026-01-08 22:00:00,,,,0,0,0,0,0,0,na,na
gdelt_2e2cf14b,en,Purdue Braden Smith sets all - time assists record in NCAA Tournament opener,2026-03-21 08:45:00,2026-03-21 08:45:00,2026-03-21 08:45:00,,,,0,0,0,0,0,0,na,na
gdelt_2e40b639,en,Trump cites Murdoch age to seek swift deposition in Epstein case,2025-07-29 04:00:00,2025-07-29 04:00:00,2025-07-29 04:00:00,,,,0,0,0,0,0,0,na,na
gdelt_2e4cce78,ko,诸暨村村都有法治审查员 - 新华网,2025-09-08 14:30:00,2025-09-08 14:30:00,2025-09-08 14:30:00,,,,0,0,0,0,0,0,na,na
gdelt_2e6f491c,ko,減肥 ： 印度廉價仿製藥或將重塑全球市場格局 - BBC News 中文,2026-03-19 14:30:00,2026-03-19 14:30:00,2026-03-19 14:30:00,,,,0,0,0,0,0,0,na,na
gdelt_2e938366,es,Órgano legislativo nacional de China celebra segunda reunión plenaria,2026-03-10 11:30:00,2026-03-10 11:30:00,2026-03-10 11:30:00,,,,0,0,0,0,0,0,na,na
gdelt_2f62b8e6,de,Rauer Ton zwischen united states und China beim Shangri - La Dialog – DW – 02 . 06 . 2025,2025-06-02 19:15:00,2025-06-02 19:15:00,2025-06-02 00:00:00,2025-01-01 00:00:00,year,2025,1,1,1,1,1,1,tie,tie
gdelt_2f9eff2e,so,BBC oo daaha ka qaaday akoonno baraha bulshada Soomaalida oo iska dhiga muwaadiniin dhab ah balse si kale u shaqeeya,2025-10-20 21:15:00,2025-10-20 21:15:00,2025-11-01 00:00:00,,,,0,0,0,0,0,0,na,na
gdelt_2faef83d,en,One killed in  riot  in Iraq Erbil after attack on Khor Mor gas field | Politics News,2025-11-30 13:00:00,2025-11-30 13:00:00,2025-11-30 13:00:00,,,,0,0,0,0,0,0,na,na
gdelt_3015dc58,en,US familie  mind blown  with cuts to solar rooftop funds | Renewable Energy News,2025-11-18 03:30:00,2025-11-18 03:30:00,2025-11-18 03:30:00,,,,0,0,0,0,0,0,na,na
gdelt_30220ad1,ur,  ایگزیما  سے بالی وڈ سٹار بھومی پڈنیکر بھی پریشان ، جِلد کی وہ حالت جس میں خشکی اور خارش پیدا ہوتی ہے,2025-10-06 01:00:00,2025-10-06 01:00:00,2025-10-06 01:00:00,,,,0,0,0,0,0,0,na,na
gdelt_3027acf9,en,What has Israel achieved in 2 years of war in Gaza ? – DW – 10 / 05 / 2025,2025-10-06 01:00:00,2023-10-06 01:00:00,2025-10-05 00:00:00,2025-01-01 00:00:00,year,10 / 05 / 2025,1,1,0,1,0,1,v2_better,v2_better
gdelt_30bf5c6a,fr,Le ministre allemand de la Défense rejette toute implication militaire dans le détroit dOrmuz - Xinhua,2026-03-16 22:45:00,2026-03-16 22:45:00,2026-03-16 22:45:00,,,,0,0,0,0,0,0,na,na
gdelt_313f6308,zh-cn,15℃开跑 20℃完赛 ！ 清凉  六马  激情十年 - 新华网,2025-07-21 17:30:00,2025-07-21 17:30:00,2025-07-01 00:00:00,,,,0,0,0,0,0,0,na,na
gdelt_317da6b2,en,Danish PM says Greenland showdown at  decisive moment  after new Trump threats,2026-01-12 04:45:00,2026-01-12 04:45:00,2026-01-12 04:45:00,,,,0,0,0,0,0,0,na,na
gdelt_31cd9d63,pt,Pelo menos 35 pessoas morrem em naufrágio no Vietnã – DW – 20 / 07 / 2025,2025-07-20 19:15:00,2025-07-20 19:15:00,2025-07-20 00:00:00,2025-01-01 00:00:00,year,20 / 07 / 2025,1,1,1,1,1,1,tie,tie
gdelt_31fdc13c,en,Jay Vine wins Tour Down Under after two kangaroos cause mass crash,2026-01-26 11:15:00,2026-01-26 11:15:00,2026-01-26 11:15:00,,,,0,0,0,0,0,0,na,na
gdelt_3203d2e0,hr,Intel neće graditi tvornice u Njemačkoj – DW – 28 . 07 . 2025,2025-07-28 20:30:00,2025-07-28 20:30:00,2025-07-28 00:00:00,2025-01-01 00:00:00,year,2025,1,1,1,1,1,1,tie,tie
gdelt_322d7a38,es,"Joao Maldonado , el opositor nicaragüense que sobrevivió a 13 balazos en Costa Rica ( y otros casos que apuntan a presuntas operaciones contra disidentes en el exterior ) ",2025-07-14 22:45:00,2025-07-14 22:45:00,2025-07-01 00:00:00,,,,0,0,0,0,0,0,na,na
gdelt_323ce9f1,ur,پیروکاروں کے  نجی لمحات کی ویڈیوز ریکارڈ کر کے اُن سے نازیبا حرکات  کروانے والا خودساختہ مذہبی پیشوا گرفتار,2025-07-03 18:15:00,2025-07-03 18:15:00,2025-07-03 18:15:00,,,,0,0,0,0,0,0,na,na
gdelt_3253eca0,en,  The first time sci - fi was presented as serious drama : The forgotten 1960s show that was the original Black Mirror,2025-10-15 19:30:00,2025-10-15 18:57:20,2025-10-15 18:57:20,2025-01-01 00:00:00,year,1960s,1,1,1,1,1,1,tie,tie
gdelt_32976a4a,en,"Thai and Cambodian leaders have agreed to renew a ceasefire after days of deadly clashes , Trump says",2025-12-13 03:00:00,2025-12-13 03:00:00,2025-12-13 03:00:00,,,,0,0,0,0,0,0,na,na
gdelt_32ae287f,en,Davey vows to fix communities at Lib Dem election campaign launch,2026-03-25 01:30:00,2026-03-25 01:30:00,2026-03-25 01:30:00,,,,0,0,0,0,0,0,na,na
gdelt_32ae9f44,zh-cn,经典芭蕾舞剧 《 红色娘子军 》 海南驻场第三轮演出将于11月启幕 - 新华网,2025-09-29 17:15:00,2025-09-29 17:15:00,2025-11-01 00:00:00,2025-11-01 00:00:00,month,11月,1,1,0,1,0,1,v2_better,v2_better
gdelt_32f89068,es,Comienza en ONU conferencia para la solución de dos estados – DW – 28 / 07 / 2025,2025-07-29 00:30:00,2025-07-29 00:30:00,2025-07-28 00:00:00,2025-01-01 00:00:00,year,28 / 07 / 2025,1,1,1,1,1,1,tie,tie
gdelt_33052f50,en,"Tropical Storm Melissa takes aim at Caribbean , islands on alert",2025-10-23 15:00:00,2025-10-23 15:00:00,2025-10-23 15:00:00,,,,0,0,0,0,0,0,na,na
gdelt_33be4fd2,zh-cn,2025第三届中国海洋装备博览会闭幕 落实交易签约金额493亿元 - 新华网,2025-10-19 21:45:00,2025-10-19 21:45:00,2025-10-19 00:00:00,2025-01-01 00:00:00,year,2025,1,1,1,1,1,1,tie,tie
gdelt_33f14eed,en,Bad Bunny e Billie Eilish criticam o ICE ao receber o Grammy,2026-02-02 21:15:00,2026-02-02 21:15:00,2026-02-02 21:15:00,,,,0,0,0,0,0,0,na,na
gdelt_33f2f24a,en,"After three wins over Thunder , Spurs might already be the best team in the NBA",2025-12-26 21:00:00,2025-12-26 21:00:00,2025-12-26 21:00:00,,,,0,0,0,0,0,0,na,na
gdelt_342d7b8c,ko,国开新型政策性金融工具投放近1900亿元 - 新华网,2025-10-21 11:30:00,2025-10-21 11:30:00,2025-10-21 11:30:00,,,,0,0,0,0,0,0,na,na
gdelt_34798010,bg,Лидер ССВ : Импорт газа из РФ в обмен на перемирие в Украине – DW – 07 . 12 . 2025,2025-12-07 23:15:00,2025-12-07 23:15:00,2025-12-07 00:00:00,2025-01-01 00:00:00,year,2025,1,1,1,1,1,1,tie,tie
gdelt_347d7245,en,"Weekly Student News Quiz : Elections , Shutdown , Slang",2025-11-11 09:30:00,2025-11-11 09:30:00,2025-11-11 09:30:00,,,,0,0,0,0,0,0,na,na
gdelt_3484fd2d,en,Pro - Palestine activist on hunger strike says he will begin refusing water,2026-01-22 19:00:00,2026-01-22 19:00:00,2026-01-22 19:00:00,,,,0,0,0,0,0,0,na,na
gdelt_34c8f714,pt,STF limita pagamento de  penduricalhos  para juízes e MP,2026-03-26 19:30:00,2026-03-26 19:30:00,2026-03-26 19:30:00,,,,0,0,0,0,0,0,na,na
gdelt_34e8bde2,uk,Німеччина про  шолом пам  яті : Україні слід послухати МОК,2026-02-11 22:30:00,2026-02-11 22:30:00,2026-02-11 22:30:00,,,,0,0,0,0,0,0,na,na
gdelt_3547ff15,en,A let off or tougher than it looks ? What the Google monopoly ruling means,2025-09-03 16:00:00,2025-09-03 16:00:00,2025-09-03 16:00:00,,,,0,0,0,0,0,0,na,na
gdelt_35822b1f,fr,Le Danemark annonce des investissements record dans le secteur spatial pour renforcer lautonomie de lEurope - Xinhua,2025-10-21 12:15:00,2025-10-21 12:15:00,2025-10-21 12:15:00,,,,0,0,0,0,0,0,na,na
gdelt_3612dacf,uk,"Зеленський : Важливі дні , багато може змінитися – DW – 30 . 11 . 2025",2025-12-01 03:00:00,2025-12-01 03:00:00,2025-11-30 00:00:00,2025-01-01 00:00:00,year,2025,1,1,1,1,1,1,tie,tie
gdelt_36c9664b,it,Potato Leek Gratin Recipe,2025-11-21 20:15:00,2025-11-21 20:15:00,2025-11-21 20:15:00,,,,0,0,0,0,0,0,na,na
gdelt_36e0a5c2,en,Moment bright light trail streaks across New Zealand skyline,2026-02-01 16:45:00,2026-02-01 16:45:00,2026-02-01 16:45:00,,,,0,0,0,0,0,0,na,na
gdelt_37196dd3,mk,Трамп ја разреши спорната министерка за внатрешна безбедност,2026-03-06 17:45:00,2026-03-06 17:45:00,2026-03-06 17:45:00,,,,0,0,0,0,0,0,na,na
gdelt_377a2faf,en,Crime author AA Dhand backs search for new screenwriters in Bradford,2026-02-11 23:45:00,2026-02-11 23:45:00,2026-02-11 23:45:00,,,,0,0,0,0,0,0,na,na
gdelt_3794ad59,tr,"12 Dev Adam  geri döndü : EuroBasket 2025 , Türk basketboluna ivme katabilir mi ? ",2025-09-16 05:00:00,2025-09-16 05:00:00,2025-09-16 00:00:00,2025-01-01 00:00:00,year,2025,1,1,1,1,1,1,tie,tie
gdelt_37a1d2bf,en,LIVE : Israel attacks on Gaza kill dozens as hunger - related deaths rise | Israel - Palestine conflict News,2025-08-02 22:30:00,2025-08-02 22:30:00,2025-08-02 22:30:00,,,,0,0,0,0,0,0,na,na
gdelt_38487a9f,ko,北方冷意加深南方频刷气温新低 台风  风神  将影响华南沿海 - 新华网,2025-10-19 16:00:00,2025-10-19 16:00:00,2025-10-19 16:00:00,,,,0,0,0,0,0,0,na,na
gdelt_38a5dc92,en,Climber with hypothermia airlifted off Glencoe mountain gets bus home,2026-01-08 22:00:00,2026-01-08 22:00:00,2026-01-08 22:00:00,,,,0,0,0,0,0,0,na,na
gdelt_38cceaa0,da,PM Wong to deliver 2026 Budget Statement on Feb 12,2025-12-29 11:00:00,2025-12-29 11:00:00,2026-02-12 00:00:00,2026-01-01 00:00:00,year,2026,1,1,0,1,0,1,v2_better,v2_better
gdelt_3927e786,en,Trump says US will  obliterate  Iran power plants if Strait of Hormuz not open before 48 - hour deadline,2026-03-22 14:15:00,2048-03-22 00:00:00,2026-03-01 00:00:00,,,,0,0,0,0,0,0,na,na
gdelt_3934e65c,en,"Committee of Supply 2026 debate , Day 3 : Lee Hui Ying on reigniting love for mother tongues",2026-03-02 22:15:00,2026-03-02 22:15:00,2026-03-02 00:00:00,2026-01-01 00:00:00,year,2026,1,1,1,1,1,1,tie,tie
gdelt_395e427f,nl,"Iran Khamenei rejects US nuclear demand , vows to keep enriching uranium",2025-06-04 15:45:00,2025-06-04 15:45:00,2025-06-04 15:45:00,,,,0,0,0,0,0,0,na,na
gdelt_3980a3cb,en,Women Pro Baseball League to play inaugural 2026 season at neutral Illinois venue,2025-11-18 01:00:00,2026-11-18 00:00:00,2026-01-01 00:00:00,2026-01-01 00:00:00,year,2026,1,1,1,1,1,1,tie,tie
gdelt_3a2e76f9,ur,جڑواں بھائی ، دہرا قتل اور ایک جیسا ڈی این اے : وہ پیچیدہ مقدمہ جس میں قاتل کی شناخت معمہ بن گئی,2026-02-09 16:00:00,2026-02-09 16:00:00,2026-02-09 16:00:00,,,,0,0,0,0,0,0,na,na
gdelt_3a7b4fb8,en,Uefa fears impact of new Premier League spending rules,2026-03-10 19:00:00,2026-03-10 19:00:00,2026-03-10 19:00:00,,,,0,0,0,0,0,0,na,na
gdelt_3a834087,uk,"Чоловік надіслав родині посилку з вибухівкою : дружина загинула , діти – поранені",2026-03-25 02:45:00,2026-03-25 02:45:00,2026-03-25 02:45:00,,,,0,0,0,0,0,0,na,na
gdelt_3a9859ba,pt,"As mensagens de Vorcaro com o poder : Ciro Nogueira , Lula e outros citados",2026-03-06 08:45:00,2026-03-06 08:45:00,2026-03-06 08:45:00,,,,0,0,0,0,0,0,na,na
gdelt_3ab5c5f7,en,LIVE : Israel kills more Palestinians in Gaza as US peace plan given to UN | Israel - Palestine conflict News,2025-11-06 15:00:00,2025-11-06 15:00:00,2025-11-06 15:00:00,,,,0,0,0,0,0,0,na,na
gdelt_3ac682c6,pt,Trump diz que Israel aceitou cessar - fogo de 60 dias em Gaza – DW – 02 / 07 / 2025,2025-07-02 18:15:00,2025-07-02 18:15:00,2025-07-02 00:00:00,2025-01-01 00:00:00,year,02 / 07 / 2025,1,1,1,1,1,1,tie,tie
gdelt_3b26453f,es,  Descartada  acción militar de EE . UU . en México,2026-01-13 01:15:00,2026-01-13 01:15:00,2026-01-13 01:15:00,,,,0,0,0,0,0,0,na,na
gdelt_3b4cfc4b,en,"Bears , 49ers clinch playoff spots after Lions lose to Steelers",2025-12-22 10:15:00,2025-12-22 10:15:00,2025-12-22 10:15:00,,,,0,0,0,0,0,0,na,na
gdelt_3b4ec7d1,de,US - Marken jetzt  Made in Germany ? – DW – 08 . 09 . 2025,2025-09-08 20:45:00,2025-09-08 20:45:00,2025-09-08 00:00:00,2025-01-01 00:00:00,year,2025,1,1,1,1,1,1,tie,tie
gdelt_3c7e73da,es,Especial : Capital de Ecuador celebra fiestas de fundación con desfiles y actividades culturales,2025-11-24 12:45:00,2025-11-24 12:45:00,2025-11-24 12:45:00,,,,0,0,0,0,0,0,na,na
gdelt_3cb4bc01,en,Last call : Jetstar Asia final flight from Singapore departs,2025-08-01 16:30:00,2025-08-01 16:30:00,2025-08-01 16:30:00,,,,0,0,0,0,0,0,na,na
gdelt_3ce20599,en,PM Lawrence Wong 2025 National Day Message to Singaporeans,2025-08-08 19:15:00,2025-08-08 00:00:00,2025-08-08 00:00:00,2025-01-01 00:00:00,year,2025,1,1,1,1,1,1,tie,tie
gdelt_3d005e31,ru,FT : Зеленский 24 февраля объявит о выборах и референдуме,2026-02-11 18:30:00,2026-02-11 18:30:00,2024-02-01 00:00:00,,,,0,0,0,0,0,0,na,na
gdelt_3d500056,en,CNA Special - The Albatross File ( Part 1 ): Why Singapore merger with Malaysia failed,2025-12-09 08:15:00,2025-12-09 08:15:00,2025-12-09 08:15:00,,,,0,0,0,0,0,0,na,na
gdelt_3d617385,en,Malaysia Defence Ministry orders probe into viral allegations of unauthorised entry and  immoral activitie at military camps,2026-01-05 18:00:00,2026-01-05 18:00:00,2026-01-05 18:00:00,,,,0,0,0,0,0,0,na,na
gdelt_3db08d97,en,"Contact lost with jet carrying Libyan army chief over Ankara , Turkiye says",2025-12-24 04:15:00,2025-12-24 04:15:00,2025-12-24 04:15:00,,,,0,0,0,0,0,0,na,na
gdelt_3dde9241,zh-cn,南非总统 ： 停火协议无碍南非诉以色列种族灭绝 - 新华网,2025-10-15 13:30:00,2025-10-15 13:30:00,2025-10-15 13:30:00,,,,0,0,0,0,0,0,na,na
gdelt_3e0c20bb,ru,Як набрати людей до Бундесверу ? Що радять експерти – DW – 10 . 11 . 2025,2025-11-11 03:30:00,2025-11-11 03:30:00,2025-11-10 00:00:00,2025-01-01 00:00:00,year,2025,1,1,1,1,1,1,tie,tie
gdelt_3e268ba7,ur,مولای ادریس : مراکش کا  مقدس  قصبہ جس کے کچھ حصوں میں آج بھی غیرمسلموں کا داخلہ ممنوع ہے,2025-08-11 17:45:00,2025-08-11 17:45:00,2025-08-11 17:45:00,,,,0,0,0,0,0,0,na,na
gdelt_3e6593f5,en,  Call of Duty  co - creator Vince Zampella killed in car crash,2025-12-23 08:15:00,2025-12-23 08:15:00,2025-12-23 08:15:00,,,,0,0,0,0,0,0,na,na
gdelt_3e7df7f4,en,"Trump rules out using force to take over Greenland , calls for negotiations",2026-01-22 05:30:00,2026-01-22 05:30:00,2026-01-22 05:30:00,,,,0,0,0,0,0,0,na,na
gdelt_3e8b2981,en,"Man who dated his boss awarded S$82 , 000 in unpaid salary in wrongful termination suit",2025-09-08 16:00:00,1982-09-08 00:00:00,2025-09-08 16:00:00,,,,0,0,0,0,0,0,na,na
gdelt_3ea120ea,en,Former actor Edmund Chen to appeal against jail term for traffic offence,2026-02-02 18:15:00,2026-02-02 18:15:00,2026-02-02 18:15:00,,,,0,0,0,0,0,0,na,na
gdelt_3eed8786,en,Penguins return home with a thud vs . Wild as injuries may be taking a toll,2025-11-22 22:45:00,2025-11-22 22:45:00,2025-11-22 22:45:00,,,,0,0,0,0,0,0,na,na
gdelt_3f2787c4,en,"Energy prices soar , Iran and US trade threats after Qatar gas hit",2026-03-19 22:15:00,2026-03-19 22:15:00,2026-03-19 22:15:00,,,,0,0,0,0,0,0,na,na
gdelt_3fa98a73,ta,முகப்பு - BBC News தமிழ்,2025-11-24 23:15:00,2025-11-24 23:15:00,2025-11-24 23:15:00,,,,0,0,0,0,0,0,na,na
gdelt_3faf3888,ru,Известный немецкий дирижер получил в Кремле орден Дружбы – DW – 05 . 11 . 2025,2025-11-05 22:00:00,2025-11-05 22:00:00,2025-11-05 00:00:00,2025-01-01 00:00:00,year,2025,1,1,1,1,1,1,tie,tie
gdelt_3fbcc13a,en,South Korea arrests North Korean soldier for crossing fortified border,2025-10-19 21:00:00,2025-10-19 21:00:00,2025-10-19 21:00:00,,,,0,0,0,0,0,0,na,na
gdelt_3fbf6d47,en,"At least 19 killed in Nepal protests over social media ban , corruption",2025-09-08 23:00:00,2025-09-08 23:00:00,2025-09-08 23:00:00,,,,0,0,0,0,0,0,na,na
gdelt_3fd83114,vi,  Nỗi sợ trên đường phố : người Venezuela trước tương lai bất định,2026-01-08 17:45:00,2026-01-08 17:45:00,2026-01-08 17:45:00,,,,0,0,0,0,0,0,na,na
gdelt_3fecd544,ko,我国285家仲裁委员会累计办理仲裁案件500多万件 - 新华网,2025-09-30 11:15:00,2025-09-30 11:15:00,2025-09-30 11:15:00,,,,0,0,0,0,0,0,na,na
gdelt_400c9f41,en,"  Serial predator  targeting schoolgirls online by posing as teen gets jail , caning for rape",2025-09-29 17:00:00,2025-09-29 17:00:00,2025-09-29 17:00:00,,,,0,0,0,0,0,0,na,na
gdelt_40184ddb,en,Man appears in court charged with murder of Laine Williams in Cefn Fforest,2025-11-18 00:15:00,2025-11-18 00:15:00,2025-11-18 00:15:00,,,,0,0,0,0,0,0,na,na
gdelt_406955a3,en,Deep Dive - Bullying in schools : What behind some of this brutal behaviour ? ,2025-11-11 06:15:00,2025-11-11 06:15:00,2025-11-11 06:15:00,,,,0,0,0,0,0,0,na,na
gdelt_40704f0d,zh-cn,三亚首单肉类加工增值内销免关税业务落地 - 新华网,2025-07-06 09:30:00,2025-07-06 09:30:00,2025-07-06 09:30:00,,,,0,0,0,0,0,0,na,na
gdelt_40bf5ae9,sw,Putin :  Tunashinda vita vya haki  nchini Ukraine – DW – 30 . 09 . 2025,2025-09-30 13:00:00,2025-09-30 00:00:00,2025-09-30 00:00:00,2025-01-01 00:00:00,year,2025,1,1,1,1,1,1,tie,tie
gdelt_40db2d1b,pt,Kast : quem é o aliado de Bolsonaro que foi eleito presidente do Chile,2025-12-17 04:30:00,2025-12-17 04:30:00,2025-12-01 00:00:00,,,,0,0,0,0,0,0,na,na
gdelt_4109df5d,en,Top Indonesian financial regulators quit after US$80 billion market meltdown,2026-01-30 22:45:00,2026-01-30 22:45:00,2026-01-30 22:45:00,,,,0,0,0,0,0,0,na,na
gdelt_4144835c,ja,中国国産自動車部品を積んだ 「 中欧班列 」、 黒竜江省ハルビンを出発,2025-12-21 10:30:00,2025-12-21 10:30:00,2025-12-21 10:30:00,,,,0,0,0,0,0,0,na,na
gdelt_41457d12,en,"UK , US and allies accuse Iran of cross - border assassination plots",2025-08-01 02:00:00,2025-08-01 02:00:00,2025-08-01 02:00:00,,,,0,0,0,0,0,0,na,na
gdelt_4195bc98,zh-cn, 《 澄迈县城市更新专项规划 （ 2025 - 2035年 ）》 发布 - 新华网,2026-03-23 09:00:00,2035-03-23 00:00:00,2025-12-31 00:00:00,2035-01-01 00:00:00,year,2035年,1,1,1,0,1,0,v1_better,v1_better
gdelt_41b5f22d,en,Thousands protest in Philippines against flood control fraud,2025-11-30 14:15:00,2025-11-30 14:15:00,2025-11-30 14:15:00,,,,0,0,0,0,0,0,na,na
gdelt_4264c2c9,fr,La Chine souhaite la stabilité en Iran ( porte - parole ) - Xinhua,2026-01-12 17:45:00,2026-01-12 17:45:00,2026-01-12 17:45:00,,,,0,0,0,0,0,0,na,na
gdelt_42bf6dd9,zh-cn,扫毒行动打死毒枭 墨西哥多地爆发骚乱 - 新华网,2026-02-23 20:45:00,2026-02-23 20:45:00,2026-02-23 20:45:00,,,,0,0,0,0,0,0,na,na
gdelt_43158bd9,zh-cn,新华视点｜沙县小吃的跃升之路 - 新华网,2026-01-19 00:30:00,2026-01-19 00:30:00,2026-01-19 00:30:00,,,,0,0,0,0,0,0,na,na
gdelt_43260402,en,Macron state visit to begin in Windsor palace gets repaired,2025-07-08 07:45:00,2025-07-08 07:45:00,2025-07-08 07:45:00,,,,0,0,0,0,0,0,na,na
gdelt_43318918,da,Grieving dad makes plea after Bedford killer driver jailed,2025-10-19 16:45:00,2025-10-19 16:45:00,2025-10-19 16:45:00,,,,0,0,0,0,0,0,na,na
gdelt_43b8c31d,en,"Russia - Ukraine war : List of key events , day 1 , 196",2025-06-04 09:45:00,2025-06-04 09:45:00,2025-06-04 09:45:00,,,,0,0,0,0,0,0,na,na
gdelt_43f5b46f,ko,云南省交通部门全力筑牢汛期安全防线 _ 新华网,2025-07-04 13:15:00,2025-07-04 13:15:00,2025-07-04 13:15:00,,,,0,0,0,0,0,0,na,na
gdelt_44eb3f89,en,"Father  finally home , says daughter of dead hostage returned to Israel",2025-10-19 17:30:00,2025-10-19 17:30:00,2025-10-19 17:30:00,,,,0,0,0,0,0,0,na,na
gdelt_451f455d,de,"US seizes Olina tanker in Caribbean , fifth vessel taken in Venezuela blockade",2026-01-10 01:15:00,2026-01-10 01:15:00,2026-01-10 01:15:00,,,,0,0,0,0,0,0,na,na
gdelt_454eccd9,ru,Сирийская криминальная семья из Штутгарта покинула Германию – DW – 21 . 10 . 2025,2025-10-21 13:00:00,2025-10-21 13:00:00,2025-10-21 00:00:00,2025-01-01 00:00:00,year,2025,1,1,1,1,1,1,tie,tie
gdelt_457faaaa,ko,"中 허베이 , 올림픽 시설 활용해  빙설 경제  박차 ... 산업 클러스터 생산액 3조원 넘어 - Xinhua",2025-12-14 10:00:00,2025-12-14 10:00:00,2025-12-14 10:00:00,,,,0,0,0,0,0,0,na,na
gdelt_45e987e5,zh-cn,既能  补  山体 ， 还能  榨  硫酸 133万吨磷石膏  零浪费 - 新华网,2025-09-22 14:45:00,2025-09-22 14:45:00,2025-09-22 14:45:00,,,,0,0,0,0,0,0,na,na
gdelt_462e9810,en,West Sussex boy wants to  enjoy life  after losing legs to sepsis,2025-07-28 14:00:00,2025-07-28 14:00:00,2025-07-28 14:00:00,,,,0,0,0,0,0,0,na,na
gdelt_46671182,es,Londres anuncia visita de Estado de Trump en Septiembre – DW – 14 / 07 / 2025,2025-07-14 09:00:00,2025-07-14 09:00:00,2025-07-14 00:00:00,2025-01-01 00:00:00,year,14 / 07 / 2025,1,1,1,1,1,1,tie,tie
gdelt_466bdffa,ur,  خدا سے بات  کے لیے اے آئی کا استعمال :  اپنے عمل پر توجہ دو اور نتیجے کی فکر چھوڑ دو  ,2025-10-21 20:15:00,2025-10-21 20:15:00,2025-10-21 20:15:00,,,,0,0,0,0,0,0,na,na
gdelt_46a3f315,en,Trump White House probes Harvard University scholar exchange programme | Donald Trump News,2025-07-24 04:00:00,2025-07-24 04:00:00,2025-07-24 04:00:00,,,,0,0,0,0,0,0,na,na
gdelt_46a7299d,en,LIVE : Israel attacks on Gaza kill 93 since beginning of ceasefire | Israel - Palestine conflict News,2025-10-25 22:45:00,2025-10-25 22:45:00,2025-10-25 22:45:00,,,,0,0,0,0,0,0,na,na
gdelt_46c367c6,uk,ВМС України знищили російський Ка - 27 над Чорним морем,2026-03-05 23:45:00,2026-03-05 23:45:00,2026-03-05 23:45:00,,,,0,0,0,0,0,0,na,na
gdelt_470c7f78,en,Government admits adoption system  needs to improve  after BBC investigation highlights failures,2026-03-18 15:00:00,2026-03-18 15:00:00,2026-03-18 15:00:00,,,,0,0,0,0,0,0,na,na
gdelt_470ebb28,zh-cn,遵义会议纪念馆单日接待近7万人次 - 新华网,2025-08-13 23:00:00,2025-08-13 23:00:00,2025-08-13 23:00:00,,,,0,0,0,0,0,0,na,na
gdelt_473d93db,es,Rusia declara  extremista  al grupo de punk Pussy Riot – DW – 15 / 12 / 2025,2025-12-15 21:15:00,2025-12-15 21:15:00,2025-12-15 00:00:00,2025-01-01 00:00:00,year,15 / 12 / 2025,1,1,1,1,1,1,tie,tie
gdelt_47d8f7c9,zh-cn,美国纽约州要求社交媒体强化警示青少年功能 - 新华网,2025-12-28 19:15:00,2025-12-28 19:15:00,2025-12-01 00:00:00,,,,0,0,0,0,0,0,na,na
gdelt_4828c5ee,zh-cn,兰洽会庆阳市签约62个项目 - 新华网,2025-07-06 14:45:00,2025-07-06 14:45:00,2025-07-06 14:45:00,,,,0,0,0,0,0,0,na,na
gdelt_489d1af6,ne,दलाई लामा का ट्रस्ट तय करेगा उनका उत्तराधिकारी – DW – 02 . 07 . 2025,2025-07-02 14:45:00,2025-07-02 14:45:00,2025-07-02 00:00:00,2025-01-01 00:00:00,year,2025,1,1,1,1,1,1,tie,tie
gdelt_48bb49fe,fr,"Chine : création de 6 , 95 millions demplois urbains au premier semestre , 58 % de son objectif annuel atteint - Xinhua",2025-07-22 16:15:00,2025-07-22 16:15:00,2025-07-22 16:15:00,,,,0,0,0,0,0,0,na,na
gdelt_48e0e26a,en,LIVE : Israel kills 84 Palestinians in war - devastated Gaza strikes | Israel - Palestine conflict News,2025-09-25 01:00:00,2025-09-25 01:00:00,2025-09-25 01:00:00,,,,0,0,0,0,0,0,na,na
gdelt_492c70b5,es,Comentario : Se necesitan esfuerzos conjuntos para garantizar estabilidad y sostenibilidad de los vínculos económicos China - EE . UU . ,2026-03-15 20:00:00,2026-03-15 20:00:00,2026-03-15 20:00:00,,,,0,0,0,0,0,0,na,na
gdelt_49ea1808,en,US Supreme Court to review gun restrictions for illegal drug users,2025-10-21 02:45:00,2025-10-21 02:45:00,2025-10-21 02:45:00,,,,0,0,0,0,0,0,na,na
gdelt_4ac47b4f,zh-cn,投贷保联动支持科技企业成长 - 新华网,2025-06-10 12:00:00,2025-06-10 12:00:00,2025-06-10 12:00:00,,,,0,0,0,0,0,0,na,na
gdelt_4acc7be8,ko, 《 科学 》 杂志发表我国科研新成果 为精准医学提供新工具 - 新华网,2026-01-02 21:45:00,2026-01-02 21:45:00,2026-01-02 21:45:00,,,,0,0,0,0,0,0,na,na
gdelt_4ad82293,zh-cn,  我是厨神  美食嘉年华在南京开幕 _ 新华网江苏频道,2026-02-01 11:30:00,2026-02-01 11:30:00,2026-02-01 00:00:00,,,,0,0,0,0,0,0,na,na
gdelt_4b06abf0,fr,Le Parlement européen reporte lapprobation de laccord commercial UE - Etats - Unis après les menaces tarifaires de Trump liées au Groenland - Xinhua,2026-01-22 08:30:00,2026-01-22 08:30:00,2026-01-22 08:30:00,,,,0,0,0,0,0,0,na,na
gdelt_4b09a0a1,es,General israelí : línea de repliegue en Gaza es la frontera – DW – 07 / 12 / 2025,2025-12-08 06:45:00,2025-12-08 06:45:00,2025-12-07 00:00:00,2025-01-01 00:00:00,year,07 / 12 / 2025,1,1,1,1,1,1,tie,tie
gdelt_4b3e1409,nl,Howard Sapers | Al Jazeera,2026-03-23 01:15:00,2026-03-23 01:15:00,2026-03-19 00:00:00,,,,0,0,0,0,0,0,na,na
gdelt_4b7bb8eb,en,LIVE : Syria army leads fierce battle with SDF in Aleppo neighbourhoods | Armed Groups News,2026-01-09 05:00:00,2026-01-09 05:00:00,2026-01-09 05:00:00,,,,0,0,0,0,0,0,na,na
gdelt_4b8329aa,en,Councils blame rising costs for drop in swimming pool temperatures,2025-08-13 15:45:00,2025-08-13 15:45:00,2025-08-13 15:45:00,,,,0,0,0,0,0,0,na,na
gdelt_4b95d9ec,en,"Trump hits Russia , backs Israel in wide - ranging UN speech",2025-09-24 08:30:00,2025-09-24 08:30:00,2025-09-24 08:30:00,,,,0,0,0,0,0,0,na,na
gdelt_4ba1ede8,sw,Msaada wa Ulaya barani Afrika haujafikia lengo lake – DW – 20 . 11 . 2025,2025-11-20 19:00:00,2025-11-20 00:00:00,2025-11-20 00:00:00,2025-01-01 00:00:00,year,2025,1,1,1,1,1,1,tie,tie
gdelt_4ba40de6,en,Black pepper and olive oil : The ingredients that super - charge the nutrients you get from food,2026-01-19 22:00:00,2026-01-19 22:00:00,2026-01-19 22:00:00,,,,0,0,0,0,0,0,na,na
gdelt_4bba33fe,fr,La République de Corée réaffirme sa souveraineté sur les îlots Dokdo contre une récente revendication de la PM japonaise - Xinhua,2025-12-10 10:15:00,2025-12-10 10:15:00,2025-12-06 00:00:00,,,,0,0,0,0,0,0,na,na
gdelt_4c011cba,en,Streeting rules out VAT on private healthcare,2025-09-30 17:00:00,2025-09-30 17:00:00,2025-09-30 17:00:00,,,,0,0,0,0,0,0,na,na
gdelt_4c19b7c1,en,Investigators find black boxes from crashed Russia plane,2025-07-26 03:45:00,2025-07-26 03:45:00,2025-07-26 03:45:00,,,,0,0,0,0,0,0,na,na
gdelt_4c73f17a,zh-cn,2025年六五环境日河北省主场活动在邯郸举办 - 新华网河北频道 - 新华网,2025-06-04 14:15:00,2025-06-04 00:00:00,2025-06-04 00:00:00,2025-01-01 00:00:00,year,2025年,1,1,1,1,1,1,tie,tie
gdelt_4c9c1e09,fa,بحران کم‌آبی در ایران ؛ « تا ۱۰ روز آینده باران نمی‌بارد » ,2025-11-09 22:00:00,2025-11-09 22:00:00,2025-10-30 22:00:00,,,,0,0,0,0,0,0,na,na
gdelt_4cb7a9b9,bg,След руски плен :  Мразя руснаците с цялото си сърце  – DW – 19 . 06 . 2025,2025-07-20 19:30:00,2025-07-20 19:30:00,2025-06-19 00:00:00,2025-01-01 00:00:00,year,2025,1,1,1,1,1,1,tie,tie
gdelt_4cbacec1,en,"Thinking Machines Lab co - founder Tulloch departs for Meta , WSJ reports",2025-10-12 14:45:00,2025-10-12 14:45:00,2025-10-12 14:45:00,,,,0,0,0,0,0,0,na,na
gdelt_4cbe103f,id,Myanmar junta says demolishing 150 scam hub buildings,2025-11-09 18:30:00,2025-11-09 18:30:00,2025-11-09 18:30:00,,,,0,0,0,0,0,0,na,na
gdelt_4cc693b9,et,"Trump kupokelewa kishujaa Israel , kuhutubia Knesset – DW – 13 . 10 . 2025",2025-10-13 11:30:00,2025-10-13 11:30:00,2025-10-13 00:00:00,2025-01-01 00:00:00,year,2025,1,1,1,1,1,1,tie,tie
gdelt_4d2b3e55,en,F1 mailbag : How concerned should McLaren drivers be about Max Verstappen ? ,2025-09-24 19:30:00,2025-09-24 19:30:00,2025-09-24 19:30:00,,,,0,0,0,0,0,0,na,na
gdelt_4d4631ec,sw,"Ujerumani , nchi zingine zaadhimisha Siku ya Wanawake Duniani",2026-03-09 01:00:00,2026-03-09 01:00:00,2026-03-09 01:00:00,,,,0,0,0,0,0,0,na,na
gdelt_4dee7b0e,ru,Cаммит ШОС принял итоговую декларацию без упоминания Украины – DW – 01 . 09 . 2025,2025-09-02 01:30:00,2025-09-02 01:30:00,2025-09-01 00:00:00,2025-01-01 00:00:00,year,2025,1,1,1,1,1,1,tie,tie
gdelt_4e46dfb6,zh-cn,新华时评 · 树立和践行正确政绩观丨  骂声  何尝不是改进工作的鞭策声 - 新华网,2026-03-24 10:00:00,2026-03-24 10:00:00,2026-03-24 10:00:00,,,,0,0,0,0,0,0,na,na
gdelt_4e6f4605,pl,Karol Nawrocki wygrał wybory prezydenckie – DW – 02 . 06 . 2025,2025-06-02 14:30:00,2025-06-02 14:30:00,2025-06-02 00:00:00,2025-01-01 00:00:00,year,2025,1,1,1,1,1,1,tie,tie
gdelt_4e86e2bb,en,Palestinians see  new Nakba  in West Bank villages as demolitions return | Israel - Palestine conflict,2025-10-15 04:45:00,2025-10-15 04:45:00,2025-10-15 04:45:00,,,,0,0,0,0,0,0,na,na
gdelt_4edbe5f3,en,US plans to ask visitors to share 5 years of social media history to enter,2025-12-11 10:15:00,2020-12-11 10:15:00,2025-12-11 10:15:00,,,,0,0,0,0,0,0,na,na
gdelt_4f2b4942,en,China names new Central Military Commission vice chair amid ruling elite biggest shake - up in 8 years,2025-10-23 19:00:00,2017-10-23 19:00:00,2025-10-23 19:00:00,,,,0,0,0,0,0,0,na,na
gdelt_4f3d5b20,ca,"Alba financial difficulties due to fraud , leader claims",2026-02-23 19:30:00,2026-02-23 19:30:00,2026-02-19 00:00:00,,,,0,0,0,0,0,0,na,na
gdelt_4f556fe1,en,"What are prop bets , and what does the latest gambling scandal mean for regulation ? ",2025-10-25 05:15:00,2025-10-25 05:15:00,2025-10-25 05:15:00,,,,0,0,0,0,0,0,na,na
gdelt_4f66f84c,en,"Iran live news : Trump under fire from Democrats , Israel pounds Lebanon | Israel - Iran conflict News",2026-03-04 18:45:00,2026-03-04 18:45:00,2026-03-04 18:45:00,,,,0,0,0,0,0,0,na,na
gdelt_4f91e6f9,en,Canadian police say 10 dead in British Columbia Tumbler Ridge shooting | Gun Violence News,2026-02-11 12:15:00,2026-02-11 12:15:00,2026-02-11 12:15:00,,,,0,0,0,0,0,0,na,na
gdelt_4fe571cb,ru,ЕС обсуждает санкции против портов Грузии и Индонезии,2026-02-10 08:30:00,2026-02-10 08:30:00,2026-02-10 08:30:00,,,,0,0,0,0,0,0,na,na
gdelt_4ff849c4,es,"Coalición gobernante de Japón aseguraría mayoría de escaños en la Cámara Baja , según sondeo de NHK",2026-02-08 22:15:00,2026-02-08 22:15:00,2026-02-08 22:15:00,,,,0,0,0,0,0,0,na,na
gdelt_501fa085,en,Trump says US will send second aircraft carrier to Middle East  very soon  | Donald Trump News,2026-02-14 08:30:00,2026-02-14 08:30:00,2026-02-14 08:30:00,,,,0,0,0,0,0,0,na,na
gdelt_50aa093f,es,Balotaje en Portugal le da triunfo a la izquierda,2026-02-09 07:00:00,2026-02-09 07:00:00,2026-02-01 00:00:00,,,,0,0,0,0,0,0,na,na
gdelt_50fc4dbb,zh-cn,昆明卷烟厂曹剑成 ： 与机械设备对话的  技术能手 - 新华网,2025-06-03 21:45:00,2025-06-03 21:45:00,2025-06-03 21:45:00,,,,0,0,0,0,0,0,na,na
gdelt_51378c03,en,Indiana didnt just win with transfers it won with Hoosiers who stayed and came back,2026-01-22 20:15:00,2026-01-22 20:15:00,2026-01-22 20:15:00,,,,0,0,0,0,0,0,na,na
gdelt_5170dd65,en,"What Im hearing about the Oriole interest in Justin Verlander , and more MLB notes",2026-01-17 14:15:00,2026-01-17 14:15:00,2026-01-17 14:15:00,,,,0,0,0,0,0,0,na,na
gdelt_518035b0,zh-cn,浙江龙泉新晋2个省级人文乡村 - 新华网,2026-01-08 19:45:00,2026-01-08 19:45:00,2026-01-08 19:45:00,,,,0,0,0,0,0,0,na,na
gdelt_51ecc101,zh-cn,北京警方严打无人机  黑飞  查处案件51起 - 新华网,2025-10-15 12:45:00,2025-10-15 12:45:00,2025-10-15 12:45:00,,,,0,0,0,0,0,0,na,na
gdelt_521d841b,ko,福建顺昌 ： 高龄津贴  免申即享  暖人心 - 新华网,2026-03-24 13:00:00,2026-03-24 13:00:00,2026-03-24 13:00:00,,,,0,0,0,0,0,0,na,na
gdelt_52766576,vi,Ông Trump công bố thuế mới cho Việt Nam : 20 % là cao hay thấp ? ,2025-07-03 16:30:00,2025-07-03 16:30:00,2025-07-03 16:30:00,,,,0,0,0,0,0,0,na,na
gdelt_52aa2feb,zh-cn,哈尔滨打造夏季文旅新体验 - 新华网,2025-08-04 11:00:00,2025-08-04 11:00:00,2025-08-04 11:00:00,,,,0,0,0,0,0,0,na,na
gdelt_52d1e2b7,ko,"자판기에서 나오는 책 ... 中 홍콩 , 스마트 기술로 북 크로싱 열기  UP - Xinhua",2026-02-10 11:15:00,2026-02-10 11:15:00,2026-02-10 11:15:00,,,,0,0,0,0,0,0,na,na
gdelt_536146b1,en,Porth homes evacuated after sinkhole swallows road sweeper,2026-02-04 02:30:00,2026-02-04 02:30:00,2026-02-04 02:30:00,,,,0,0,0,0,0,0,na,na
gdelt_5387d4d8,en,Mediators propose framework for crucial Iran - US talks this week,2026-02-05 01:30:00,2026-02-05 01:30:00,2026-02-05 01:30:00,,,,0,0,0,0,0,0,na,na
gdelt_538e9aac,en,US dramatically escalates air strikes on Somalia under Trump this year,2025-12-17 23:00:00,2025-12-17 23:00:00,2025-12-17 23:00:00,2025-01-01 00:00:00,year,this year,1,1,1,1,1,1,tie,tie
gdelt_53adae2d,en,News analysis : Should the position of Leader of the Opposition be institutionalised ? ,2026-01-17 09:15:00,2026-01-17 09:15:00,2026-01-17 09:15:00,,,,0,0,0,0,0,0,na,na
gdelt_53cc1ac5,en,"Israeli raids in major occupied West Bank cities lead to arrests , injuries",2025-09-01 06:45:00,2025-09-01 06:45:00,2025-09-01 06:45:00,,,,0,0,0,0,0,0,na,na
gdelt_5414a0b3,en,Island near Portmeirion is for sale - but you may need waders to reach it,2026-02-10 08:45:00,2026-02-10 08:45:00,2026-02-10 08:45:00,,,,0,0,0,0,0,0,na,na
gdelt_544a59a0,ca,Kim Jong - un llega a Pekín para asistir a desfile militar – DW – 02 / 09 / 2025,2025-09-02 18:00:00,2025-09-02 18:00:00,2025-09-02 00:00:00,2025-01-01 00:00:00,year,02 / 09 / 2025,1,1,1,1,1,1,tie,tie
gdelt_546373a5,en,Sanctions are not a humane alternative to war,2025-11-12 21:45:00,2025-11-12 21:45:00,2025-11-12 21:45:00,,,,0,0,0,0,0,0,na,na
gdelt_548e9276,en,Madagascar Gen Z protests : President Andry Rajoelina appoints army general as PM,2025-10-07 18:30:00,2025-10-07 18:30:00,2025-10-07 18:30:00,,,,0,0,0,0,0,0,na,na
gdelt_54ce563a,en,British Grand Prix : Lewis Hamilton says Ferrari was  most difficult car Ive driven in these conditions  ,2025-07-07 09:45:00,2025-07-07 09:45:00,2025-07-07 09:45:00,,,,0,0,0,0,0,0,na,na
gdelt_54d4f275,en,Stormont set to back bid for Women World Cup matches in Belfast,2025-10-16 14:30:00,2025-10-16 14:30:00,2025-10-16 14:30:00,,,,0,0,0,0,0,0,na,na
gdelt_54eb63d5,zh-cn,浙江规上工业企业突破6万家 - 新华网,2025-09-07 10:15:00,2025-09-07 10:15:00,2025-09-07 10:15:00,,,,0,0,0,0,0,0,na,na
gdelt_55132474,en,Russia may gain more than lose from a US intervention in Venezuela,2025-12-29 20:30:00,2025-12-29 20:30:00,2025-12-29 20:30:00,,,,0,0,0,0,0,0,na,na
gdelt_55b3fc8a,zh-cn,美国再在委内瑞拉扣押一艘油轮 委 ： 严重国际海盗行为 – DW – 2025年12月21日,2025-12-22 00:15:00,2025-12-21 00:00:00,2025-12-21 00:00:00,2025-12-21 00:00:00,day,2025年12月21日,1,1,1,1,1,1,tie,tie
gdelt_55eceab1,de,Best Restaurants in NYC,2025-06-03 14:30:00,2025-06-03 14:30:00,2025-06-03 14:30:00,,,,0,0,0,0,0,0,na,na
gdelt_55fccf6c,no,Trump says not planning US strikes on Venezuela,2025-11-01 11:00:00,2025-11-01 11:00:00,2025-10-29 00:00:00,,,,0,0,0,0,0,0,na,na
gdelt_55ffcd9f,de,Weltpremiere : Mexikaner bestimmen die Richter des Landes – DW – 02 . 06 . 2025,2025-06-02 19:15:00,2025-06-02 19:15:00,2025-06-02 00:00:00,2025-01-01 00:00:00,year,2025,1,1,1,1,1,1,tie,tie
gdelt_563efb2a,en,Texas Ninth Congressional District Primary Election Results 2026,2026-03-04 03:15:00,2026-03-04 00:00:00,2026-03-04 00:00:00,2026-01-01 00:00:00,year,2026,1,1,1,1,1,1,tie,tie
gdelt_5641f47e,es,30 años de paz : Guatemala sigue en conflicto con el pasado – DW – 16 / 12 / 2025,2025-12-17 01:15:00,2025-12-17 01:15:00,2025-12-16 00:00:00,2025-01-01 00:00:00,year,16 / 12 / 2025,1,1,1,1,1,1,tie,tie
gdelt_5667d0f8,en,Burnley ? Detroit . Leeds ? Flamingo Land . Fulham ? Mongolia : The strange world of football travel tie - ins,2025-11-18 14:30:00,2025-11-18 14:30:00,2025-11-18 14:30:00,,,,0,0,0,0,0,0,na,na
gdelt_56f75417,tr,Yerleşimcilerin Filistinlileri Batı Şeriadan kovma planları,2025-08-12 11:30:00,2025-08-12 11:30:00,2025-08-12 11:30:00,,,,0,0,0,0,0,0,na,na
gdelt_57124ecc,en,Senior Russian diplomat says potential Putin - Trump summit is on the agenda,2025-11-22 22:00:00,2025-11-22 22:00:00,2025-11-22 22:00:00,,,,0,0,0,0,0,0,na,na
gdelt_5727187f,en,Rupert Murdoch seals deal passing control of media empire to eldest son,2025-09-09 12:45:00,2025-09-09 12:45:00,2025-09-09 12:45:00,,,,0,0,0,0,0,0,na,na
gdelt_577ed542,en,LIVE : Israel Gaza City occupation plan condemned as 4 more die of hunger | Israel - Palestine conflict News,2025-08-09 14:45:00,2025-08-09 14:45:00,2025-08-09 14:45:00,,,,0,0,0,0,0,0,na,na
gdelt_57ac0eaf,zh-cn,霍尔木兹海峡  锁喉  影响 ： 日韩面临危机 、 中国提前囤油 、 俄罗斯大赚一笔,2026-03-16 11:45:00,2026-03-16 11:45:00,2026-03-16 11:45:00,,,,0,0,0,0,0,0,na,na
gdelt_57afce3b,sw,"Mzozo kati ya Israel na Palestina : Kwanini mji wa Jerusalem ni mji mtakatifu kwa Waislamu , Wakristo na Wayahudi",2025-11-12 07:00:00,2025-11-12 07:00:00,2025-11-12 07:00:00,,,,0,0,0,0,0,0,na,na
gdelt_583c4b18,ko,GDP 3경원 육박 ... 글로벌 관점에서 바라본 2025년 中 경제 성과 - Xinhua,2026-02-09 16:00:00,2026-02-09 16:00:00,2026-02-09 16:00:00,,,,0,0,0,0,0,0,na,na
gdelt_584dfacc,en,"Jail , caning for man who cursed at NEA officers over discarded cigarette , tried to rob store wielding metal rod",2025-07-21 13:30:00,2025-07-21 13:30:00,2025-07-21 13:30:00,,,,0,0,0,0,0,0,na,na
gdelt_586fdb70,fa,صدها گروه‌ بشردوستانه از اسرائیل خواستند از « کمک‌ها به عنوان نوعی سلاح » در غزه استفاده نکند,2025-08-14 14:45:00,2025-08-14 14:45:00,2025-08-14 14:45:00,,,,0,0,0,0,0,0,na,na
gdelt_587208e7,en,Commentary : Fighting dementia could be as easy as the shingles vaccine,2025-12-14 06:30:00,2025-12-14 06:30:00,2025-12-14 06:30:00,,,,0,0,0,0,0,0,na,na
gdelt_5901b1ca,en,Ireland : How will energy crisis hit the economy ? ,2026-03-28 15:00:00,2026-03-28 15:00:00,2026-03-28 15:00:00,,,,0,0,0,0,0,0,na,na
gdelt_5901e7d1,en,Wale first minister Eluned Morgan refuses to support Sir Keir Starmer,2026-01-28 19:45:00,2026-01-28 19:45:00,2026-01-28 19:45:00,,,,0,0,0,0,0,0,na,na
gdelt_59399eb5,pl,Jak zapobiegać demencji . Rady ekspertów – DW – 21 . 09 . 2025,2025-09-21 19:30:00,2025-09-21 19:30:00,2025-09-21 00:00:00,2025-01-01 00:00:00,year,2025,1,1,1,1,1,1,tie,tie
gdelt_5963613f,sw,Kwa nini kuenea kwa magonjwa kutoka kwa wanyama kwenda kwa binadamu kunakuwa rahisi zaidi na hatari zaidi,2026-01-06 19:00:00,2026-01-06 19:00:00,2026-01-06 19:00:00,,,,0,0,0,0,0,0,na,na
gdelt_599f9156,ar,مرحلتان من عمرك يشيخ فيهما جسدك بشكل مفاجئ ! – DW – 2025 / 10 / 19,2025-10-19 23:00:00,2025-10-19 23:00:00,2025-10-19 00:00:00,2025-01-01 00:00:00,year,2025 / 10 / 19,1,1,1,1,1,1,tie,tie
gdelt_59ab2e3a,sw,Ulaya na Australia zakubaliana biashara huria,2026-03-24 22:30:00,2026-03-24 22:30:00,2026-03-24 22:30:00,,,,0,0,0,0,0,0,na,na
gdelt_59ea78ac,zh-cn,赴美学生签总量下降 ， 印度骤减近一半 – DW – 2025年10月8日,2025-10-08 16:15:00,2025-10-08 00:00:00,2025-10-08 00:00:00,2025-10-08 00:00:00,day,2025年10月8日,1,1,1,1,1,1,tie,tie
gdelt_5a124bf9,en,BBC News secures seven awards at the RTS Television Journalism Awards 2026,2026-03-09 05:30:00,2026-03-09 00:00:00,2026-03-09 00:00:00,2026-01-01 00:00:00,year,2026,1,1,1,1,1,1,tie,tie
gdelt_5a1c0a97,en,"See How Trump Big Bill Could Affect Your Taxes , Health Care and Other Finances",2025-07-04 04:15:00,2025-07-04 04:15:00,2025-07-04 04:15:00,,,,0,0,0,0,0,0,na,na
gdelt_5a341a17,ko,广播剧 《 三毛之父  张乐平 》 上线 - 新华网,2025-09-05 19:00:00,2025-09-05 19:00:00,2025-09-05 19:00:00,,,,0,0,0,0,0,0,na,na
gdelt_5a3bd981,en,"Indonesia lets Elon Musk Grok resume , lifting ban over sexualised images",2026-02-01 17:15:00,2026-02-01 17:15:00,2026-02-01 17:15:00,,,,0,0,0,0,0,0,na,na
gdelt_5a9dd0c7,en,Singapore - Indonesia joint task force to study development of sustainable industrial zone,2025-06-13 23:45:00,2025-06-13 23:45:00,2025-06-13 23:45:00,,,,0,0,0,0,0,0,na,na
gdelt_5ab380f1,en,"  More transparency  needed on immigration status of suspects , says Cooper",2025-08-05 18:15:00,2025-08-05 18:15:00,2025-08-05 18:15:00,,,,0,0,0,0,0,0,na,na
gdelt_5b18971a,en,  We just sit and cry : Gaza cancer patients die waiting for treatment | Israel - Palestine conflict News,2026-01-09 14:15:00,2026-01-09 14:15:00,2026-01-07 00:00:00,,,,0,0,0,0,0,0,na,na
gdelt_5b2d6e05,pl,Media publiczne pod presją . Reporterzy Bez Granic ostrzegają – DW – 21 . 07 . 2025,2025-07-22 00:30:00,2025-07-22 00:30:00,2025-07-21 00:00:00,2025-01-01 00:00:00,year,2025,1,1,1,1,1,1,tie,tie
gdelt_5b2eab39,en,Why Mercede engine loophole dispute suddenly has eight F1 cars at risk,2026-02-12 20:30:00,2026-02-12 20:30:00,2026-02-12 20:30:00,,,,0,0,0,0,0,0,na,na
gdelt_5b3ba617,ro,Berlinale faces difficult balancing act in Gaza debate,2026-02-24 01:00:00,2026-02-24 01:00:00,2026-02-24 01:00:00,,,,0,0,0,0,0,0,na,na
gdelt_5b46ed95,pt,Israel e Irã atacam infraestrutura - chave no Oriente Médio,2026-03-08 19:15:00,2026-03-08 19:15:00,2026-03-08 19:15:00,,,,0,0,0,0,0,0,na,na
gdelt_5ba47d10,uk,Німеччина вдруге стала чемпіоном Європи з баскетболу – DW – 15 . 09 . 2025,2025-09-15 13:45:00,2025-09-15 13:45:00,2025-09-15 00:00:00,2025-01-01 00:00:00,year,2025,1,1,1,1,1,1,tie,tie
gdelt_5bd75879,ru,Европейские лидеры назвали угрозы Трампа ввести пошлины из - за Гренландии неприемлемыми,2026-01-18 21:00:00,2026-01-18 21:00:00,2026-01-18 21:00:00,,,,0,0,0,0,0,0,na,na
gdelt_5c484a7c,ko,中 지난해 가전제품 · 통신기기 소매판매액 모두 210조원 넘어 - Xinhua,2026-01-22 08:30:00,2026-01-22 08:30:00,2026-01-22 08:30:00,,,,0,0,0,0,0,0,na,na
gdelt_5c550a66,ko,海南上半年推广新能源汽车5 . 97万辆 - 新华网,2025-08-03 11:00:00,2025-08-03 11:00:00,2025-06-30 00:00:00,2025-01-01 00:00:00,month,上半年,1,1,0,0,0,0,tie,tie
gdelt_5c566c4e,en,BBC says broadcast of racial slur at Baftas was  genuine mistake  ,2026-03-06 21:00:00,2026-03-06 21:00:00,2026-03-06 21:00:00,,,,0,0,0,0,0,0,na,na
gdelt_5c5c4091,en,Singapore key exports fall 4 . 6 % in July ; drop steeper than expected,2025-08-18 11:30:00,2025-07-18 00:00:00,2025-07-31 00:00:00,,,,0,0,0,0,0,0,na,na
gdelt_5c97e0e3,en,How the EU wants to get Gen Z on board – DW – 10 / 13 / 2025,2025-10-13 20:15:00,2025-10-13 00:00:00,2025-10-13 00:00:00,2025-01-01 00:00:00,year,10 / 13 / 2025,1,1,1,1,1,1,tie,tie
gdelt_5d0d1c95,en,On The Red Dot : For Better Or For Boss - Aliff Nasi Lemak,2025-11-02 00:00:00,2025-11-02 00:00:00,2025-11-02 00:00:00,,,,0,0,0,0,0,0,na,na
gdelt_5d1f09bb,en,UK plans to recognise Palestinian state in September unless Israel takes action,2025-07-30 01:45:00,2025-09-30 00:00:00,2025-09-01 00:00:00,2025-09-01 00:00:00,month,in September,1,1,1,1,1,1,tie,tie
gdelt_5d260a5a,en,Home by the Singapore River in District 9,2026-02-20 10:00:00,2026-02-20 10:00:00,2026-02-20 10:00:00,,,,0,0,0,0,0,0,na,na
gdelt_5d9b576f,en,  I was educated not to think : How Hitler architect escaped the death penalty,2025-10-13 18:15:00,2025-10-13 18:15:00,2025-10-13 18:15:00,,,,0,0,0,0,0,0,na,na
gdelt_5da43164,uk,ЗМІ : США захопили вже третій танкер із венесуельською нафтою – DW – 21 . 12 . 2025,2025-12-22 03:00:00,2025-12-22 03:00:00,2025-12-21 00:00:00,2025-01-01 00:00:00,year,2025,1,1,1,1,1,1,tie,tie
gdelt_5dbe3de1,en,Madagascar anti - corruption chief appointed as new PM,2026-03-16 04:45:00,2026-03-16 04:45:00,2026-03-16 04:45:00,,,,0,0,0,0,0,0,na,na
gdelt_5e2e3c26,en,Clippers bounce back in home opener by running and adjusting lineups around stars,2025-10-26 02:15:00,2025-10-26 02:15:00,2025-10-26 02:15:00,,,,0,0,0,0,0,0,na,na
gdelt_5e475fc5,tr,Myanmar – DW,2025-12-29 05:30:00,2025-12-29 05:30:00,2025-12-29 05:30:00,,,,0,0,0,0,0,0,na,na
gdelt_5e83978d,en,Floods hit Sri Lanka capital as cyclone death toll rises to 159,2025-11-30 14:15:00,2025-11-30 14:15:00,2025-11-30 14:15:00,,,,0,0,0,0,0,0,na,na
gdelt_5ed2b7d1,en,Indiana vs . Oregon CFP takeaways : Hoosiers hit the afterburners to earn national title trip,2026-01-10 13:00:00,2026-01-10 13:00:00,2026-01-10 13:00:00,,,,0,0,0,0,0,0,na,na
gdelt_5edb96be,zh-cn,浙江省浙商涉外法律服务中心启用 - 新华网,2025-11-24 11:15:00,2025-11-24 11:15:00,2025-11-24 11:15:00,,,,0,0,0,0,0,0,na,na
gdelt_5edee272,en,"LIVE : Israel kills 56 aid seekers as 22 , 000 aid trucks stuck outside Gaza | Israel - Palestine conflict News",2025-08-04 13:30:00,2056-08-04 00:00:00,2025-08-04 13:30:00,,,,0,0,0,0,0,0,na,na
gdelt_5f54a8f9,en,Iran war : What is happening on day 32 of US - Israel attacks ? ,2026-03-31 18:15:00,2026-03-31 18:15:00,2026-03-31 18:15:00,,,,0,0,0,0,0,0,na,na
gdelt_5ff130b3,uk,У Росії відновлюють пряме залізничне сполучення з Пхеньяном – DW – 10 . 06 . 2025,2025-06-10 18:00:00,2025-06-10 18:00:00,2025-06-10 00:00:00,2025-01-01 00:00:00,year,2025,1,1,1,1,1,1,tie,tie
gdelt_6037f637,en,Monsoon mayhem : Why lashing rains wreak havoc annually in India cities,2025-06-03 08:45:00,2025-06-03 08:45:00,2025-06-03 08:45:00,,,,0,0,0,0,0,0,na,na
gdelt_60d5b38c,en,"US launches review of advanced Nvidia AI chip sales to China , sources say",2025-12-19 12:45:00,2025-12-19 12:45:00,2025-12-19 12:45:00,,,,0,0,0,0,0,0,na,na
gdelt_60fb9e5e,so,Trump oo dalalka Yurub ku tilmaamay  kuwo daxaleystay  iyo hoggaamiyeyaal  daciif ah  ,2025-12-10 11:00:00,2025-12-10 11:00:00,2025-12-10 11:00:00,,,,0,0,0,0,0,0,na,na
gdelt_610fa904,en,Trump live news : US president says  framework  reached for Greenland deal | Donald Trump News,2026-01-22 06:15:00,2026-01-22 06:15:00,2026-01-22 06:15:00,,,,0,0,0,0,0,0,na,na
gdelt_6111ed82,en,Shahed Abu AlShaikh | Al Jazeera News | Today latest from Al Jazeera,2025-12-26 19:15:00,2025-12-26 19:15:00,2025-12-26 19:15:00,2025-12-26 00:00:00,day,Today,1,1,1,1,1,1,tie,tie
gdelt_61795038,ko,浙派名师千里赴滇送教 _ 新华网,2025-09-28 18:30:00,2025-09-28 18:30:00,2025-09-28 18:30:00,,,,0,0,0,0,0,0,na,na
gdelt_61a64b4e,es,Medios : China detiene a uno de sus destacados diplomáticos – DW – 10 / 08 / 2025,2025-08-10 21:00:00,2025-08-10 21:00:00,2025-08-10 00:00:00,2025-01-01 00:00:00,year,10 / 08 / 2025,1,1,1,1,1,1,tie,tie
gdelt_61b6c73c,en,Amazon accidentally sends email confirming layoffs,2026-01-28 12:00:00,2026-01-28 12:00:00,2026-01-28 12:00:00,,,,0,0,0,0,0,0,na,na
gdelt_61c6f31d,fr,Xi Jinping visite un parc dinnovation en technologies de linformation à Beijing - Xinhua,2026-02-09 14:00:00,2026-02-09 14:00:00,2026-02-09 14:00:00,,,,0,0,0,0,0,0,na,na
gdelt_61ea8318,en,"NHS , defence , education and more in focus for voters in government Spending Review",2025-06-10 15:30:00,2025-06-10 15:30:00,2025-06-10 15:30:00,,,,0,0,0,0,0,0,na,na
gdelt_61efb896,bn,"খবর , সর্বশেষ খবর , ব্রেকিং নিউজ | News , latest news , breaking news",2025-11-24 23:15:00,2025-11-24 23:15:00,2025-11-24 23:15:00,,,,0,0,0,0,0,0,na,na
gdelt_625f676d,zh-cn,四川省人大常委会原党组成员 、 副主任宋朝华严重违纪违法被开除党籍 - 新华网,2025-11-03 15:30:00,2025-11-03 15:30:00,2025-11-03 15:30:00,,,,0,0,0,0,0,0,na,na
gdelt_62953688,en,US - China relations : Trump says Xi  more or less agreed  to speed up purchases of American goods,2025-11-26 22:45:00,2025-11-26 22:45:00,2025-11-26 22:45:00,,,,0,0,0,0,0,0,na,na
gdelt_62abf58d,en,"National Wages Council seeks public feedback on wages , employment issues",2025-08-20 11:00:00,2025-08-20 11:00:00,2025-08-20 11:00:00,,,,0,0,0,0,0,0,na,na
gdelt_62e600f1,en,"Yes , the ADL is a  political front masquerading as a watchdog  | Education",2025-10-05 06:30:00,2025-10-05 06:30:00,2025-10-05 06:30:00,,,,0,0,0,0,0,0,na,na
gdelt_631e7e78,es,Japón : gobierno pierde mayoría pero Ishiba promete seguir – DW – 20 / 07 / 2025,2025-07-21 10:15:00,2025-07-21 10:15:00,2025-07-20 00:00:00,2025-01-01 00:00:00,year,20 / 07 / 2025,1,1,1,1,1,1,tie,tie
gdelt_633de08d,en,Man charged over illegal cross - border money transfer business involving over S$2 . 4 million,2025-12-04 16:00:00,2025-12-04 16:00:00,2025-12-04 16:00:00,,,,0,0,0,0,0,0,na,na
gdelt_6355c247,en,"Prabowo slams  inefficient  spending by regional officials , including governor US$500 , 000 official car",2026-03-20 15:15:00,2026-03-20 15:15:00,2026-03-20 15:15:00,,,,0,0,0,0,0,0,na,na
gdelt_63968841,es,"Trump fue informado sobre opciones para realizar ataques militares en Irán , según The New York Times",2026-01-11 13:45:00,2026-01-11 13:45:00,2026-01-11 13:45:00,,,,0,0,0,0,0,0,na,na
gdelt_63ab45a1,es,La pelvis sufrió cambios clave para poder caminar erguidos – DW – 02 / 09 / 2025,2025-09-03 02:15:00,2025-09-03 02:15:00,2025-09-02 00:00:00,2025-01-01 00:00:00,year,02 / 09 / 2025,1,1,1,1,1,1,tie,tie
gdelt_63d1138f,en,How fake admiral Jonathan Carley was caught by sword and rare medals,2026-01-05 22:00:00,2026-01-05 22:00:00,2026-01-05 22:00:00,,,,0,0,0,0,0,0,na,na
gdelt_63f3cd97,en,Notre Dame unlikely run to the Elite Eight started with offseason dedication to Niele Ivey,2026-03-28 11:00:00,2026-03-28 11:00:00,2026-03-28 11:00:00,,,,0,0,0,0,0,0,na,na
gdelt_64b9f077,zh-cn,敦煌的女儿们｜樊锦诗 ： 此生命定 ， 我是莫高窟守护人 ！- 新华网,2025-12-16 19:15:00,2025-12-16 19:15:00,2025-12-16 19:15:00,,,,0,0,0,0,0,0,na,na
gdelt_64c94352,zh-cn,浙江省特高压交流环网工程属地推进  一路疾驰 - 新华网,2025-07-28 20:30:00,2025-07-28 20:30:00,2025-07-28 20:30:00,,,,0,0,0,0,0,0,na,na
gdelt_64e1425e,ko,未上市先评级 ESG重塑企业市值管理逻辑 - 新华网,2025-11-17 10:30:00,2025-11-17 10:30:00,2025-11-17 10:30:00,,,,0,0,0,0,0,0,na,na
gdelt_6561db8c,en,LIVE : Israel kills nearly 70 in Gaza amid rising starvation deaths | Israel - Palestine conflict News,2025-08-03 23:15:00,2025-08-03 23:15:00,2025-08-03 23:15:00,,,,0,0,0,0,0,0,na,na
gdelt_656d444a,uk,Мерц : Імперський план Путіна лише починається з України – DW – 08 . 09 . 2025,2025-09-09 00:45:00,2025-09-09 00:45:00,2025-09-08 00:00:00,2025-01-01 00:00:00,year,2025,1,1,1,1,1,1,tie,tie
gdelt_66b1af1f,en,"What we learned in NFL Week 12 : Rams look dangerous , Eagles searching for consistency",2025-11-24 19:45:00,2025-11-24 19:45:00,2025-11-19 00:00:00,,,,0,0,0,0,0,0,na,na
gdelt_6702ffb4,ur,پُرتشدد مظاہرے ، قتل کے واقعات اور الزامات : بنگلہ دیش اور انڈیا کے تعلقات میں  تاریخی بحران  شدید تر کیوں ہوتا جا رہا ہے ؟ ,2025-12-24 17:15:00,2025-12-24 17:15:00,2025-12-24 17:15:00,,,,0,0,0,0,0,0,na,na
gdelt_67610dc0,ko,전통 춤에서 스트리트댄스까지 ... 中에서 펼쳐진 로봇  춤 대결 - Xinhua,2025-08-05 14:15:00,2025-08-05 14:15:00,2025-08-05 14:15:00,,,,0,0,0,0,0,0,na,na
gdelt_67650e70,es,"Empieza el 4 festival de pesca de invierno del lago Hasuhai en Hohhot , Mongolia Interior",2026-01-11 13:45:00,2026-01-11 13:45:00,2026-01-11 13:45:00,,,,0,0,0,0,0,0,na,na
gdelt_67c04ea2,bg,"Що за държава е това , щом съдии се страхуват от прокурори",2026-02-24 22:00:00,2026-02-24 22:00:00,2026-02-24 22:00:00,,,,0,0,0,0,0,0,na,na
gdelt_67c66510,en,Senator Linus Ullmark opens up about personal leave :  I felt like I lost myself  ,2026-01-21 07:45:00,2026-01-21 07:45:00,2026-01-21 07:45:00,,,,0,0,0,0,0,0,na,na
gdelt_67eb65f8,en,New chairman to take helm of nationalised shipyard,2025-10-14 02:45:00,2025-10-14 02:45:00,2025-10-14 02:45:00,,,,0,0,0,0,0,0,na,na
gdelt_68054d9d,ar,ما خيارات الرئيس ترامب بعد رفض إيران المقترحات الأمريكية ؟ ,2026-03-27 05:15:00,2026-03-27 05:15:00,2026-03-27 05:15:00,,,,0,0,0,0,0,0,na,na
gdelt_683a9107,en,Taiwan Vice - President Hsiao makes rare address to international lawmakers at European Parliament,2025-11-08 10:30:00,2025-11-08 10:30:00,2025-11-08 10:30:00,,,,0,0,0,0,0,0,na,na
gdelt_686a7df9,sw,Mahakama Kuu Tanzania yatupilia mbali mapingamizi ya Lissu – DW – 22 . 09 . 2025,2025-09-22 23:00:00,2025-09-22 00:00:00,2025-09-22 00:00:00,2025-01-01 00:00:00,year,2025,1,1,1,1,1,1,tie,tie
gdelt_6885308c,en,Newly created roles formed nearly half of the job vacancies in 2025 : MOM report,2026-03-20 11:30:00,2025-03-20 00:00:00,2025-12-31 00:00:00,2025-01-01 00:00:00,year,in 2025,1,1,1,1,1,1,tie,tie
gdelt_688b8d86,en,MPs demand temporary ban on crypto donations to united kingdom parties,2026-02-25 04:00:00,2026-02-25 04:00:00,2026-02-25 04:00:00,,,,0,0,0,0,0,0,na,na
gdelt_68a8d7d5,ko,福州 ： 垃圾综合治理助力城市绿色发展 - 新华网,2025-09-14 19:45:00,2025-09-14 19:45:00,2025-09-14 19:45:00,,,,0,0,0,0,0,0,na,na
gdelt_68c11fcd,en,Trump government suspends visa lottery linked to Brown University suspect,2025-12-20 11:30:00,2025-12-20 11:30:00,2025-12-20 11:30:00,,,,0,0,0,0,0,0,na,na
gdelt_6904349b,en,Insurers Said They Could Return Home . Our Tests Found Neurotoxins in Their Bodies . ,2025-12-29 17:15:00,2025-12-29 17:15:00,2025-12-29 17:15:00,,,,0,0,0,0,0,0,na,na
gdelt_6935b9de,en,St Joseph Institution facilities manager accused of accepting bribes from 3 people,2025-09-18 12:15:00,2025-09-18 12:15:00,2025-09-18 12:15:00,,,,0,0,0,0,0,0,na,na
gdelt_695feccb,en,"Champions League knockouts : 16 teams remain , all - English ties loom in latter stages",2026-02-26 09:00:00,2026-02-26 09:00:00,2026-02-26 09:00:00,,,,0,0,0,0,0,0,na,na
gdelt_696a5c9e,en,Thailand F - 16 jet deployed against Cambodian forces as border clash escalates,2025-07-24 21:15:00,2025-07-24 21:15:00,2025-07-24 21:15:00,,,,0,0,0,0,0,0,na,na
gdelt_697e1cc3,en,Man charged after bulldozer driven into Cefn Rhigos pub,2025-12-08 22:45:00,2025-12-08 22:45:00,2025-12-08 22:45:00,,,,0,0,0,0,0,0,na,na
gdelt_698b9835,en,Australian mushroom murders accused gives her account of fatal lunch,2025-06-04 13:15:00,2025-06-04 13:15:00,2025-06-04 13:15:00,,,,0,0,0,0,0,0,na,na
gdelt_699a3cb4,en,Lincolnshire family disgusted after grave ornaments removed,2025-09-02 14:00:00,2025-09-02 14:00:00,2025-09-02 14:00:00,,,,0,0,0,0,0,0,na,na
gdelt_6a06cd62,ko,"  시원한 물총싸움 어때 ? 中 산둥성 , 다양한 콘텐츠로 여름철 관광객 사로잡아 - Xinhua",2025-09-07 15:45:00,2025-09-07 15:45:00,2025-09-07 15:45:00,,,,0,0,0,0,0,0,na,na
gdelt_6a0f806f,en,"CNA Explains : What are Roblox and Gorebox , and how might they be used for radicalisation ? ",2026-01-28 20:00:00,2026-01-28 20:00:00,2026-01-28 20:00:00,,,,0,0,0,0,0,0,na,na
gdelt_6a0ffb0d,en,Hong Kong looks for ways to better support its elderly,2026-02-26 11:45:00,2026-02-26 11:45:00,2026-02-26 11:45:00,,,,0,0,0,0,0,0,na,na
gdelt_6a176e41,en,Trinity Christian School in Reading closes blaming VAT changes,2026-03-26 22:30:00,2026-03-26 22:30:00,2026-03-26 22:30:00,,,,0,0,0,0,0,0,na,na
gdelt_6a5b507a,tr,Güney Kıbrıstan Türkiye - AB ilişkileri için şartlı destek – DW – 12 . 11 . 2025,2025-11-13 02:30:00,2025-11-13 02:30:00,2025-11-12 00:00:00,2025-01-01 00:00:00,year,2025,1,1,1,1,1,1,tie,tie
gdelt_6a69fd8e,en,Alejandro Pedregal | Al Jazeera News | Today latest from Al Jazeera,2025-08-27 21:30:00,2025-08-27 21:30:00,2025-08-27 21:30:00,2025-08-27 00:00:00,day,Today,1,1,1,1,1,1,tie,tie
gdelt_6a8103df,zh-cn,北京处置5 . 7万余个发布不实信息  自媒体  账号 - 新华网,2025-10-12 22:45:00,2025-10-12 22:45:00,2025-10-12 22:45:00,,,,0,0,0,0,0,0,na,na
gdelt_6b4b06ba,en,"Without the USC series , does Notre Dame have a serious scheduling problem ? Irish mailbag",2026-01-02 21:45:00,2026-01-02 21:45:00,2026-01-02 21:45:00,,,,0,0,0,0,0,0,na,na
gdelt_6b4cf14a,zh-cn,第十批浙江援藏干部人才圆满完成三年对口支援 - 新华网,2025-07-13 13:00:00,2025-07-13 13:00:00,2025-07-01 00:00:00,,,,0,0,0,0,0,0,na,na
gdelt_6c1c6cb2,en,Beverage container return points to be set up within 5 - minute walk of most HDB residents,2026-02-08 15:30:00,2026-05-08 00:00:00,2026-05-01 00:00:00,,,,0,0,0,0,0,0,na,na
gdelt_6c7e9383,en,Departing Coventry priest calls out  entitled  parishioners in poem,2025-07-15 14:45:00,2025-07-15 14:45:00,2025-07-15 14:45:00,,,,0,0,0,0,0,0,na,na
gdelt_6c9da714,uk,У ЄП відмовилися ратифікувати торговельну угоду зі США,2026-01-19 08:45:00,2026-01-19 08:45:00,2026-01-19 08:45:00,,,,0,0,0,0,0,0,na,na
gdelt_6d6a34d3,es,China experimentará lluvias y descenso de temperatura durante regreso masivo de vacaciones por Día Nacional,2025-10-08 14:30:00,2025-10-08 14:30:00,2025-10-08 14:30:00,,,,0,0,0,0,0,0,na,na
gdelt_6e01399a,fa,ترامپ : مدل پیشنهادی تحریم‌های شدید علیه روسیه شاید شامل ایران هم بشود,2025-11-17 18:30:00,2025-11-17 18:30:00,2025-11-17 18:30:00,,,,0,0,0,0,0,0,na,na
gdelt_6e058547,id,"Angka Diabetes Melonjak di Turki , Tertinggi se - Eropa – DW – 29 . 09 . 2025",2025-09-29 17:00:00,2025-09-29 17:00:00,2025-09-29 00:00:00,2025-01-01 00:00:00,year,2025,1,1,1,1,1,1,tie,tie
gdelt_6e65d059,en,Pakistan : More than 20 killed during raid in border region – DW – 09 / 22 / 2025,2025-09-23 01:00:00,2025-09-22 00:00:00,2025-09-22 00:00:00,2025-01-01 00:00:00,year,09 / 22 / 2025,1,1,1,1,1,1,tie,tie
gdelt_6e68566f,en,New Zealand launches review of medical portal hack,2026-01-05 11:30:00,2026-01-05 11:30:00,2026-01-05 11:30:00,,,,0,0,0,0,0,0,na,na
gdelt_6eefc077,en,"Inside Barcelona : Hansi Flick plans to fill the leadership void , Lamine Yamal fitness row continues",2025-10-06 21:15:00,2025-10-06 21:15:00,2025-10-06 21:15:00,,,,0,0,0,0,0,0,na,na
gdelt_6f148ce7,en,Macron threatens China with tariffs over trade surplus : Report,2025-12-07 20:30:00,2025-12-07 20:30:00,2025-12-07 20:30:00,,,,0,0,0,0,0,0,na,na
gdelt_6f18e472,en,Man charged over  stabbing  on Sauchie footpath,2026-02-16 22:45:00,2026-02-16 22:45:00,2026-02-16 22:45:00,,,,0,0,0,0,0,0,na,na
gdelt_6f250a7c,en,Why international law is still the world best defence | Opinions,2026-03-08 21:45:00,2026-03-08 21:45:00,2026-03-08 21:45:00,,,,0,0,0,0,0,0,na,na
gdelt_6f667754,en,What is the TACO trade and are investors profiting amid war on Iran ? ,2026-03-28 08:45:00,2026-03-28 08:45:00,2026-03-28 08:45:00,,,,0,0,0,0,0,0,na,na
gdelt_6faf01ab,en,"Singapore October exports rise 22 . 2 %, much stronger than forecast",2025-11-17 10:15:00,2025-10-17 00:00:00,2025-10-01 00:00:00,,,,0,0,0,0,0,0,na,na
gdelt_700754e1,sw,WHO : Serikali zapaswa kutanua tiba mpya za VVU – DW – 01 . 12 . 2025,2025-12-01 21:00:00,2025-12-01 00:00:00,2025-12-01 00:00:00,2025-01-01 00:00:00,year,2025,1,1,1,1,1,1,tie,tie
gdelt_703c2d5f,unknown,ප්‍රධාන පුවත් - BBC News සිංහල,2025-11-24 23:15:00,2025-11-24 23:15:00,2025-11-24 23:15:00,,,,0,0,0,0,0,0,na,na
gdelt_70ab134e,sv,Asia stocks up before Trump - Zelenskyy talks,2025-08-18 16:30:00,2025-08-18 16:30:00,2025-08-18 16:30:00,,,,0,0,0,0,0,0,na,na
gdelt_70b757e0,en,Meet the toy collector in Singapore who turned his passion into a thriving lifestyle,2025-09-23 11:30:00,2025-09-23 11:30:00,2025-09-23 11:30:00,,,,0,0,0,0,0,0,na,na
gdelt_70de3128,sw,E3 yajiandaa kwa mazungumzo ya nyuklia na Iran – DW – 20 . 07 . 2025,2025-07-21 02:45:00,2025-07-21 00:00:00,2025-07-20 00:00:00,2025-01-01 00:00:00,year,2025,1,1,1,1,1,1,tie,tie
gdelt_71499531,en,Thailand : Chonburi celebrates the water buffalo – DW – 10 / 12 / 2025,2025-10-13 00:45:00,2025-10-13 00:45:00,2025-10-12 00:00:00,2025-01-01 00:00:00,year,10 / 12 / 2025,1,1,1,1,1,1,tie,tie
gdelt_71702cda,hi,जोहरान ममदानी ने जीता न्यूयॉर्क मेयर का चुनाव – DW – 05 . 11 . 2025,2025-11-05 18:15:00,2025-11-05 18:15:00,2025-11-05 00:00:00,2025-01-01 00:00:00,year,2025,1,1,1,1,1,1,tie,tie
gdelt_71b0d721,ko,推动更多科技成果走向生产线 - 新华网,2026-03-27 13:30:00,2026-03-27 13:30:00,2026-03-27 13:30:00,,,,0,0,0,0,0,0,na,na
gdelt_71b13abb,en,"London chess prodigy , 10 , becomes Woman International Master",2025-08-13 23:15:00,2025-08-13 23:15:00,2025-08-13 23:15:00,,,,0,0,0,0,0,0,na,na
gdelt_720f92c9,en,Tony Pulis column :  Clean sheets matter  - why Arsenal v Spurs might be a tight affair,2025-11-23 15:30:00,2025-11-23 15:30:00,2025-11-23 15:30:00,,,,0,0,0,0,0,0,na,na
gdelt_72119fe7,tr,İranda protestolar : Görgü tanıkları yaşananları BBCye anlattı,2026-01-13 10:30:00,2026-01-13 10:30:00,2026-01-13 10:30:00,,,,0,0,0,0,0,0,na,na
gdelt_7227ac99,en,Labour MPs Simon Opher and Peter Prinsley denied entry to Israel,2025-09-17 07:00:00,2025-09-17 07:00:00,2025-09-17 07:00:00,,,,0,0,0,0,0,0,na,na
gdelt_728024c8,zh-cn,四中全会精神在基层丨五百年婺剧  出海记 - 新华网,2025-12-21 09:15:00,2025-12-21 09:15:00,2025-12-01 00:00:00,,,,0,0,0,0,0,0,na,na
gdelt_72b114e8,en,Walmart scoops customers from rivals but warns inventory cost is rising,2025-08-22 07:15:00,2025-08-22 07:15:00,2025-08-22 07:15:00,,,,0,0,0,0,0,0,na,na
gdelt_72d09799,en,Incoming Czech govt triggers alarm over public media plans – DW – 11 / 05 / 2025,2025-11-06 01:00:00,2025-11-06 01:00:00,2025-11-05 00:00:00,2025-01-01 00:00:00,year,11 / 05 / 2025,1,1,1,1,1,1,tie,tie
gdelt_72fbec08,uk,Секрети ідеального схуднення : як спалювати жир і зберігати м  язи,2025-08-11 19:45:00,2025-08-11 19:45:00,2025-08-11 19:45:00,,,,0,0,0,0,0,0,na,na
gdelt_7323d64f,zh-cn,冯飞与参加第十一届世界自由区组织大会的国际组织代表举行会谈 - 新华网,2025-10-12 12:15:00,2025-10-12 12:15:00,2025-10-12 12:15:00,,,,0,0,0,0,0,0,na,na
gdelt_7396b83a,zh-cn,远古发现｜我国科学家发现最古老的动物  地下公寓 - 新华网,2025-10-31 12:45:00,2025-10-31 12:45:00,2025-10-31 12:45:00,,,,0,0,0,0,0,0,na,na
gdelt_73b6dacf,en,Jannik Sinner reaches U . S . Open final against Carlos Alcaraz with win over Félix Auger - Aliassime,2025-09-06 12:00:00,2025-09-06 12:00:00,2025-09-06 12:00:00,,,,0,0,0,0,0,0,na,na
gdelt_73e3f795,pt,Poesia consegue desativar mecanismos de segurança de IA – DW – 21 / 12 / 2025,2025-12-21 20:45:00,2025-12-21 20:45:00,2025-12-21 00:00:00,2025-01-01 00:00:00,year,21 / 12 / 2025,1,1,1,1,1,1,tie,tie
gdelt_74031b73,en,San Diego Wave sign 20 - year - old Brazilian Dudinha through 2027,2025-07-25 03:45:00,2025-07-25 03:45:00,2027-01-01 00:00:00,2027-01-01 00:00:00,year,2027,1,1,0,1,0,1,v2_better,v2_better
gdelt_740a23bd,uk,У Республіці Сербській призначили тимчасову президентку – DW – 19 . 10 . 2025,2025-10-19 19:45:00,2025-10-19 19:45:00,2025-10-19 00:00:00,2025-01-01 00:00:00,year,2025,1,1,1,1,1,1,tie,tie
gdelt_7447ac1f,tr,Lufthansa yarın greve gidiyor,2026-02-11 19:15:00,2026-02-11 19:15:00,2026-02-12 19:15:00,,,,0,0,0,0,0,0,na,na
gdelt_749ba702,sq,"Merz , ai që e kuptonte Trump - in , sërish një kritik ndaj tij",2026-03-17 06:15:00,2026-03-17 06:15:00,2026-03-17 06:15:00,,,,0,0,0,0,0,0,na,na
gdelt_74cead8f,zh-cn,媒体 ： 张又侠被指控向美方泄漏中国核武机密,2026-01-26 16:30:00,2026-01-26 16:30:00,2026-01-26 16:30:00,,,,0,0,0,0,0,0,na,na
gdelt_74f08e91,zh-cn,江苏提高职工节日慰问标准 _ 新华网江苏频道,2025-11-06 09:00:00,2025-11-06 09:00:00,2025-11-06 09:00:00,,,,0,0,0,0,0,0,na,na
gdelt_74f1af9e,zh-cn,中国对美展开贸易壁垒调查,2026-03-27 23:45:00,2026-03-27 23:45:00,2026-03-27 23:45:00,,,,0,0,0,0,0,0,na,na
gdelt_7523e826,en,Lebanon sets four months for second phase of Hezbollah disarmament,2026-02-17 11:15:00,2025-10-17 11:15:00,2025-10-17 11:15:00,,,,0,0,0,0,0,0,na,na
gdelt_7537ad02,en,Apple holds down new iPhone prices amid threats of Trump tariffs,2025-09-10 07:30:00,2025-09-10 07:30:00,2025-09-10 07:30:00,,,,0,0,0,0,0,0,na,na
gdelt_756eec2d,en,Republic of Ireland economy grew strongly in 2025,2026-03-06 00:15:00,2025-03-06 00:00:00,2025-12-31 00:00:00,2025-01-01 00:00:00,year,in 2025,1,1,1,1,1,1,tie,tie
gdelt_7575c9f3,pl,Wojna i zbrojenia : protesty w Niemczech coraz głośniejsze – DW – 28 . 09 . 2025,2025-09-28 16:30:00,2025-09-28 16:30:00,2025-09-28 00:00:00,2025-01-01 00:00:00,year,2025,1,1,1,1,1,1,tie,tie
gdelt_7579553c,ru,На Курской АЭС после атаки БПЛА произошел пожар – DW – 24 . 08 . 2025,2025-08-24 18:15:00,2025-08-24 18:15:00,2025-08-24 00:00:00,2025-01-01 00:00:00,year,2025,1,1,1,1,1,1,tie,tie
gdelt_75c423ed,de,China reagiert harsch auf Hegseth - Äußerung – DW – 01 . 06 . 2025,2025-06-01 20:45:00,2025-06-01 20:45:00,2025-06-01 00:00:00,2025-01-01 00:00:00,year,2025,1,1,1,1,1,1,tie,tie
gdelt_76100a4f,en,Tokyo logs record 10 days of 35°C or more,2025-08-27 13:45:00,2025-08-17 13:45:00,2025-08-17 13:45:00,,,,0,0,0,0,0,0,na,na
gdelt_761a1d8e,en,"What next for Chief Bryan Cook ? After career year in Kansas City , he discusses his future",2026-01-01 21:15:00,2026-01-01 21:15:00,2026-01-01 00:00:00,,,,0,0,0,0,0,0,na,na
gdelt_76255366,en,"Woman failed to resell amulets she bought for S$64 , 000 , sued seller but lost",2025-09-19 17:15:00,2025-09-19 17:15:00,2025-09-19 17:15:00,,,,0,0,0,0,0,0,na,na
gdelt_766d19ae,cy,Saif al - Islam Gaddafi auawa,2026-02-04 12:15:00,2026-02-04 12:15:00,2026-02-04 12:15:00,,,,0,0,0,0,0,0,na,na
gdelt_7688d0ed,zh-cn,2026年铁路春运火车票开售 - 新华网,2026-01-19 12:00:00,2026-01-19 00:00:00,2026-01-19 00:00:00,2026-01-01 00:00:00,year,2026年,1,1,1,1,1,1,tie,tie
gdelt_768a9707,ru,Уиткофф тайно встретился с сыном последнего шаха Ирана,2026-01-14 07:00:00,2026-01-14 07:00:00,2026-01-14 07:00:00,,,,0,0,0,0,0,0,na,na
gdelt_76a6df37,en,Iran prosecutor pledges  decisive response  if protests create insecurity | Protests News,2025-12-31 18:15:00,2025-12-31 18:15:00,2025-12-31 18:15:00,,,,0,0,0,0,0,0,na,na
gdelt_76c0061c,en,How to watch 2025 Heisman Trophy Ceremony : Fernando Mendoza favorite among 4 finalists,2025-12-13 20:45:00,2025-12-13 20:45:00,2025-12-13 00:00:00,2025-01-01 00:00:00,year,2025,1,1,1,1,1,1,tie,tie
gdelt_774b2e72,uk,Каллас вимагає негайного звільнення всіх заручників ХАМАСу – DW – 03 . 08 . 2025,2025-08-03 18:45:00,2025-08-03 18:45:00,2025-08-03 00:00:00,2025-01-01 00:00:00,year,2025,1,1,1,1,1,1,tie,tie
gdelt_7751188b,en,Man from Sarawak syndicate jailed for harvesting Singapore bank accounts for illegal use,2025-12-12 17:45:00,2025-12-12 17:45:00,2025-12-12 17:45:00,,,,0,0,0,0,0,0,na,na
gdelt_779e57d4,en,Recently recaptured Ecuador drug lord  Fito  accepts US extradition request | Drugs News,2025-07-12 15:45:00,2025-07-12 15:45:00,2025-07-12 15:45:00,,,,0,0,0,0,0,0,na,na
gdelt_77e4ba55,en,"Ukraine says Russian strikes wound 9 , Poland scrambles planes",2025-09-28 13:45:00,2025-09-28 13:45:00,2025-09-28 13:45:00,,,,0,0,0,0,0,0,na,na
gdelt_77f6b4f7,et,"Uganda kupiga kura Alhamisi , Museveni akijiandaa kurejea",2026-01-14 20:00:00,2026-01-14 20:00:00,2026-01-14 20:00:00,,,,0,0,0,0,0,0,na,na
gdelt_77f9672d,en,Israel intercepts Freedom Flotilla Coalition vessels en route to Gaza,2025-10-08 14:30:00,2025-10-08 14:30:00,2025-10-08 14:30:00,,,,0,0,0,0,0,0,na,na
gdelt_78142511,so,Daraasad lagu sameeyay hiddo - sidaha Hitler,2025-11-16 23:00:00,2025-11-16 23:00:00,2025-11-16 23:00:00,,,,0,0,0,0,0,0,na,na
gdelt_782dc2b7,en,Meet married York couple who are star BBC Weather Watchers,2025-11-17 17:15:00,2025-11-17 17:15:00,2025-11-17 17:15:00,,,,0,0,0,0,0,0,na,na
gdelt_784e3b5b,fr,50ème anniversaire de la Marche verte au Maroc – DW – 06 / 11 / 2025,2025-11-06 20:15:00,2025-11-06 20:15:00,2025-11-06 00:00:00,2025-01-01 00:00:00,year,06 / 11 / 2025,1,1,1,1,1,1,tie,tie
gdelt_7885aeb6,bg,Китай вдигна бомбардировачи над Тайван . Защо сега ? – DW – 27 . 10 . 2025,2025-10-27 19:45:00,2025-10-27 19:45:00,2025-10-27 00:00:00,2025-01-01 00:00:00,year,2025,1,1,1,1,1,1,tie,tie
gdelt_78eb7d00,en,"LTA investigating technical issues causing inaccurate bus timings on transport apps , bus stop displays",2026-01-21 12:30:00,2026-01-21 12:30:00,2026-01-21 12:30:00,,,,0,0,0,0,0,0,na,na
gdelt_78f9ab26,en,China : Heavy rainfall in Beijing kills at least 30 – DW – 07 / 29 / 2025,2025-07-29 10:00:00,2025-07-29 00:00:00,2025-07-29 00:00:00,2025-01-01 00:00:00,year,07 / 29 / 2025,1,1,1,1,1,1,tie,tie
gdelt_79165783,fa,چرا دعوا بر سر نقشه حوزه‌های انتخاباتی در آمریکا تا این حد بالا گرفته است ؟ ,2025-08-25 17:00:00,2025-08-25 17:00:00,2025-08-25 17:00:00,,,,0,0,0,0,0,0,na,na
gdelt_795d99c3,zh-cn,专注自身争取胜利 国足在雅加达进行首场训练 - 新华网,2025-06-04 09:45:00,2025-06-04 09:45:00,2025-06-04 09:45:00,,,,0,0,0,0,0,0,na,na
gdelt_79741933,en,Hong Kong stocks lifted by Nvidia rally on mixed day in Asia,2025-07-16 13:30:00,2025-07-16 13:30:00,2025-07-16 13:30:00,,,,0,0,0,0,0,0,na,na
gdelt_79b45afa,zh-cn,2025年服贸会健康卫生服务专题推介会召开 - 新华网,2025-06-09 01:00:00,2025-06-09 00:00:00,2025-06-09 00:00:00,2025-01-01 00:00:00,year,2025年,1,1,1,1,1,1,tie,tie
gdelt_79c89f5a,ur,بشار الاسد کے دور میں سیاسی قیدی بنائی گئی شامی ماؤں کو اپنے بچوں کی تلاش :  ایسی خواتین بھی ہیں جنھوں نے تین یا چار بچے کھوئے  ,2026-01-11 22:30:00,2026-01-11 22:30:00,2026-01-11 22:30:00,,,,0,0,0,0,0,0,na,na
gdelt_7a0645ea,en,  Corruption is a hydra : Ukraine rocked by another high - profile sacking | News,2025-12-02 23:45:00,2025-12-02 23:45:00,2025-12-02 23:45:00,,,,0,0,0,0,0,0,na,na
gdelt_7a68d570,tr,Demirtaş ve Kavala ile ilgili Konsey süreci ne aşamada ? – DW – 05 . 11 . 2025,2025-11-05 18:45:00,2025-11-05 18:45:00,2025-11-05 00:00:00,2025-01-01 00:00:00,year,2025,1,1,1,1,1,1,tie,tie
gdelt_7b16cfe0,en,Russia hammers Ukraine capital ahead of Trump - Zelenskyy meeting | Russia - Ukraine war News,2025-12-27 20:15:00,2025-12-27 20:15:00,2025-12-27 20:15:00,,,,0,0,0,0,0,0,na,na
gdelt_7b6a7979,en,Hundreds of thousands join Iran protests around the world,2026-02-15 22:45:00,2026-02-15 22:45:00,2026-02-15 22:45:00,,,,0,0,0,0,0,0,na,na
gdelt_7b7edb85,zh-cn,满山万寿菊铺就致富路 - 新华网,2025-08-14 13:45:00,2025-08-14 13:45:00,2025-08-14 13:45:00,,,,0,0,0,0,0,0,na,na
gdelt_7b92fd4e,sl,"Ko će vladati Venecuelom : Dve žene , dva sveta",2026-01-12 21:15:00,2026-01-12 21:15:00,2026-01-12 21:15:00,,,,0,0,0,0,0,0,na,na
gdelt_7b93a92e,ar,ياسمين ناصر : شيف أردنية تبتكر وصفات تساعد الغزيين على تحضير الطعام في ظل المكونات المحدودة,2025-09-14 16:15:00,2025-09-14 16:15:00,2025-09-14 16:15:00,,,,0,0,0,0,0,0,na,na
gdelt_7bbcac91,zh-cn,资本市场  江苏板块  韧性凸显 _ 新华网江苏频道,2026-01-05 09:15:00,2026-01-05 09:15:00,2026-01-05 09:15:00,,,,0,0,0,0,0,0,na,na
gdelt_7bd52081,en,Iran says no country can deprive it of enrichment rights,2026-02-19 18:45:00,2026-02-19 18:45:00,2026-02-19 18:45:00,,,,0,0,0,0,0,0,na,na
gdelt_7be872ed,hr,Njemačka i Japan žele se zajedno naoružavati,2026-03-24 20:00:00,2026-03-24 20:00:00,2026-09-01 00:00:00,,,,0,0,0,0,0,0,na,na
gdelt_7c5fd584,en,Nintendo Has Something to Sell You,2025-06-05 18:45:00,2025-06-05 18:45:00,2025-06-05 18:45:00,,,,0,0,0,0,0,0,na,na
gdelt_7c6ad8c2,zh-cn,新春走基层丨江苏南京 ： 金箔焕彩 策马迎春 _ 新华网江苏频道,2026-02-11 19:00:00,2026-02-11 19:00:00,2026-02-11 19:00:00,,,,0,0,0,0,0,0,na,na
gdelt_7c6ce624,zh-cn,60年前开启的这项报道 ， 我们代代接力 - 新华网河南频道,2026-02-08 14:30:00,1966-02-08 14:30:00,2026-02-08 14:30:00,,,,0,0,0,0,0,0,na,na
gdelt_7c761cef,zh-cn,中国驻南非使馆提醒旅南侨胞严防绑架犯罪 - 新华网,2025-07-07 02:30:00,2025-07-07 02:30:00,2025-07-07 02:30:00,,,,0,0,0,0,0,0,na,na
gdelt_7cb0ef6a,fa,گزارش‌ها از کشته شدن سیف الاسلام ، پسر معمر قذافی و سرکوب‌گر اعتراضات لیبی,2026-02-04 06:15:00,2026-02-04 06:15:00,2026-02-04 06:15:00,,,,0,0,0,0,0,0,na,na
gdelt_7cd90a09,en,"Final NFL QB stock report : Due respect to Matthew Stafford , but Drake Maye is rightful MVP",2026-01-06 23:45:00,2026-01-06 23:45:00,2026-01-06 23:45:00,,,,0,0,0,0,0,0,na,na
gdelt_7d28d697,es,Costa Rica celebra elecciones presidenciales,2026-02-01 17:00:00,2026-02-01 17:00:00,2026-02-01 17:00:00,,,,0,0,0,0,0,0,na,na
gdelt_7d39f10f,en,  We cant be thankful enough : First RSAF evacuation flight from Saudi Arabia arrives in Singapore,2026-03-11 08:30:00,2026-03-11 08:30:00,2026-03-11 00:00:00,,,,0,0,0,0,0,0,na,na
gdelt_7dbe2451,en,From ancient boards to AI robots : Asian Civilisations Museum  playable  exhibit,2025-09-09 10:30:00,2025-09-09 10:30:00,2025-09-09 10:30:00,,,,0,0,0,0,0,0,na,na
gdelt_7dc46ebf,en,Bain Capital buying South Korean activewear firm Echo Marketing in $344 million deal,2026-01-03 19:30:00,2026-01-03 19:30:00,2026-01-03 19:30:00,,,,0,0,0,0,0,0,na,na
gdelt_7dd478bb,es,Administración Trump publica expedientes sobre asesinato de Martin Luther King Jr . ,2025-07-22 08:45:00,2025-07-22 08:45:00,2025-07-22 08:45:00,,,,0,0,0,0,0,0,na,na
gdelt_7de5c5e5,en,"Nurses beyond borders : India nursing talent heads abroad amid low pay , high global demand",2026-03-10 08:00:00,2026-03-10 08:00:00,2026-03-10 08:00:00,,,,0,0,0,0,0,0,na,na
gdelt_7de6f1c7,hi,कैसी है भारत की पहली स्वदेशी सेमीकंडक्टर चिप  विक्रम  – DW – 02 . 09 . 2025,2025-09-02 21:30:00,2025-09-02 21:30:00,2025-09-02 00:00:00,2025-01-01 00:00:00,year,2025,1,1,1,1,1,1,tie,tie
gdelt_7e09abda,en,"Nick Cave donates 2 , 000 books to Oxfam charity shop in Brighton",2025-07-22 10:30:00,2025-07-22 10:30:00,2025-07-22 10:30:00,,,,0,0,0,0,0,0,na,na
gdelt_7e252190,es,España anuncia medidas contra Israel por  genocidio  en Gaza – DW – 08 / 09 / 2025,2025-09-08 16:15:00,2025-09-08 16:15:00,2025-09-08 00:00:00,2025-01-01 00:00:00,year,08 / 09 / 2025,1,1,1,1,1,1,tie,tie
gdelt_7e48c2cf,en,  Truly junk : E - waste from rich nations floods local markets in Nigeria | Environment News,2026-03-27 14:15:00,2026-03-27 14:15:00,2026-03-27 14:15:00,,,,0,0,0,0,0,0,na,na
gdelt_7eb8b831,en,"Russia - Ukraine war : List of key events , day 1 , 440",2026-02-03 13:45:00,2026-02-03 13:45:00,2026-02-03 13:45:00,,,,0,0,0,0,0,0,na,na
gdelt_7f08395b,en,Doctors warn of surge in haze - linked symptoms across Singapore,2026-03-30 00:30:00,2026-03-30 00:30:00,2026-03-30 00:30:00,,,,0,0,0,0,0,0,na,na
gdelt_7f0f061a,es,"Exposición de mascotas en Lanzhou , Gansu | Spanish . xinhuanet . com",2026-03-28 18:15:00,2026-03-28 18:15:00,2026-03-28 18:15:00,,,,0,0,0,0,0,0,na,na
gdelt_7f131d50,en,"Asia stocks slip amid US tariff confusion , oil skids",2025-07-07 09:00:00,2025-07-07 09:00:00,2025-07-07 09:00:00,,,,0,0,0,0,0,0,na,na
gdelt_7faa6191,fr,Chine : lorgane législatif national conclut une session de son comité permanent - Xinhua,2025-12-28 14:30:00,2025-12-28 14:30:00,2025-12-28 14:30:00,,,,0,0,0,0,0,0,na,na
gdelt_8026532e,tl,RSAF aerial display at Singapore 2025 National Day Parade,2025-08-11 10:45:00,2025-08-11 10:45:00,2025-08-11 00:00:00,2025-01-01 00:00:00,year,2025,1,1,1,1,1,1,tie,tie
gdelt_802d232e,ur,  گوریلا جنگ کا وسیع تجربہ  رکھنے والے افغان طالبان کے پاس کون سے ہتھیار ہیں اور کیا وہ پاکستان کے خلاف روایتی جنگ کے متحمل ہو سکتے ہیں ؟ ,2026-02-23 21:15:00,2026-02-23 21:15:00,2026-02-23 21:15:00,,,,0,0,0,0,0,0,na,na
gdelt_80335b25,fr,La publication par Donald Trump dune image suggérant le contrôle des Etats - Unis sur le Groenland est irrespectueuse ( PM groenlandais ) - Xinhua,2026-01-21 11:15:00,2026-01-21 11:15:00,2026-01-21 11:15:00,,,,0,0,0,0,0,0,na,na
gdelt_80760c59,zh-cn,专访丨区域一体化有助于巩固亚洲经济可持续增长 访IMF亚太部主任斯里尼瓦桑 - 新华网,2025-10-29 12:15:00,2025-10-29 12:15:00,2025-10-29 12:15:00,,,,0,0,0,0,0,0,na,na
gdelt_80deca48,ko,"자오러지 中 전인대 상무위원장 , 뉴질랜드 공식 친선 방문 - Xinhua",2025-11-23 09:15:00,2025-11-23 09:15:00,2025-11-23 09:15:00,,,,0,0,0,0,0,0,na,na
gdelt_80f9ab44,en,Portavogie : Man charged with murder of Jordan Webb,2025-11-06 18:30:00,2025-11-06 18:30:00,2025-11-06 18:30:00,,,,0,0,0,0,0,0,na,na
gdelt_81134897,hr,Njemačka tehnologija : sateliti za otkrivanje šumskih požara – DW – 21 . 07 . 2025,2025-07-21 17:30:00,2025-07-21 17:30:00,2025-07-21 00:00:00,2025-01-01 00:00:00,year,2025,1,1,1,1,1,1,tie,tie
gdelt_81138566,ko,甘津鲁教育协作帮扶开启  云端共育  新模式 - 新华网,2026-01-22 12:00:00,2026-01-22 12:00:00,2026-01-22 12:00:00,,,,0,0,0,0,0,0,na,na
gdelt_818ee742,zh-cn,2025深圳网络安全宣传周圆满举行 增强网络安全意识和防护能力 - 新华网,2025-09-22 17:15:00,2025-09-22 00:00:00,2025-09-22 00:00:00,2025-01-01 00:00:00,year,2025,1,1,1,1,1,1,tie,tie
gdelt_81d4becb,en,UK doubles troops in Norway to counter Russian  threat to Arctic  ,2026-02-11 12:15:00,2026-02-11 12:15:00,2026-02-11 12:15:00,,,,0,0,0,0,0,0,na,na
gdelt_81f644e6,en,Did the US give Greenland back to Denmark ? Trump omits history at Davos,2026-01-23 11:30:00,2026-01-23 11:30:00,2026-01-23 11:30:00,,,,0,0,0,0,0,0,na,na
gdelt_8222956d,zh-cn,中方在世贸组织举办绿色转型研讨会 - 新华网,2025-07-02 18:15:00,2025-07-02 18:15:00,2025-07-02 18:15:00,,,,0,0,0,0,0,0,na,na
gdelt_82af4dcc,en,Commentary : Did anyone really win the Great Eastern - OCBC standoff ? ,2025-07-12 06:45:00,2025-07-12 06:45:00,2025-07-12 06:45:00,,,,0,0,0,0,0,0,na,na
gdelt_82b8bf0f,ru,Украинский скелетонист оспорит запрет МОК на памятный шлем,2026-02-10 18:15:00,2026-02-10 18:15:00,2026-02-10 18:15:00,,,,0,0,0,0,0,0,na,na
gdelt_82ceee81,de,Deutsche Bahn and sheep : A German summer travel adventure – DW – 07 / 27 / 2025,2025-07-27 19:00:00,2025-07-27 19:00:00,2025-07-27 00:00:00,2025-01-01 00:00:00,year,07 / 27 / 2025,1,1,1,1,1,1,tie,tie
gdelt_837210a8,ar,بزفّة طبول عراقية وبصحبة سبايدرمان مصري … كيف شجع آباء أطفالهم في أول أيام الدراسة ؟ ,2025-09-26 01:30:00,2025-09-26 01:30:00,2025-09-26 01:30:00,,,,0,0,0,0,0,0,na,na
gdelt_83803761,en,Two more charged over Louvre jewellery heist,2025-11-03 02:30:00,2025-11-03 02:30:00,2025-11-03 02:30:00,,,,0,0,0,0,0,0,na,na
gdelt_83a47a29,en,SCO summit : World leaders gather in China Tianjin – DW – 08 / 31 / 2025,2025-08-31 15:30:00,2025-08-31 00:00:00,2025-08-31 00:00:00,2025-01-01 00:00:00,year,08 / 31 / 2025,1,1,1,1,1,1,tie,tie
gdelt_83ba137a,fr,Trump affirme que lIran est en train de négocier avec les Etats - Unis - Xinhua,2026-02-01 13:15:00,2026-02-01 13:15:00,2026-02-01 13:15:00,,,,0,0,0,0,0,0,na,na
gdelt_841c91e1,en,Is Turkiye Israel next target in the Middle East ? | Conflict News,2025-09-21 14:45:00,2025-09-21 14:45:00,2025-09-21 14:45:00,,,,0,0,0,0,0,0,na,na
gdelt_842c5383,en,LIVE : Palestinians lose hope in ceasefire after Israeli strike wave on Gaza | Israel - Palestine conflict News,2025-10-30 16:45:00,2025-10-30 16:45:00,2025-10-30 16:45:00,,,,0,0,0,0,0,0,na,na
gdelt_8436e4a8,fr,Reform united kingdom se retire dun documentaire de la BBC après une polémique sur le montage de propos de Trump ( BBC ) - Xinhua,2025-11-13 08:00:00,2025-11-13 08:00:00,2025-11-13 08:00:00,,,,0,0,0,0,0,0,na,na
gdelt_8465febc,en,"China urges local firms not to use Nvidia H20 chips , Bloomberg News reports",2025-08-12 18:30:00,2025-08-12 18:30:00,2025-08-12 18:30:00,,,,0,0,0,0,0,0,na,na
gdelt_84bb1a5e,en,"More than 4 , 000 people turn out for rubber duck race in Reading",2025-09-15 02:00:00,2025-09-15 02:00:00,2025-09-15 02:00:00,,,,0,0,0,0,0,0,na,na
gdelt_85013f5f,ca,Milicia iraquí reivindica 28 ataques contra  bases enemigas  | Spanish . xinhuanet . com,2026-03-03 18:15:00,2026-03-03 18:15:00,2026-03-03 18:15:00,,,,0,0,0,0,0,0,na,na
gdelt_85030cc1,zh-cn,我国大模型数量超1500个 - 新华网,2025-07-28 01:15:00,2025-07-28 01:15:00,2025-07-28 01:15:00,,,,0,0,0,0,0,0,na,na
gdelt_85092b1b,fa,بولسنارو به علت سکسکه تحت درمان قرار گرفت,2025-12-29 11:00:00,2025-12-29 11:00:00,2025-12-29 11:00:00,,,,0,0,0,0,0,0,na,na
gdelt_8529fe39,en,California says Trump sent military to  silence  LA protests,2025-08-13 13:45:00,2025-08-13 13:45:00,2025-08-13 13:45:00,,,,0,0,0,0,0,0,na,na
gdelt_85750060,es,Inversión en activos fijos de China registra crecimiento estable en primer semestre,2025-07-15 16:30:00,2025-07-15 16:30:00,2025-07-15 16:30:00,,,,0,0,0,0,0,0,na,na
gdelt_85d6b4cb,en,Rescued turtle shows  fighting spirit  at Weymouth Sea Life,2026-03-27 06:00:00,2026-03-27 06:00:00,2026-03-27 06:00:00,,,,0,0,0,0,0,0,na,na
gdelt_861e0dd0,es,Mesa redonda sobre derechos humanos entre China y América Latina destaca cooperación para la gobernanza global,2025-07-27 17:15:00,2025-07-27 17:15:00,2025-07-27 17:15:00,,,,0,0,0,0,0,0,na,na
gdelt_86463aa2,nl,Pakistan : 3 transgender women shot dead in Karachi – DW – 09 / 22 / 2025,2025-09-23 01:00:00,2025-09-23 01:00:00,2025-09-22 00:00:00,2025-01-01 00:00:00,year,09 / 22 / 2025,1,1,1,1,1,1,tie,tie
gdelt_8672b740,en,China pledges to expand demand with more proactive polices in 2026,2025-12-08 16:15:00,2026-12-08 00:00:00,2026-01-01 00:00:00,2026-01-01 00:00:00,year,in 2026,1,1,1,1,1,1,tie,tie
gdelt_871c98fa,en,Labour Party conference : Starmer to spell out differences between Labour and Reform visions for united kingdom ,2025-09-30 22:30:00,2025-09-30 22:30:00,2025-09-30 22:30:00,,,,0,0,0,0,0,0,na,na
gdelt_8734a5a6,ko,中 - 아세안 엑스포에 대거 등장한 AI 응용 사례 ... 미래 기대감  UP - Xinhua,2025-09-21 14:15:00,2025-09-21 14:15:00,2025-09-21 14:15:00,,,,0,0,0,0,0,0,na,na
gdelt_8742095d,fr,La Chine rejette les accusations américaines concernant la COVID - 19 et souligne son engagement envers lOMS et le multilatéralisme - Xinhua,2026-01-27 10:30:00,2026-01-27 10:30:00,2026-01-27 10:30:00,,,,0,0,0,0,0,0,na,na
gdelt_87640139,ko,2025武夷山茶叶产销对接会举办 成交茶叶15万公斤 - 新华网,2025-11-17 20:15:00,2025-11-17 20:15:00,2025-11-17 20:15:00,,,,0,0,0,0,0,0,na,na
gdelt_8777e2f3,sw,AU yabaini dosari kubwa katika uchaguzi wa Tanzania – DW – 06 . 11 . 2025,2025-11-06 20:00:00,2025-11-06 00:00:00,2025-11-06 00:00:00,2025-01-01 00:00:00,year,2025,1,1,1,1,1,1,tie,tie
gdelt_8789ce6e,en,Palestinians reel under winter rains as Israel blocks Gaza shelter supplies,2025-11-16 10:45:00,2025-11-16 10:45:00,2025-11-16 10:45:00,,,,0,0,0,0,0,0,na,na
gdelt_87989392,en,"Lindsey Vonn , at 41 , qualifies for 2026 Winter Olympics :  An amazing feeling  ",2025-12-23 21:00:00,2041-12-23 00:00:00,2026-01-01 00:00:00,2026-01-01 00:00:00,year,2026,1,1,0,1,0,1,v2_better,v2_better
gdelt_87edef81,en,Australia first treaty with Aboriginal people signed in state of Victoria | Indigenous Rights News,2025-11-13 16:30:00,2025-11-13 16:30:00,2025-11-13 16:30:00,,,,0,0,0,0,0,0,na,na
gdelt_8880597b,pt,Kuwait diz que vários caças dos EUA caíram em seu território,2026-03-02 19:30:00,2026-03-02 19:30:00,2026-03-02 19:30:00,,,,0,0,0,0,0,0,na,na
gdelt_89196c39,en,"  All the cards are on the table : Iran faces power vacuum after Khamenei death , analysts say",2026-03-01 21:30:00,2026-03-01 21:30:00,2026-03-01 21:30:00,,,,0,0,0,0,0,0,na,na
gdelt_8948e15d,fr,75 % des Japonais désapprouvent les frappes américano - israéliennes en Iran ( sondage ) - Xinhua,2026-03-15 18:00:00,2026-03-15 18:00:00,2026-03-15 18:00:00,,,,0,0,0,0,0,0,na,na
gdelt_8969796e,zh-cn,数聚产业动能 智启发展新篇 在  万物智联  中见证  滨江智慧 - 新华网,2026-01-14 17:30:00,2026-01-14 17:30:00,2026-01-14 17:30:00,,,,0,0,0,0,0,0,na,na
gdelt_8987ec98,mk,Украина : Избори во воени услови - само ако е безбедно – DW – 15 . 12 . 2025,2025-12-15 17:00:00,2025-12-15 17:00:00,2025-12-15 00:00:00,2025-01-01 00:00:00,year,2025,1,1,1,1,1,1,tie,tie
gdelt_89f5c719,en,"Hong Kong issues highest weather warning , as rains shut schools , courts and hospital wards",2025-08-05 11:15:00,2025-08-05 11:15:00,2025-08-05 11:15:00,,,,0,0,0,0,0,0,na,na
gdelt_8a27cfc0,ur,ٹرمپ کے ایچ ون بی ویزے سے متعلق حکمنامے پر اُلجھن ، خوف اور مستقبل کی فکر :  جوانی امریکہ میں گزار دی لیکن لگتا ہے اسے میری ضرورت نہیں  ,2025-09-22 02:00:00,2025-09-22 02:00:00,2025-09-22 02:00:00,,,,0,0,0,0,0,0,na,na
gdelt_8b0cc3cc,es,Se lleva a cabo Conferencia de Líderes Mundiales sobre la Mujer,2025-10-13 11:30:00,2025-10-13 11:30:00,2025-10-01 00:00:00,,,,0,0,0,0,0,0,na,na
gdelt_8b384c33,en,BBC at protests outside hotel where Trump immigration chief believed to be staying,2026-01-27 15:15:00,2026-01-27 15:15:00,2026-01-27 15:15:00,,,,0,0,0,0,0,0,na,na
gdelt_8b884461,en,Oil prices plunge after Trump suggests Iran war could end soon,2026-03-10 11:15:00,2026-03-10 11:15:00,2026-03-10 11:15:00,,,,0,0,0,0,0,0,na,na
gdelt_8b8e4cb9,zh-cn,新华全媒+丨第十五届中国 东北亚博览会闭幕 吸引2万余名嘉宾参会参展 - 新华网,2025-08-31 20:30:00,2025-08-31 20:30:00,2025-08-31 20:30:00,,,,0,0,0,0,0,0,na,na
gdelt_8bd56b0a,ko,外地职工春节后返厦最高可领450元 - 新华网,2026-01-27 13:15:00,2026-01-27 13:15:00,2026-01-27 13:15:00,,,,0,0,0,0,0,0,na,na
gdelt_8be88085,en,  America First  ― Donald Trump new security strategy – DW – 12 / 08 / 2025,2025-12-09 01:30:00,2025-12-08 00:00:00,2025-12-08 00:00:00,2025-01-01 00:00:00,year,12 / 08 / 2025,1,1,1,1,1,1,tie,tie
gdelt_8c135b07,en,Singapore tables law outlining how workers can file workplace discrimination claims,2025-10-14 16:30:00,2025-10-14 16:30:00,2025-10-14 16:30:00,,,,0,0,0,0,0,0,na,na
gdelt_8c2006c4,vi,Người vô gia cư : Ông Trump chụp tôi ngồi cạnh lều - rồi xe ủi ập đến,2025-08-17 15:45:00,2025-08-17 15:45:00,2025-08-17 15:45:00,,,,0,0,0,0,0,0,na,na
gdelt_8c74d47c,zh-cn,伊朗抗议 ： 有机构指数百人丧生 ， 当局警告若遭美国攻击将会报复 - BBC News 中文,2026-01-12 16:15:00,2026-01-12 16:15:00,2026-01-12 16:15:00,,,,0,0,0,0,0,0,na,na
gdelt_8d18d680,en,Swinney - united kingdom government must  get a move on  with heating oil support,2026-03-15 21:45:00,2026-03-15 21:45:00,2026-03-15 21:45:00,,,,0,0,0,0,0,0,na,na
gdelt_8d251e1c,ru,Выборы в Словении : минимальный перевес проевропейской партии,2026-03-23 08:00:00,2026-03-23 08:00:00,2026-03-23 08:00:00,,,,0,0,0,0,0,0,na,na
gdelt_8d531551,en,Eagles embrace  contribution over credit  mantra in pursuit of back - to - back Super Bowls,2025-09-05 05:30:00,2025-09-05 05:30:00,2025-09-05 05:30:00,,,,0,0,0,0,0,0,na,na
gdelt_8d806a8e,id,DWGC 2025 : Perangi Disinformasi di Era Akal Imitasi – DW – 17 . 11 . 2025,2025-11-17 13:30:00,2025-11-17 13:30:00,2025-11-17 00:00:00,2025-01-01 00:00:00,year,2025,1,1,1,1,1,1,tie,tie
gdelt_8d9f73f3,uk,Франція розслідує загибель журналіста як воєнний злочин – DW – 06 . 10 . 2025,2025-10-06 19:00:00,2025-10-06 19:00:00,2025-10-06 00:00:00,2025-01-01 00:00:00,year,2025,1,1,1,1,1,1,tie,tie
gdelt_8dad6525,es,Principal grupo de supervivientes de bomba atómica critica impulso de primera ministra japonesa para revisar principios antinucleares,2025-11-21 00:00:00,2025-11-21 00:00:00,2025-11-21 00:00:00,,,,0,0,0,0,0,0,na,na
gdelt_8dd6549a,en,Trump threatens Iran with  something very tough  if US demands are not met | Donald Trump News,2026-02-11 08:30:00,2026-02-11 08:30:00,2026-02-11 08:30:00,,,,0,0,0,0,0,0,na,na
gdelt_8e11fa55,es,17 Desfile y Concurso de Alebrijes Monumentales en la Ciudad de México,2025-10-19 17:00:00,2025-10-19 17:00:00,2025-10-19 17:00:00,,,,0,0,0,0,0,0,na,na
gdelt_8e6df2e1,es,Japón acusa a China de actos hostiles contra su fuerza aérea – DW – 07 / 12 / 2025,2025-12-07 14:45:00,2025-12-07 14:45:00,2025-12-07 00:00:00,2025-01-01 00:00:00,year,07 / 12 / 2025,1,1,1,1,1,1,tie,tie
gdelt_8e73f628,sw,Kwa nini Maduro alifungwa macho na kuzibwa masikio alipokamatwa ? ,2026-01-07 00:00:00,2026-01-07 00:00:00,2026-01-07 00:00:00,,,,0,0,0,0,0,0,na,na
gdelt_8e7e41d0,en,"The making of the 2026 World Cup schedule : Simulations , an all - nighter and a giant  puzzle  ",2025-12-07 22:45:00,2025-12-07 22:45:00,2026-01-01 00:00:00,2026-01-01 00:00:00,year,of the 2026,1,1,0,1,0,1,v2_better,v2_better
gdelt_8e9149ab,zh-cn,刘大响 ： 锚定国家战略需求 ， 走出中国特色的AI产业赋能之路 - 新华网,2025-08-05 11:00:00,2025-08-05 11:00:00,2025-08-05 11:00:00,,,,0,0,0,0,0,0,na,na
gdelt_8ec70823,ro,Izolare totală : regimul dur al închisorilor franceze – DW – 03 . 08 . 2025,2025-08-03 19:15:00,2025-08-03 19:15:00,2025-08-03 00:00:00,2025-01-01 00:00:00,year,2025,1,1,1,1,1,1,tie,tie
gdelt_8ed92a94,en,Pacers are the team that never tanked . The NBA should rejoice,2025-06-06 03:30:00,2025-06-06 03:30:00,2025-06-06 03:30:00,,,,0,0,0,0,0,0,na,na
gdelt_8ef70414,sq,Izraeli konfirmon fillimin e ofensivës tokësore në Gazë – DW – 16 / 09 / 2025,2025-09-17 00:00:00,2025-09-17 00:00:00,2025-09-16 00:00:00,2025-01-01 00:00:00,year,16 / 09 / 2025,1,1,1,1,1,1,tie,tie
gdelt_8ef957c8,zh-cn,香港逾1 . 6万人获委任为十五运会和残特奥会义工 - 新华网,2025-09-15 08:00:00,2025-09-15 08:00:00,2025-09-15 08:00:00,,,,0,0,0,0,0,0,na,na
gdelt_8f411a82,zh-cn,超9亿人次 ！ 2025年铁路暑运发送旅客创新高 - 新华网,2025-09-02 11:15:00,2025-09-02 00:00:00,2025-09-02 00:00:00,2025-01-01 00:00:00,year,2025年,1,1,1,1,1,1,tie,tie
gdelt_8fcb1cf6,zh-cn,综述丨中东紧张局势升温 法国油价上涨金融市场承压 - 新华网,2026-03-08 12:15:00,2026-03-08 12:15:00,2026-03-08 12:15:00,,,,0,0,0,0,0,0,na,na
gdelt_8fff17fb,en,Indonesia and US begin joint annual military drills – DW – 08 / 25 / 2025,2025-08-25 18:45:00,2025-08-25 18:45:00,2025-08-25 00:00:00,2025-01-01 00:00:00,year,08 / 25 / 2025,1,1,1,1,1,1,tie,tie
gdelt_905be8a1,en,NI construction group Farrans bought by Dublin firm,2025-09-02 01:00:00,2025-09-02 01:00:00,2025-09-02 01:00:00,,,,0,0,0,0,0,0,na,na
gdelt_907362d1,so,Maamulka Trump oo bilaabay in uu shaqada ka ruqseeyo suxufiiyinta VOA,2025-08-31 23:30:00,2025-08-31 23:30:00,2025-11-01 00:00:00,,,,0,0,0,0,0,0,na,na
gdelt_90798749,ru,Подписан меморандум РФ и КНР о строительстве  Силы Сибири 2  – DW – 02 . 09 . 2025,2025-09-02 16:15:00,2025-09-02 16:15:00,2025-09-02 00:00:00,2025-01-01 00:00:00,year,2025,1,1,1,1,1,1,tie,tie
gdelt_90e1c6d1,en,Brookside one - off special return date revealed,2025-10-14 19:45:00,2025-10-14 19:45:00,2025-10-14 19:45:00,,,,0,0,0,0,0,0,na,na
gdelt_90f9b074,en,Malawi largest refugee camp could close – DW – 07 / 02 / 2025,2025-07-03 00:00:00,2025-07-02 00:00:00,2025-07-02 00:00:00,2025-01-01 00:00:00,year,07 / 02 / 2025,1,1,1,1,1,1,tie,tie
gdelt_910d2c62,en,"Female suspect , 38 , charged in US$102 million Louvre jewel heist",2025-11-02 01:00:00,2038-11-02 00:00:00,2025-11-02 01:00:00,,,,0,0,0,0,0,0,na,na
gdelt_91412b66,id,PP Penugasan Polisi di Jabatan Sipil Rampung Januari 2026 – DW – 22 . 12 . 2025,2025-12-22 15:30:00,2025-12-22 15:30:00,2026-01-01 00:00:00,2026-01-01 00:00:00,year,Januari 2026,1,1,0,1,0,1,v2_better,v2_better
gdelt_917b41c5,en,"Yankee Aaron Judge wins third MVP , cementing his Hall of Fame case",2025-11-14 10:45:00,2025-11-14 10:45:00,2025-11-14 10:45:00,,,,0,0,0,0,0,0,na,na
gdelt_918822d0,en,China fires rockets on second day of drills around Taiwan – DW – 12 / 30 / 2025,2025-12-30 16:00:00,2025-12-30 16:00:00,2025-12-30 00:00:00,2025-01-01 00:00:00,year,12 / 30 / 2025,1,1,1,1,1,1,tie,tie
gdelt_91af42a7,en,South Korea ex - first lady Kim Keon Hee indicted on bribery charges,2025-08-29 12:00:00,2025-08-29 12:00:00,2025-08-29 12:00:00,,,,0,0,0,0,0,0,na,na
gdelt_91bcf3f3,en,Video emerges of Padres berating umps after blown call in season - ending loss,2025-10-04 01:30:00,2025-10-04 01:30:00,2025-10-04 01:30:00,,,,0,0,0,0,0,0,na,na
gdelt_91f0c7cf,tr,"İran savaşı , Kim Jong Unun  nükleer tercihini pekiştirebilir  ",2026-03-19 14:15:00,2026-03-19 14:15:00,2026-03-19 14:15:00,,,,0,0,0,0,0,0,na,na
gdelt_91f1f68e,en,AFCON 2025 : Why are east African teams so far behind other nations ? ,2025-12-27 14:15:00,2025-12-27 00:00:00,2025-12-27 00:00:00,2025-01-01 00:00:00,year,2025,1,1,1,1,1,1,tie,tie
gdelt_921800ca,pl,Wicekanclerz Niemiec : UE przygotuje odpowiedź na cła Trumpa – DW – 13 . 07 . 2025,2025-07-13 22:00:00,2025-07-13 22:00:00,2025-07-13 00:00:00,2025-01-01 00:00:00,year,2025,1,1,1,1,1,1,tie,tie
gdelt_921e2008,en,Fireworks lighting up the sky at NDP 2025,2025-08-09 23:45:00,2025-08-09 23:45:00,2025-08-09 00:00:00,2025-01-01 00:00:00,year,2025,1,1,1,1,1,1,tie,tie
gdelt_922d01bc,ko,"中 신장 ( 新疆 ) 톈산국제공항 , 새 터미널 개장 후 이용객 급증 - Xinhua",2025-07-22 12:15:00,2025-07-22 12:15:00,2025-07-22 12:15:00,,,,0,0,0,0,0,0,na,na
gdelt_924406e1,zh-cn,国网绍兴柯桥供电分公司 ： 筑牢廉洁防线 弘扬清风正气 - 新华网,2025-10-12 17:00:00,2025-10-12 17:00:00,2025-10-01 00:00:00,,,,0,0,0,0,0,0,na,na
gdelt_926b1a5e,ru,Израиль отрицает ответственность за удар по школе в Иране,2026-03-01 23:00:00,2026-03-01 23:00:00,2026-03-01 23:00:00,,,,0,0,0,0,0,0,na,na
gdelt_92a87d41,en,Germany news : FM Wadephul heads for Western Balkans – DW – 11 / 16 / 2025,2025-11-16 15:00:00,2025-11-16 15:00:00,2025-11-16 00:00:00,2025-01-01 00:00:00,year,11 / 16 / 2025,1,1,1,1,1,1,tie,tie
gdelt_92ce206f,bg,Речта на Тръмп : пет извода,2026-02-25 22:15:00,2026-02-25 22:15:00,2026-02-20 00:00:00,,,,0,0,0,0,0,0,na,na
gdelt_9300ae96,tr,Hipersonik füze yarışı kızışıyor : Batı geride mi kalıyor ? ,2025-08-24 16:30:00,2025-08-24 16:30:00,2025-08-20 00:00:00,,,,0,0,0,0,0,0,na,na
gdelt_931c0e79,en,Madagascar president fires government after Gen - Z protests – DW – 09 / 30 / 2025,2025-09-30 08:15:00,2025-09-30 00:00:00,2025-09-30 00:00:00,2025-01-01 00:00:00,year,09 / 30 / 2025,1,1,1,1,1,1,tie,tie
gdelt_935ab796,en,Asian markets extend gains as Tokyo enjoys another record day,2026-02-10 11:30:00,2026-02-10 11:30:00,2026-02-10 11:30:00,,,,0,0,0,0,0,0,na,na
gdelt_9370b5b5,en,Trump White House takes to TikTok as deadline looms to ban platform | Social Media News,2025-08-20 14:00:00,2025-08-20 14:00:00,2025-08-20 14:00:00,,,,0,0,0,0,0,0,na,na
gdelt_937cc29d,sw,Trump asema makubaliano ya amani ya Ukraine yanakaribia – DW – 29 . 12 . 2025,2025-12-29 13:15:00,2025-12-29 00:00:00,2025-12-29 00:00:00,2025-01-01 00:00:00,year,2025,1,1,1,1,1,1,tie,tie
gdelt_9390f1cc,nl,"US weighs strikes on cartels in Venezuela , F - 35 warplanes deploy : Reports",2025-09-06 13:30:00,2025-09-06 13:30:00,2025-09-06 13:30:00,,,,0,0,0,0,0,0,na,na
gdelt_93c0f0dd,en,Rubio on Europe tour to bolster ties with pro - Trump leaders,2026-02-16 03:15:00,2026-02-16 03:15:00,2026-02-16 03:15:00,,,,0,0,0,0,0,0,na,na
gdelt_93fd3450,hr,Crna Gora : Crkva čuva ratnog zločinca Pavla Đurišića – DW – 10 . 8 . 2025 . ,2025-08-10 18:45:00,2025-08-10 18:45:00,2025-08-10 00:00:00,2025-01-01 00:00:00,year,2025,1,1,1,1,1,1,tie,tie
gdelt_944fd896,es,Lula pide a Trump que reflexione sobre importancia de Brasil y negocie aranceles,2025-07-29 11:45:00,2025-07-29 11:45:00,2025-07-01 00:00:00,,,,0,0,0,0,0,0,na,na
gdelt_94dd0d9f,uk,"Після аварії , яка вбила моїх друзів , мене паралізувало - але врятував танець",2026-03-23 02:45:00,2026-03-23 02:45:00,2026-03-23 02:45:00,,,,0,0,0,0,0,0,na,na
gdelt_94e87c0c,ru,Киев просит Индию освободить задержанных украинцев,2026-03-19 00:30:00,2026-03-19 00:30:00,2026-03-19 00:30:00,,,,0,0,0,0,0,0,na,na
gdelt_9512375c,en,"Nvidia will consider investing in OpenAI IPO , Huang tells CNBC",2026-02-04 11:15:00,2026-02-04 11:15:00,2026-02-04 11:15:00,,,,0,0,0,0,0,0,na,na
gdelt_952ab67b,fr,Le ministère chinois des AE met en garde contre la remise en cause par le Japon de lordre international daprès - guerre - Xinhua,2026-02-15 10:00:00,2026-02-15 10:00:00,2026-02-15 10:00:00,,,,0,0,0,0,0,0,na,na
gdelt_952d8de0,sq,OBSH : Mbi një miliardë njerëz në botë me sëmundje psikike – DW – 08 / 09 / 2025,2025-09-08 14:45:00,2025-09-08 14:45:00,2025-09-08 00:00:00,2025-01-01 00:00:00,year,08 / 09 / 2025,1,1,1,1,1,1,tie,tie
gdelt_9531edcf,en,Commentary : The political weaponisation of sleep,2025-12-30 07:15:00,2025-12-30 07:15:00,2025-12-30 07:15:00,,,,0,0,0,0,0,0,na,na
gdelt_9562bcd6,en,Prosthetic leg returned to owner after 10 months adrift in the sea,2026-02-16 01:00:00,2025-04-16 01:00:00,2025-04-16 01:00:00,,,,0,0,0,0,0,0,na,na
gdelt_96c157cb,es,Milei y el desafío de controlar la SIDE en Argentina – DW – 08 / 01 / 2026,2026-01-09 03:15:00,2026-01-09 03:15:00,2026-01-08 00:00:00,2026-01-01 00:00:00,year,08 / 01 / 2026,1,1,1,1,1,1,tie,tie
gdelt_973302c2,en,Trilateral Ukraine talks to resume in Abu Dhabi on Wednesday : Zelenskyy,2026-02-01 23:00:00,2026-01-28 00:00:00,2026-01-28 00:00:00,,,,0,0,0,0,0,0,na,na
gdelt_9736a64a,en,India : Delhi car blast suspect in court as another arrested – DW – 11 / 17 / 2025,2025-11-18 00:15:00,2025-11-17 00:00:00,2025-11-17 00:00:00,2025-01-01 00:00:00,year,11 / 17 / 2025,1,1,1,1,1,1,tie,tie
gdelt_974feee2,en,Xi and Trump find temporary truce as China plays longer game,2025-10-30 20:30:00,2025-10-30 20:30:00,2025-10-30 20:30:00,,,,0,0,0,0,0,0,na,na
gdelt_975767c9,uk,Зеленський : Європа могла б позичити Києву ЗРК Patriot – DW – 10 . 11 . 2025,2025-11-10 18:15:00,2025-11-10 18:15:00,2025-11-10 00:00:00,2025-01-01 00:00:00,year,2025,1,1,1,1,1,1,tie,tie
gdelt_9764fac7,en,Trump administration denies reports that Iran captured US soldiers,2026-03-08 07:00:00,2026-03-08 07:00:00,2026-03-08 07:00:00,,,,0,0,0,0,0,0,na,na
gdelt_978b95ad,en,Starmer announces united kingdom recognition of Palestinian state,2025-09-21 22:15:00,2025-09-21 22:15:00,2025-09-21 22:15:00,,,,0,0,0,0,0,0,na,na
gdelt_97e25d8b,en,US - China trade talks : Negotiators hold second day of talks in Stockholm to extend trade truce,2025-07-29 22:30:00,2025-07-29 22:30:00,2025-07-29 22:30:00,,,,0,0,0,0,0,0,na,na
gdelt_982101d0,cy,  I was fined £100 for a poo my dog didnt do  ,2025-10-29 16:00:00,2025-10-29 16:00:00,2025-01-01 00:00:00,,,,0,0,0,0,0,0,na,na
gdelt_984fdec3,en,Wells Fargo suspends China travel after banker hit with exit ban,2025-07-18 04:45:00,2025-07-18 04:45:00,2025-07-18 04:45:00,,,,0,0,0,0,0,0,na,na
gdelt_98c49d68,en,Maduro says he a  prisoner of war : Why that matters | Nicolas Maduro News,2026-01-07 00:00:00,2026-01-07 00:00:00,2026-01-07 00:00:00,,,,0,0,0,0,0,0,na,na
gdelt_98d0a63e,fa,پاپ لئو شدیدترین انتقاد خود از ترامپ را مطرح کرد,2025-11-06 09:15:00,2025-11-06 09:15:00,2025-11-06 09:15:00,,,,0,0,0,0,0,0,na,na
gdelt_98e44a51,ko,期待春晚  硅基舞团  加速舞进现实 - 新华网,2026-02-17 13:45:00,2026-02-17 13:45:00,2026-02-17 13:45:00,,,,0,0,0,0,0,0,na,na
gdelt_990618d9,uk,"РФ атакувала Кривий Ріг , Херсон і Запоріжжя , є поранені",2026-02-17 06:00:00,2026-02-17 06:00:00,2026-02-17 06:00:00,,,,0,0,0,0,0,0,na,na
gdelt_993a9aa2,en,Bangladesh tense ahead of ousted PM Hasina verdict,2025-11-17 10:45:00,2025-11-17 10:45:00,2025-11-17 10:45:00,,,,0,0,0,0,0,0,na,na
gdelt_9988b760,zh-cn,从山间野果到富民强县的金色产业 龙里山间浸润刺梨香 - 新华网,2025-08-24 15:00:00,2025-08-24 15:00:00,2025-08-24 15:00:00,,,,0,0,0,0,0,0,na,na
gdelt_9989f939,en,US tariffs have not affected Singapore import prices ; no direct impact on inflation expected : Gan Siow Huang,2026-02-12 16:15:00,2026-02-12 16:15:00,2026-02-12 16:15:00,,,,0,0,0,0,0,0,na,na
gdelt_999e0c85,fr,"Indonésie : 15 morts et 19 blessés dans un accident de bus dans la ville de Semarang , dans l  île de Java - Xinhua",2025-12-22 13:30:00,2025-12-22 13:30:00,2025-12-22 13:30:00,,,,0,0,0,0,0,0,na,na
gdelt_99b26935,en,Tan lines are back in fashion . But can you get the look safely ? ,2025-08-03 14:45:00,2025-08-03 14:45:00,2025-08-03 14:45:00,,,,0,0,0,0,0,0,na,na
gdelt_99cfd749,fi,Zelenskyy eyes invite to Trump - Putin talks in Budapest,2025-10-20 19:45:00,2025-10-20 19:45:00,2025-10-20 19:45:00,,,,0,0,0,0,0,0,na,na
gdelt_9a94038b,sl,Možemo li i virtualno stvoriti „ prave  prijatelje ? – DW – 26 . 10 . 2025,2025-10-26 19:45:00,2025-10-26 19:45:00,2025-10-26 00:00:00,2025-01-01 00:00:00,year,2025,1,1,1,1,1,1,tie,tie
gdelt_9ab43174,hi,"ऑफिस ही नहीं , किचन का काम भी आसान कर रहा एआई – DW – 23 . 12 . 2025",2025-12-23 17:30:00,2025-12-23 17:30:00,2025-12-23 00:00:00,2025-01-01 00:00:00,year,2025,1,1,1,1,1,1,tie,tie
gdelt_9ae60636,pl,Wypadek Flixbusa w Niemczech . Nowe informacje – DW – 04 . 07 . 2025,2025-07-04 23:30:00,2025-07-04 23:30:00,2025-07-04 00:00:00,2025-01-01 00:00:00,year,2025,1,1,1,1,1,1,tie,tie
gdelt_9ae94a0f,en,Commentary : Singapore telco sector is back to a three - horse race,2025-08-13 14:30:00,2025-08-13 14:30:00,2025-01-03 00:00:00,,,,0,0,0,0,0,0,na,na
gdelt_9b6ba15a,hu,A menos cerveza ... Heineken recortará hasta 6 . 000 empleos,2026-02-11 19:00:00,2026-02-11 19:00:00,2026-02-11 19:00:00,,,,0,0,0,0,0,0,na,na
gdelt_9bd78898,en,Malawi election : President Lazarus Chakwera concedes victory to Peter Mutharika,2025-09-24 19:15:00,2025-09-24 19:15:00,2025-09-24 19:15:00,,,,0,0,0,0,0,0,na,na
gdelt_9be35948,en,Russia first country to recognize Taliban rule – DW – 07 / 04 / 2025,2025-07-04 11:30:00,2025-07-04 00:00:00,2025-07-04 00:00:00,2025-01-01 00:00:00,year,07 / 04 / 2025,1,1,1,1,1,1,tie,tie
gdelt_9be42bed,ko,研究 ： 全面应用公交车自动驾驶可缩短候车时间,2026-01-18 18:15:00,2026-01-18 18:15:00,2026-01-18 18:15:00,,,,0,0,0,0,0,0,na,na
gdelt_9c97c227,tr,Suriye paradan iki sıfır atıyor – DW – 24 . 08 . 2025,2025-08-24 18:45:00,2025-08-24 18:45:00,2025-08-24 00:00:00,2025-01-01 00:00:00,year,2025,1,1,1,1,1,1,tie,tie
gdelt_9d397e39,de,Lebenslange Haft nach Messerangriff von Mannheim – DW – 16 . 09 . 2025,2025-09-16 20:30:00,2025-09-16 20:30:00,2025-09-16 00:00:00,2025-01-01 00:00:00,year,2025,1,1,1,1,1,1,tie,tie
gdelt_9d401006,no,Massive sinkhole opens up outside Bangkok hospital,2025-09-25 18:15:00,2025-09-25 18:15:00,2025-09-25 18:15:00,,,,0,0,0,0,0,0,na,na
gdelt_9d995a55,fr,Chine : le métro de Guangzhou accepte les cartes bancaires internationales sans contact - Xinhua,2025-10-13 13:30:00,2025-10-13 13:30:00,2025-10-13 13:30:00,,,,0,0,0,0,0,0,na,na
gdelt_9dd8abc8,en,"Afghanistan earthquake death toll rises to 2 , 200",2025-09-05 05:15:00,2025-09-05 05:15:00,2025-09-05 05:15:00,,,,0,0,0,0,0,0,na,na
gdelt_9dedd325,en,Iran protests : Army vows to safeguard country interests as demonstrations persist,2026-01-10 21:15:00,2026-01-10 21:15:00,2026-01-10 21:15:00,,,,0,0,0,0,0,0,na,na
gdelt_9df34b9f,ko,中 세 번째 중대 건설 프로젝트 목록 발표 ... 56조원 이상 지원할 것 - Xinhua,2025-07-04 11:00:00,2025-07-04 11:00:00,2025-07-04 11:00:00,,,,0,0,0,0,0,0,na,na
gdelt_9df641e9,ru,Глава МИД ФРГ : Украине крайне важны гарантии безопасности – DW – 07 . 01 . 2026,2026-01-08 04:45:00,2026-01-08 04:45:00,2026-01-07 00:00:00,2026-01-01 00:00:00,year,2026,1,1,1,1,1,1,tie,tie
gdelt_9eae5b2b,zh-cn,10歲女孩 、 拉比和猶太人大屠殺倖存者 ： 那些澳洲悉尼邦迪海灘槍擊案中的遇害者,2025-12-16 15:15:00,2025-12-16 15:15:00,2025-12-16 15:15:00,,,,0,0,0,0,0,0,na,na
gdelt_9efbbe9f,en,Four injured in explosion at US air base in Japan,2025-06-09 17:15:00,2025-06-09 17:15:00,2025-06-09 17:15:00,,,,0,0,0,0,0,0,na,na
gdelt_9f0419ca,ro,Crima din Cosmopolis : Femicidul și nepăsarea polițiștilor – DW – 03 . 06 . 2025,2025-06-03 15:00:00,2025-06-03 15:00:00,2025-06-03 00:00:00,2025-01-01 00:00:00,year,2025,1,1,1,1,1,1,tie,tie
gdelt_9f2a8a39,en,Warrior Kerr reiterates he wants NBA to cut down season ; says quality of play would improve,2026-03-12 00:30:00,2026-03-12 00:30:00,2026-03-12 00:30:00,,,,0,0,0,0,0,0,na,na
gdelt_9f4e117a,es,China publica plan de acción para impulsar el consumo en mayor medida,2025-11-26 20:15:00,2025-11-26 20:15:00,2025-11-26 20:15:00,,,,0,0,0,0,0,0,na,na
gdelt_9f664471,en,David Cameron : Former prime minister reveals he had prostate cancer,2025-11-24 07:30:00,2025-11-24 07:30:00,2025-11-24 07:30:00,,,,0,0,0,0,0,0,na,na
gdelt_9f6b9dba,zh-cn,黔台携手 ， 展开一场地缘与人缘的双向奔赴 - 新华网,2025-09-16 10:30:00,2025-09-16 10:30:00,2025-09-16 10:30:00,,,,0,0,0,0,0,0,na,na
gdelt_9f75f660,en,Thai queen wins SEA Games gold in sailing,2025-12-18 18:00:00,2025-12-18 18:00:00,2025-12-18 18:00:00,,,,0,0,0,0,0,0,na,na
gdelt_9f79091c,en,Autism :  This is not your bog - standard charity shop  ,2025-12-31 15:00:00,2025-12-31 15:00:00,2025-12-31 15:00:00,,,,0,0,0,0,0,0,na,na
gdelt_a0075935,en,"Northumberland teen  shocked  as terror police raided home , court hears",2026-01-15 01:00:00,2026-01-15 01:00:00,2026-01-15 01:00:00,,,,0,0,0,0,0,0,na,na
gdelt_a00f0663,zh-cn,瞭望 | 边境幸福村再升级 _ 新华网,2025-06-10 17:15:00,2025-06-10 17:15:00,2025-06-10 17:15:00,,,,0,0,0,0,0,0,na,na
gdelt_a0102958,en,Indonesia may shift government funds to regional banks to boost growth,2025-10-07 18:45:00,2025-10-07 18:45:00,2025-10-07 18:45:00,,,,0,0,0,0,0,0,na,na
gdelt_a09153ed,en,Iran war live : Tehran warns of intensified strikes if energy sites targeted | US - Israel war on Iran News,2026-03-20 16:30:00,2026-03-20 16:30:00,2026-03-20 16:30:00,,,,0,0,0,0,0,0,na,na
gdelt_a09437a6,uk,Генштаб підтвердив ураження низки об  єктів у РФ,2026-02-16 01:30:00,2026-02-16 01:30:00,2026-02-16 01:30:00,,,,0,0,0,0,0,0,na,na
gdelt_a0a6b426,da,Killer left partner to die after attacking her at Chester home,2026-02-26 05:15:00,2026-02-26 05:15:00,2026-02-26 05:15:00,,,,0,0,0,0,0,0,na,na
gdelt_a0a6d129,ca,Delegación del PCCh visita Brasil | Spanish . xinhuanet . com,2025-06-09 00:15:00,2025-06-09 00:15:00,2025-06-09 00:15:00,,,,0,0,0,0,0,0,na,na
gdelt_a0b868de,en,Pentagon warns Venezuela as 2 military aircraft fly near US warship,2025-09-05 14:45:00,2025-09-05 14:45:00,2025-09-05 14:45:00,,,,0,0,0,0,0,0,na,na
gdelt_a0ef493d,zh-cn,胡昌升 ： 立足经济监督定位履职尽责 以高质量审计监督护航高质量发展 - 新华网,2026-01-26 15:00:00,2026-01-26 15:00:00,2026-01-26 15:00:00,,,,0,0,0,0,0,0,na,na
gdelt_a0ffd476,en,Lebanon on edge over potential US strike on Iran,2026-02-26 19:15:00,2026-02-26 19:15:00,2026-02-26 19:15:00,,,,0,0,0,0,0,0,na,na
gdelt_a13a0605,en,Nobel Peace Prize ceremony held without Machado – DW – 12 / 10 / 2025,2025-12-10 16:30:00,2025-12-10 16:30:00,2025-12-10 00:00:00,2025-01-01 00:00:00,year,12 / 10 / 2025,1,1,1,1,1,1,tie,tie
gdelt_a163e061,ru,Рейд израильского спецназа в ливанской деревне в поисках останков 40 - летней давности : десятки погибших,2026-03-08 10:30:00,2026-03-08 10:30:00,2026-03-08 10:30:00,,,,0,0,0,0,0,0,na,na
gdelt_a1b53552,en,Lisa Dorrian : Man arrested on suspicion of 2005 murder,2025-12-08 23:45:00,2005-12-08 00:00:00,2025-12-08 23:45:00,2005-01-01 00:00:00,year,of 2005,1,1,1,0,1,0,v1_better,v1_better
gdelt_a1c46024,pt,"Quem é Zohran Mamdani , o prefeito eleito de Nova York – DW – 05 / 11 / 2025",2025-11-05 17:15:00,2025-11-05 17:15:00,2025-11-05 00:00:00,2025-01-01 00:00:00,year,05 / 11 / 2025,1,1,1,1,1,1,tie,tie
gdelt_a1e802ab,en,"Chiefs - Cowboys takeaways : George Pickens , Dak Prescott spark win , boost playoff hopes",2025-11-28 11:15:00,2025-11-28 11:15:00,2025-11-28 11:15:00,,,,0,0,0,0,0,0,na,na
gdelt_a208e18f,fr,La Chine est prête à apporter de nouvelles contributions à la gouvernance marine mondiale ( ministre des AE ) - Xinhua,2026-03-26 11:00:00,2026-03-26 11:00:00,2026-03-26 11:00:00,,,,0,0,0,0,0,0,na,na
gdelt_a209ff62,en,"Philippines says Chinese ship rammed vessel in disputed sea , Beijing says Manila fully responsible",2025-10-12 14:15:00,2025-10-12 14:15:00,2025-10-12 14:15:00,,,,0,0,0,0,0,0,na,na
gdelt_a20bd0d0,en,Hungary blocks some fuel deliveries to Ukraine amid tensions,2026-03-06 20:15:00,2026-03-06 20:15:00,2026-03-06 20:15:00,,,,0,0,0,0,0,0,na,na
gdelt_a24e3362,en,"Syria live : SDF , government trade ceasefire violation accusations | Conflict News",2026-01-20 06:00:00,2026-01-20 06:00:00,2026-01-20 06:00:00,,,,0,0,0,0,0,0,na,na
gdelt_a2e8371b,en,Japan coalition to back Takaichi as first woman PM reports – DW – 10 / 19 / 2025,2025-10-19 12:30:00,2025-10-19 12:30:00,2025-10-19 00:00:00,2025-01-01 00:00:00,year,10 / 19 / 2025,1,1,1,1,1,1,tie,tie
gdelt_a2eb1c2a,ur,بلیک ستمبر : کیا 1970 میں فلسطینیوں کے  قتل عام  میں ضیاالحق بھی ملوث تھے ؟ ,2025-08-17 11:15:00,2025-08-17 11:15:00,2025-08-01 00:00:00,1970-01-01 00:00:00,year,1970,1,1,0,0,0,0,tie,tie
gdelt_a307a123,en,Women Rugby World Cup : Campaigns aim to stop thousands of girls giving up on sport,2025-09-29 14:30:00,2025-09-29 14:30:00,2025-09-29 14:30:00,,,,0,0,0,0,0,0,na,na
gdelt_a3a7aff0,so,Netanyahu oo ka welwelsan qorshaha Madaxweyne Trump,2026-01-19 02:00:00,2026-01-19 02:00:00,2026-11-01 00:00:00,,,,0,0,0,0,0,0,na,na
gdelt_a3d8f388,en,The Radar – The Athletic scouting guide to the 2025 Africa Cup of Nations,2025-12-19 14:15:00,2025-12-19 00:00:00,2025-12-19 00:00:00,2025-01-01 00:00:00,year,the 2025,1,1,1,1,1,1,tie,tie
gdelt_a4025c8e,en,Pakistan blast kills dozens at mosque on outskirts of Islamabad,2026-02-06 22:00:00,2026-02-06 22:00:00,2026-02-06 22:00:00,,,,0,0,0,0,0,0,na,na
gdelt_a435be60,hr, „ Lažna dihotomija Bosne  – kako se proizvodi podela – DW – 30 . 9 . 2025 . ,2025-09-30 16:15:00,2025-09-30 16:15:00,2025-09-30 00:00:00,2025-01-01 00:00:00,year,2025,1,1,1,1,1,1,tie,tie
gdelt_a45882d6,bg,Ще се стигне ли до бойкот на Мондиал 2026 заради Тръмп,2026-01-28 00:45:00,2026-01-28 00:45:00,2026-01-28 00:00:00,2026-01-01 00:00:00,year,2026,1,1,1,1,1,1,tie,tie
gdelt_a45f6277,en,"LIVE : Conditions in Gaza City under Israeli attack  unthinkable , says UN | Israel - Palestine conflict News",2025-09-05 05:15:00,2025-09-05 05:15:00,2025-09-05 05:15:00,,,,0,0,0,0,0,0,na,na
gdelt_a495ac0d,en,Trump announces new offshore drilling projects despite bipartisan pushback,2025-11-21 08:15:00,2025-11-21 08:15:00,2025-11-21 08:15:00,,,,0,0,0,0,0,0,na,na
gdelt_a4b2cf0a,fr,Un indice révèle lamélioration de l  économie maritime chinoise - Xinhua,2025-06-09 11:00:00,2025-06-09 11:00:00,2025-06-09 11:00:00,,,,0,0,0,0,0,0,na,na
gdelt_a4fe315a,fr,Mexique : 62 morts dans les violences après la mort du baron de la drogue El Mencho - Xinhua,2026-02-24 22:45:00,2026-02-24 22:45:00,2026-02-24 22:45:00,,,,0,0,0,0,0,0,na,na
gdelt_a55acc4d,en,Cambodian scam centre targeting Singaporeans : No bail for brother and girlfriend of suspected syndicate leader,2025-10-02 12:30:00,2025-10-02 12:30:00,2025-10-02 12:30:00,,,,0,0,0,0,0,0,na,na
gdelt_a5710c28,en,"Switzerland SailGP : Australia on top , united states disqualified in race one , two races canceled",2025-09-21 03:30:00,2025-09-21 03:30:00,2025-01-02 00:00:00,,,,0,0,0,0,0,0,na,na
gdelt_a5f5d023,uk,Підозрюваний у вбивстві Парубія публічно визнав провину – DW – 02 . 09 . 2025,2025-09-02 20:15:00,2025-09-02 20:15:00,2025-09-02 00:00:00,2025-01-01 00:00:00,year,2025,1,1,1,1,1,1,tie,tie
gdelt_a6a00cd4,ko,浙江庆元加快培育荒野茶品牌 - 新华网,2025-08-24 12:45:00,2025-08-24 12:45:00,2025-08-24 12:45:00,,,,0,0,0,0,0,0,na,na
gdelt_a72fa0d5,en,Death toll in Southeast Asia floods tops 300,2025-11-29 05:45:00,2025-11-29 05:45:00,2025-11-29 05:45:00,,,,0,0,0,0,0,0,na,na
gdelt_a77d90fe,af,"D - Day veteran Jim Glennie , 100 , awarded honorary Aberdeen degree",2025-10-15 03:15:00,2025-10-15 03:15:00,2025-10-10 00:00:00,,,,0,0,0,0,0,0,na,na
gdelt_a7ab93ee,en,"Commentary : If super - tall HDB blocks are coming , here what needs to be considered",2026-04-01 08:15:00,2026-04-01 08:15:00,2026-04-01 08:15:00,,,,0,0,0,0,0,0,na,na
gdelt_a7ec91fe,uk,Антиурядові протести у Сербії не вщухають кілька діб поспіль – DW – 17 . 08 . 2025,2025-08-17 17:00:00,2025-08-17 17:00:00,2025-08-17 00:00:00,2025-01-01 00:00:00,year,2025,1,1,1,1,1,1,tie,tie
gdelt_a8458b09,en,What you need to know about the Olympic skeleton controversy between the U . S . and Canada,2026-01-30 23:00:00,2026-01-30 23:00:00,2026-01-30 23:00:00,,,,0,0,0,0,0,0,na,na
gdelt_a85b1176,en,Trump calls Greenland  vital  for US as Danish FM braces for Vance talks,2026-01-14 22:30:00,2026-01-14 22:30:00,2026-01-14 22:30:00,,,,0,0,0,0,0,0,na,na
gdelt_a87a0613,zh-cn,广州市政协十四届四次会议以来 ， 共审查立案782件提案 - 新华网,2026-01-18 15:00:00,2026-01-18 15:00:00,2026-01-18 15:00:00,,,,0,0,0,0,0,0,na,na
gdelt_a8c0b6de,en,Syria shares results of parliamentary election amid inclusivity concerns,2025-10-07 06:30:00,2025-10-07 06:30:00,2025-10-07 06:30:00,,,,0,0,0,0,0,0,na,na
gdelt_a8ce4d11,en,Inside Singapore push to reinvent public service work with agentic AI,2025-12-19 10:00:00,2025-12-19 10:00:00,2025-12-19 10:00:00,,,,0,0,0,0,0,0,na,na
gdelt_a8fadf23,en,Venezuela Power Play : What China and India responses show about their role on the global stage,2026-01-14 02:00:00,2026-01-14 02:00:00,2026-01-14 02:00:00,,,,0,0,0,0,0,0,na,na
gdelt_a913fc8e,en,"Winter Olympics 2026 : GB Zoe Atkin claims halfpipe bronze , Eileen Gu wins gold",2026-02-22 20:30:00,2026-02-22 00:00:00,2026-02-22 00:00:00,2026-01-01 00:00:00,year,2026,1,1,1,1,1,1,tie,tie
gdelt_a94d9fe3,vi,"AI sẽ thay thế phần lớn con người , sau đó thì sao nữa ? ",2025-08-25 10:00:00,2025-08-25 10:00:00,2025-08-25 10:00:00,,,,0,0,0,0,0,0,na,na
gdelt_a9dad6dd,ru,Мерц : Пошлины США серьезно ударят по немецкому экспорту – DW – 13 . 07 . 2025,2025-07-14 03:45:00,2025-07-14 03:45:00,2025-07-13 00:00:00,2025-01-01 00:00:00,year,2025,1,1,1,1,1,1,tie,tie
gdelt_aa8a1b93,en,Chain of Unity : Ukraine Independence Day marked at Belfast Mela,2025-08-24 22:00:00,2025-08-24 22:00:00,2025-08-24 22:00:00,,,,0,0,0,0,0,0,na,na
gdelt_aac88ee7,zh-cn,书展变  书超 ， 交出人文经济新答卷 _ 新华网江苏频道,2025-07-08 11:45:00,2025-07-08 11:45:00,2025-07-08 11:45:00,,,,0,0,0,0,0,0,na,na
gdelt_aae870f3,en,Plans for united kingdom newest national park head to public enquiry,2026-03-26 20:30:00,2026-03-26 20:30:00,2026-03-26 20:30:00,,,,0,0,0,0,0,0,na,na
gdelt_ab166b1d,id,Analisis DNA Ungkap Fakta Kesehatan Hitler – DW – 17 . 11 . 2025,2025-11-17 18:30:00,2025-11-17 18:30:00,2025-11-17 00:00:00,2025-01-01 00:00:00,year,2025,1,1,1,1,1,1,tie,tie
gdelt_ab294dc1,en,"Kingsbury School : Boy , 13 , questioned after two students stabbed",2026-02-11 16:45:00,2026-02-13 00:00:00,2026-02-11 16:45:00,,,,0,0,0,0,0,0,na,na
gdelt_ab2eee35,pt,Como aeroporto de Bogotá desbancou os de São Paulo e Cidade do México e se tornou o mais movimentado da América Latina,2025-09-01 03:00:00,2025-09-01 03:00:00,2025-12-01 00:00:00,,,,0,0,0,0,0,0,na,na
gdelt_ab79f60e,id,ESDM Buka Suara soal Gunung Lawu Dilelang buat Proyek – DW – 20 . 10 . 2025,2025-10-20 16:45:00,2025-10-20 16:45:00,2025-10-20 00:00:00,2025-01-01 00:00:00,year,2025,1,1,1,1,1,1,tie,tie
gdelt_ab7e3246,en,Two Chinese nationals charged with exporting Nvidia AI chips to China,2025-08-06 12:45:00,2025-08-06 12:45:00,2025-08-06 12:45:00,,,,0,0,0,0,0,0,na,na
gdelt_ab851b49,sq,Sulmet kibernetike në aeroporte : Çfarë duhet të dini – DW – 22 / 09 / 2025,2025-09-23 01:00:00,2025-09-23 01:00:00,2025-09-22 00:00:00,2025-01-01 00:00:00,year,22 / 09 / 2025,1,1,1,1,1,1,tie,tie
gdelt_ab85c3f5,sl,Brazil : Over 100 killed in major Rio drugs raid – DW – 10 / 29 / 2025,2025-10-30 01:45:00,2025-10-30 01:45:00,2025-10-29 00:00:00,2025-01-01 00:00:00,year,10 / 29 / 2025,1,1,1,1,1,1,tie,tie
gdelt_ab8fd08e,ru,В Сумах российские дроны поразили жилой дом и АЗС – DW – 25 . 08 . 2025,2025-08-25 18:45:00,2025-08-25 18:45:00,2025-08-25 00:00:00,2025-01-01 00:00:00,year,2025,1,1,1,1,1,1,tie,tie
gdelt_ab92371b,en,"World Legacy cruise ship fire : 1 crew member dead , 4 passengers sent to hospital for assessment",2026-02-20 23:45:00,2026-02-20 23:45:00,2026-02-20 23:45:00,,,,0,0,0,0,0,0,na,na
gdelt_ac036761,en,Germany updates : Merz embarks on Gulf trip,2026-02-04 18:45:00,2026-02-04 18:45:00,2026-02-04 18:45:00,,,,0,0,0,0,0,0,na,na
gdelt_ac301d9f,en,"MPA procurement issues , NEA overpayments among lapses flagged in Auditor - General report",2025-09-09 16:15:00,2025-09-09 16:15:00,2025-09-09 16:15:00,,,,0,0,0,0,0,0,na,na
gdelt_acc2e435,en,"DBS keeps 2025 outlook , UOB trims expectations after mixed Q2 results",2025-08-07 23:15:00,2025-08-07 00:00:00,2025-08-07 00:00:00,2025-01-01 00:00:00,year,2025,1,1,1,1,1,1,tie,tie
gdelt_ad1070e8,pl,Trump straszy cłami . Tak odpowiada Berlin,2026-01-20 01:30:00,2026-01-20 01:30:00,2026-01-20 01:30:00,,,,0,0,0,0,0,0,na,na
gdelt_ad658309,en,Trump slams ex - ally Musk political party as  ridiculou | Donald Trump News,2025-07-07 17:45:00,2025-07-07 17:45:00,2025-07-07 17:45:00,,,,0,0,0,0,0,0,na,na
gdelt_ad86e8f7,en,Thai ex - PM Thaksin lands in Bangkok ahead of crucial court date,2025-09-08 18:30:00,2025-09-08 18:30:00,2025-09-08 18:30:00,,,,0,0,0,0,0,0,na,na
gdelt_adcc693e,pt,Lula na Assembleia Geral da ONU : presidente brasileiro chega fortalecido ou isolado ? ,2025-09-23 07:30:00,2025-09-23 07:30:00,2025-09-23 07:30:00,,,,0,0,0,0,0,0,na,na
gdelt_ae14d586,en,Canadian unemployment jumps to 7 . 1 % as tariffs weigh on economy,2025-09-06 05:30:00,2025-09-06 05:30:00,2025-09-06 05:30:00,,,,0,0,0,0,0,0,na,na
gdelt_ae39ff65,en,"Where is Liberia , whose president Trump praised for his  good English ? | International Trade News",2025-07-11 17:15:00,2025-07-11 17:15:00,2025-07-11 17:15:00,,,,0,0,0,0,0,0,na,na
gdelt_ae467881,zh-cn,十五运会和残特奥会倒计时100天启动仪式在深圳举行 - 新华网,2025-08-03 09:15:00,2025-04-25 09:15:00,2025-04-25 09:15:00,,,,0,0,0,0,0,0,na,na
gdelt_ae79d22c,en,China modifica su horario de tren | Spanish . xinhuanet . com,2026-01-26 10:15:00,2026-01-26 10:15:00,2026-01-25 00:00:00,,,,0,0,0,0,0,0,na,na
gdelt_aedd38e0,en,Saudi Arabia appoints Sheikh Saleh bin Fawzan al - Fawzan as new grand mufti,2025-10-23 15:00:00,2025-10-23 15:00:00,2025-10-23 15:00:00,,,,0,0,0,0,0,0,na,na
gdelt_aee6bbe8,en,Philippine Marcos to meet Trump seeking trade deal | Donald Trump News,2025-07-22 01:45:00,2025-07-22 01:45:00,2025-07-22 01:45:00,,,,0,0,0,0,0,0,na,na
gdelt_af04fe46,es,Publicarán artículo de Xi sobre firme promoción de apertura de alto nivel,2025-07-15 21:15:00,2025-07-15 21:15:00,2025-07-15 21:15:00,,,,0,0,0,0,0,0,na,na
gdelt_af903db6,ar,التجديد لليونيفيل : مواجهة دبلوماسية قد تغيّر المشهد في الجنوب اللبناني,2025-08-24 15:00:00,2025-08-24 15:00:00,2025-08-24 15:00:00,,,,0,0,0,0,0,0,na,na
gdelt_b01d86ef,en,Money Talks - The CPF Lifetime Retirement Investment Scheme : What we know so far,2026-03-03 08:15:00,2026-03-03 08:15:00,2026-02-25 00:00:00,,,,0,0,0,0,0,0,na,na
gdelt_b04d0d6d,en,Romania reports drone incursion during Russian attack on Ukraine,2025-09-14 12:15:00,2025-09-14 12:15:00,2025-09-14 12:15:00,,,,0,0,0,0,0,0,na,na
gdelt_b04f8eba,en,Trump says he doesnt need international law amid aggressive US policies | Donald Trump News,2026-01-09 11:45:00,2026-01-09 11:45:00,2026-01-09 11:45:00,,,,0,0,0,0,0,0,na,na
gdelt_b065d438,en,Trump says economic growth  shatters expectation . Data says otherwise | Donald Trump News,2025-08-02 08:15:00,2025-08-02 08:15:00,2025-08-02 08:15:00,,,,0,0,0,0,0,0,na,na
gdelt_b06b7f9b,ko,探访海南三沙永兴岛 赵述岛  海上公交 - 新华网,2026-03-23 00:15:00,2026-03-23 00:15:00,2026-03-23 00:15:00,,,,0,0,0,0,0,0,na,na
gdelt_b08dd784,uk,"ФРН має намір висилати сирійців , яким відмовляють у притулку – DW – 13 . 10 . 2025",2025-10-13 17:00:00,2025-10-13 17:00:00,2025-10-13 00:00:00,2025-01-01 00:00:00,year,2025,1,1,1,1,1,1,tie,tie
gdelt_b0c2052d,fr,Les Etats - Unis vont cesser de percevoir certains droits de douane suite à la décision de la Cour suprême - Xinhua,2026-02-24 18:15:00,2026-02-24 18:15:00,2026-02-24 18:15:00,,,,0,0,0,0,0,0,na,na
gdelt_b0dba140,en,Venezuela opposition chief Machado to miss Nobel Peace Prize award ceremony,2025-12-10 21:00:00,2025-12-10 21:00:00,2025-12-10 21:00:00,,,,0,0,0,0,0,0,na,na
gdelt_b0f5599c,en,"Darius Acuff , Cam Boozer and 7 more NBA Draft prospects to watch in March Madness",2026-03-17 18:30:00,2026-03-17 00:00:00,2026-03-17 00:00:00,2026-03-01 00:00:00,month,in March,1,1,1,1,1,1,tie,tie
gdelt_b0ffa460,es,Albanese celebra  histórico  veto de redes a menores de edad – DW – 10 / 12 / 2025,2025-12-10 12:30:00,2025-12-10 12:30:00,2025-12-10 00:00:00,2025-01-01 00:00:00,year,10 / 12 / 2025,1,1,1,1,1,1,tie,tie
gdelt_b10adfc8,so,Hayadaha gargaarka oo ku eedeynaya Israaiil inay raashinka si ula kac ah uga xannibtay Qasa,2025-08-14 15:00:00,2025-08-14 15:00:00,2025-08-14 15:00:00,,,,0,0,0,0,0,0,na,na
gdelt_b12431fe,zh-cn,万家团圆时 ， 他们在一线 记除夕夜的铁路守护者 - 新华网,2026-02-18 12:45:00,2026-02-18 12:45:00,2026-02-18 12:45:00,,,,0,0,0,0,0,0,na,na
gdelt_b16b7810,fa,هنگام وقوع زلزله چه باید کرد ؟ - BBC News فارسی,2025-09-01 17:15:00,2025-09-01 17:15:00,2025-09-01 17:15:00,,,,0,0,0,0,0,0,na,na
gdelt_b2676ac1,sw,Trump ajitosa katika jitihada za kutafuta amani Sudan – DW – 20 . 11 . 2025,2025-11-20 19:00:00,2025-11-20 00:00:00,2025-11-20 00:00:00,2025-01-01 00:00:00,year,2025,1,1,1,1,1,1,tie,tie
gdelt_b290a681,ko,锻造  投资江苏  金招牌 ， 打造高水平对外开放新高地 _ 新华网江苏频道,2026-01-06 09:45:00,2026-01-06 09:45:00,2026-01-06 09:45:00,,,,0,0,0,0,0,0,na,na
gdelt_b30f05dc,en,Dalai Lama says he hopes to live another 40 years on eve of 90th birthday,2025-07-05 15:00:00,2025-07-05 15:00:00,2025-07-05 15:00:00,,,,0,0,0,0,0,0,na,na
gdelt_b39cad64,uk,Виїжджати чи залишитися ? Наступ росіян змусив українців на Сході вирішувати,2025-09-14 21:15:00,2025-09-14 21:15:00,2025-09-14 21:15:00,,,,0,0,0,0,0,0,na,na
gdelt_b3dcea99,en,"Japan service sector growth slows in May , PMI shows",2025-06-04 09:00:00,2025-05-04 00:00:00,2025-05-31 00:00:00,2025-05-01 00:00:00,month,in May,1,1,1,1,1,1,tie,tie
gdelt_b4105437,fr,Trois scientifiques remportent le prix Nobel de physique pour leur découverte des phénomènes quantiques macroscopiques - Xinhua,2025-10-08 10:30:00,2025-10-08 10:30:00,2025-10-08 10:30:00,,,,0,0,0,0,0,0,na,na
gdelt_b4316e23,en,Gaza on the agenda as Turkiye Erdogan meets Egypt el - Sisi in Cairo | Recep Tayyip Erdogan News,2026-02-05 03:30:00,2026-02-05 03:30:00,2026-02-05 03:30:00,,,,0,0,0,0,0,0,na,na
gdelt_b446ba9b,sw,Tetesi za soka Ulaya Jumapili : Reijnders mbioni kuhamia Man City,2025-06-08 13:15:00,2025-06-08 00:00:00,2025-06-08 00:00:00,,,,0,0,0,0,0,0,na,na
gdelt_b45c4d44,bg,  Русначе : Как германки криеха произхода на нежеланите деца – DW – 24 . 11 . 2025,2025-11-24 23:45:00,2025-11-24 23:45:00,2025-11-24 00:00:00,2025-01-01 00:00:00,year,2025,1,1,1,1,1,1,tie,tie
gdelt_b45d5760,tr,Almanyada okullara gmen öğrenci kotası tartışması – DW – 13 . 07 . 2025,2025-07-13 14:30:00,2025-07-13 14:30:00,2025-07-13 00:00:00,2025-01-01 00:00:00,year,2025,1,1,1,1,1,1,tie,tie
gdelt_b4cb7cf9,zh-cn,2025年海峡两岸休闲农业发展 （ 海南 ） 研讨会开幕 - 新华网,2025-10-30 11:15:00,2025-10-30 00:00:00,2025-10-30 00:00:00,2025-01-01 00:00:00,year,2025年,1,1,1,1,1,1,tie,tie
gdelt_b4fee75e,af,Ukraine drones strike deep in Russian territory on eve of new talks,2025-06-02 10:00:00,2025-06-02 10:00:00,2025-06-02 10:00:00,,,,0,0,0,0,0,0,na,na
gdelt_b501a8e2,en,Shark attack kills surfer off Sydney beach in Australia,2025-09-06 15:00:00,2025-09-06 15:00:00,2025-09-06 15:00:00,,,,0,0,0,0,0,0,na,na
gdelt_b52b4d07,en,Section of Stourbridge Canal closed due to burst sewage pipe,2026-03-05 01:45:00,2026-03-05 01:45:00,2026-03-05 01:45:00,,,,0,0,0,0,0,0,na,na
gdelt_b52e97f0,pt,O alemão que foi o  homem mais rico que já existiu  – DW – 16 / 12 / 2025,2025-12-17 04:15:00,2025-12-17 04:15:00,2025-12-16 00:00:00,2025-01-01 00:00:00,year,16 / 12 / 2025,1,1,1,1,1,1,tie,tie
gdelt_b5958c4b,en,King continues Holyrood week with a dram of whisky,2025-07-04 01:15:00,2025-07-04 01:15:00,2025-07-04 01:15:00,,,,0,0,0,0,0,0,na,na
gdelt_b5c26c9e,hr,FAZ : Vučić potrošio sav kredit koji mu je EU dao,2026-02-04 18:45:00,2026-02-04 18:45:00,2026-01-29 00:00:00,,,,0,0,0,0,0,0,na,na
gdelt_b5d27307,en,"Higher seller stamp duty , longer holding period for private homes to have limited impact on market : Analysts",2025-07-04 15:15:00,2025-07-04 15:15:00,2025-07-04 15:15:00,,,,0,0,0,0,0,0,na,na
gdelt_b62a2aa8,mk,В Волгограде из - за дронов произошли утечка и пожар на НПЗ – DW – 14 . 08 . 2025,2025-08-14 13:45:00,2025-08-14 13:45:00,2025-08-14 00:00:00,2025-01-01 00:00:00,year,2025,1,1,1,1,1,1,tie,tie
gdelt_b66d207e,en,"Climb aboard the Bear magic carpet ride , stadium headaches be damned : Pick Six",2025-12-22 19:45:00,2025-12-22 19:45:00,2025-12-22 19:45:00,,,,0,0,0,0,0,0,na,na
gdelt_b683a57f,en,Nicolas Sarkozy found guilty of criminal conspiracy : What we know,2025-09-25 23:00:00,2025-09-25 23:00:00,2025-09-24 00:00:00,,,,0,0,0,0,0,0,na,na
gdelt_b68cc099,sw,Marekani yasema imerejesha $500m kwa Venezuela,2026-02-04 12:15:00,2026-02-04 03:55:00,2026-02-04 12:15:00,,,,0,0,0,0,0,0,na,na
gdelt_b6a84534,tl,Super Typhoon Ragasa hits Hong Kong,2025-09-24 13:30:00,2025-09-24 13:30:00,2025-09-24 13:30:00,,,,0,0,0,0,0,0,na,na
gdelt_b6c3347a,en,Russia claims Ukrainian drone attack killed 24 people in Kherson,2026-01-01 22:45:00,2026-01-01 22:45:00,2026-01-01 22:45:00,,,,0,0,0,0,0,0,na,na
gdelt_b714307e,en,Iran war : What is happening on day 21 of US - Israel attacks ? ,2026-03-20 16:30:00,2026-03-20 16:30:00,2026-03-20 16:30:00,,,,0,0,0,0,0,0,na,na
gdelt_b7b31aca,en,Japan PM Ishiba vows to stay on after bruising election defeat,2025-07-21 16:45:00,2025-07-21 16:45:00,2025-07-21 16:45:00,,,,0,0,0,0,0,0,na,na
gdelt_b8679ba1,en,North Street crash : Police make arrest after Bristol hit - and - run,2026-01-12 00:45:00,2026-01-12 00:45:00,2026-01-12 00:45:00,,,,0,0,0,0,0,0,na,na
gdelt_b8886ea4,en,John Caldwell : Man accused of attempted murder has charges withdrawn,2026-02-17 22:45:00,2026-02-17 22:45:00,2026-02-17 22:45:00,,,,0,0,0,0,0,0,na,na
gdelt_b8a8ec4e,zh-cn,一笔点  碳  成  金  的生态账 - 新华网河北频道 - 新华网,2025-11-16 19:45:00,2025-11-16 19:45:00,2025-11-16 19:45:00,,,,0,0,0,0,0,0,na,na
gdelt_b97a1658,fa,سفر شگفت‌انگیز یک ستاره ؛ صلاح چگونه « پادشاه مصر » شد ؟ ,2025-08-24 22:00:00,2025-08-24 22:00:00,2025-08-24 22:00:00,,,,0,0,0,0,0,0,na,na
gdelt_b9822367,en,How upskilling talent powers AI transformation,2025-12-29 11:00:00,2025-12-29 11:00:00,2025-12-29 11:00:00,,,,0,0,0,0,0,0,na,na
gdelt_ba57887b,en,Parkour instructor seeks to empower her women students and help them build confidence,2025-06-02 23:30:00,2025-06-02 23:30:00,2025-06-02 23:30:00,,,,0,0,0,0,0,0,na,na
gdelt_bacb98b2,en,"Giants let a ridiculous game , and perhaps their season , slip away in Arizona",2025-09-17 20:00:00,2025-09-17 20:00:00,2025-09-17 20:00:00,,,,0,0,0,0,0,0,na,na
gdelt_bba05f8c,ro,TAZ : Poate diaspora să salveze democrația ? – DW – 01 . 12 . 2025,2025-12-02 01:00:00,2025-12-02 01:00:00,2025-12-01 00:00:00,2025-01-01 00:00:00,year,2025,1,1,1,1,1,1,tie,tie
gdelt_bba3d648,zh-cn,孩子刷手机停不下来 ？ 别慌 ， 试试这五个方法 - BBC News 中文,2026-03-27 20:15:00,2026-03-27 20:15:00,2026-03-27 20:15:00,,,,0,0,0,0,0,0,na,na
gdelt_bbd7d312,en,The NUS graduate who passed on a corporate career to join the circus in Macau,2025-07-29 13:00:00,2025-07-29 13:00:00,2025-07-29 13:00:00,,,,0,0,0,0,0,0,na,na
gdelt_bc50e1a6,uk,DeepState : Росіяни окупували Зелений Гай на Харківщині – DW – 17 . 08 . 2025,2025-08-17 17:00:00,2025-08-17 17:00:00,2025-08-17 00:00:00,2025-01-01 00:00:00,year,2025,1,1,1,1,1,1,tie,tie
gdelt_bc71d855,ko,绍兴市越城区  精康融合行动  助力精神障碍患者重拾生活信心 - 新华网,2025-12-08 22:15:00,2025-12-08 22:15:00,2025-12-08 22:15:00,,,,0,0,0,0,0,0,na,na
gdelt_bcab234a,mk,Кај притворот за Груби „ два плус два  не се четири,2026-02-25 17:30:00,2026-02-25 17:30:00,2026-02-25 17:30:00,,,,0,0,0,0,0,0,na,na
gdelt_bcafc93b,zh-cn,广东人大2025履职印记 ： 以法治硬保障擘画现代化新篇章 - 新华网,2026-01-26 12:30:00,2026-01-26 12:30:00,2025-12-31 00:00:00,2025-01-01 00:00:00,year,2025,1,1,0,1,0,1,v2_better,v2_better
gdelt_bcb51cd4,en,Iran tells millions of Afghans to leave or face arrest on day of deadline,2025-07-06 19:00:00,2025-07-06 19:00:00,2025-07-06 19:00:00,,,,0,0,0,0,0,0,na,na
gdelt_bce84540,en,House Republicans shoot down bill that would pay federal airport workers,2026-03-28 05:00:00,2026-03-28 05:00:00,2026-03-28 05:00:00,,,,0,0,0,0,0,0,na,na
gdelt_bcf6052a,en,UN official says Israel expanding Gaza operations would risk  catastrophic consequences  ,2025-08-06 13:30:00,2025-08-06 13:30:00,2025-08-06 13:30:00,,,,0,0,0,0,0,0,na,na
gdelt_bd5e2af7,es,"Turismo receptivo de China experimenta prometedor inicio de 2026 , impulsado por política de exención de visado",2026-01-19 23:30:00,2026-01-19 23:30:00,2026-01-19 00:00:00,2026-01-01 00:00:00,year,de 2026,1,1,1,1,1,1,tie,tie
gdelt_bdaab981,en,Rashida Tlaib introduces US Congress resolution to recognise Gaza genocide,2025-11-15 05:45:00,2025-11-15 05:45:00,2025-11-15 05:45:00,,,,0,0,0,0,0,0,na,na
gdelt_bdb9abbd,en,Does a school smartphone ban make a difference ? ,2025-07-21 14:30:00,2025-07-21 14:30:00,2025-07-21 14:30:00,,,,0,0,0,0,0,0,na,na
gdelt_be01bb8f,hr,Rasizam na tržištu nekretnina u Njemačkoj – DW – 28 . 12 . 2025,2025-12-28 22:00:00,2025-12-28 22:00:00,2025-12-28 00:00:00,2025-01-01 00:00:00,year,2025,1,1,1,1,1,1,tie,tie
gdelt_be760464,en,"US lawmakers react to attack on Venezuela ,  capture  of Nicolas Maduro | News",2026-01-04 02:45:00,2026-01-04 02:45:00,2026-01-04 02:45:00,,,,0,0,0,0,0,0,na,na
gdelt_bede4480,mk,Соработка со АфД : Се урива ли „ заштитниот ѕид ? ,2026-03-17 19:45:00,2026-03-17 19:45:00,2026-03-17 19:45:00,,,,0,0,0,0,0,0,na,na
gdelt_bedf90d0,ko,卖全球通路更宽 买全球体验更佳 - 新华网,2025-09-28 12:45:00,2025-09-28 12:45:00,2025-09-28 12:45:00,,,,0,0,0,0,0,0,na,na
gdelt_beeec0a1,es,Xi envía mensaje de felicitación a 39ª Cumbre de la Unión Africana,2026-02-15 12:00:00,2026-02-15 12:00:00,2026-02-01 00:00:00,,,,0,0,0,0,0,0,na,na
gdelt_bf095161,zh-cn,人民币市场汇价 （ 10月13日 ）- 新华网,2025-10-13 11:45:00,2010-10-13 00:00:00,2025-10-13 00:00:00,2025-10-13 00:00:00,day,10月13日,1,1,0,1,0,1,v2_better,v2_better
gdelt_bf86f2ee,sw,Viongozi wa Ulaya kukutana Paris kuijadili Ukraine – DW – 02 . 09 . 2025,2025-09-03 00:45:00,2025-09-03 00:00:00,2025-09-02 00:00:00,2025-01-01 00:00:00,year,2025,1,1,1,1,1,1,tie,tie
gdelt_bfebe34d,es,Asesinato de Patrice Lumumba regresa a los tribunales belgas,2026-01-25 18:15:00,2026-01-25 18:15:00,2026-01-01 00:00:00,,,,0,0,0,0,0,0,na,na
gdelt_c0124ac4,ko,单板滑雪 大跳台世界杯 ： 苏翊鸣夺冠 - 新华网,2025-12-07 11:15:00,2025-12-07 11:15:00,2025-12-07 11:15:00,,,,0,0,0,0,0,0,na,na
gdelt_c01cd237,en,"As Bryce Young , Michael Penix Jr . meet in Sunday Round 2 , who will emerge in NFC South ? ",2025-09-19 18:00:00,2025-09-19 18:00:00,2025-09-21 00:00:00,,,,0,0,0,0,0,0,na,na
gdelt_c047e1c8,en,"As Western powers crack down on migrants , Spain embraces 500 , 000",2026-01-28 15:15:00,2026-01-28 15:15:00,2026-01-28 15:15:00,,,,0,0,0,0,0,0,na,na
gdelt_c0b0e1f9,fr,Le chef du Hezbollah promet de poursuivre la lutte contre Israël - Xinhua,2026-02-11 08:45:00,2026-02-11 08:45:00,2026-02-11 08:45:00,,,,0,0,0,0,0,0,na,na
gdelt_c0bfbf25,uk,Вночі Росія била по українських теплоелектростанціях,2026-02-03 16:15:00,2026-02-03 16:15:00,2026-02-03 16:15:00,,,,0,0,0,0,0,0,na,na
gdelt_c0c68c6a,zh-cn,经济学家 ： 德国目前的情形非常严峻 – DW – 2025年10月27日,2025-10-27 19:45:00,2025-10-27 00:00:00,2025-10-27 00:00:00,2025-10-27 00:00:00,day,2025年10月27日,1,1,1,1,1,1,tie,tie
gdelt_c0e05cb9,sw,Yafahamu mambo matatu yenye utata katika mswada wa fedha wa Kenya 2025,2025-06-10 17:45:00,2025-06-10 00:00:00,2025-06-10 00:00:00,2025-01-01 00:00:00,year,2025,1,1,1,1,1,1,tie,tie
gdelt_c16c312e,id,Jerman Luncurkan Aliansi Guna Atasi Kekurangan Tenaga Kerja,2026-03-24 00:00:00,2026-03-24 00:00:00,2026-03-24 00:00:00,,,,0,0,0,0,0,0,na,na
gdelt_c1a16cc1,en,"  Stop killing u : Huge crowds rally in Brazil , decrying rise in femicide | Women Rights News",2025-12-08 13:30:00,2025-12-08 13:30:00,2025-12-08 13:30:00,,,,0,0,0,0,0,0,na,na
gdelt_c1b4f664,en,How a case about secularism in a Canadian province could affect the country as a whole,2026-03-23 08:45:00,2026-03-23 08:45:00,2026-03-23 08:45:00,,,,0,0,0,0,0,0,na,na
gdelt_c1bd875a,pl, „ Szokujące  i „ głupie . Trump atakuje partnerów z NATO,2026-03-18 18:15:00,2026-03-18 18:15:00,2026-03-18 18:15:00,,,,0,0,0,0,0,0,na,na
gdelt_c1bfb0d6,ur,پی آئی اے کی خریداری کے لیے عارف حبیب اور لکی گروپس کے درمیان مقابلہ : بولی 121 ارب روپے تک پہنچ گئی,2025-12-23 21:45:00,2025-12-23 21:45:00,2025-12-23 21:45:00,,,,0,0,0,0,0,0,na,na
gdelt_c1d6f03c,ru,Число прошений об убежище в ЕС сократилось на треть – DW – 18 . 08 . 2025,2025-08-19 00:15:00,2025-08-19 00:15:00,2025-08-18 00:00:00,2025-01-01 00:00:00,year,2025,1,1,1,1,1,1,tie,tie
gdelt_c1de2bd8,en,US labels the group accused of Pahalgam attack a  terrorist  organisation | Donald Trump News,2025-07-18 09:15:00,2025-07-18 09:15:00,2025-07-18 09:15:00,,,,0,0,0,0,0,0,na,na
gdelt_c2162fec,en,"Russian attack kills 14 in Kyiv , including three children",2025-08-28 20:30:00,2025-08-28 20:30:00,2025-08-28 20:30:00,,,,0,0,0,0,0,0,na,na
gdelt_c2308253,ko,권기식 한중도시우호협회장  민간 교류와 상호 신뢰로 한 · 중 미래 열어야  - Xinhua,2026-03-24 10:00:00,2026-03-24 10:00:00,2026-03-24 10:00:00,,,,0,0,0,0,0,0,na,na
gdelt_c25c6bca,en,"36 Hours in Sapporo , Japan : Things to Do and See",2026-01-15 19:00:00,2026-01-14 07:00:00,2026-01-14 07:00:00,,,,0,0,0,0,0,0,na,na
gdelt_c276633f,hi,बिना नतीजा खत्म हुई एमएच 370 उड़ान की तलाश,2026-03-09 04:45:00,2026-03-09 04:45:00,2026-03-09 04:45:00,,,,0,0,0,0,0,0,na,na
gdelt_c2d27ae8,fa,مدیرکل آژانس به ایران : نمی‌شود بگویید که عضو ان‌پی‌تی هستیم اما به تعهدات خود عمل نمی‌کنیم,2025-11-05 21:00:00,2025-11-05 21:00:00,2025-11-05 21:00:00,,,,0,0,0,0,0,0,na,na
gdelt_c2d3307c,en,  CT scan to detect sinkholes ? A Singaporean firm in China seeks to bring this technology home,2025-08-04 07:00:00,2025-08-04 07:00:00,2025-08-04 07:00:00,,,,0,0,0,0,0,0,na,na
gdelt_c2dc18b4,en,Land Grab : Inside Israel Escalating Campaign for Control of the West Bank,2025-12-21 08:45:00,2025-12-21 08:45:00,2025-12-21 08:45:00,,,,0,0,0,0,0,0,na,na
gdelt_c2ee22c6,en,"Committee of Supply 2026 debate , Day 6 : Masagos Zulkifli on supporting all families through life",2026-03-05 21:45:00,2026-03-05 21:45:00,2026-03-05 00:00:00,2026-01-01 00:00:00,year,2026,1,1,1,1,1,1,tie,tie
gdelt_c2f94d8e,en,Denmark PM Mette Frederiksen calls parliamentary election on March 24 | Elections News,2026-02-26 23:30:00,2026-03-24 00:00:00,2026-03-24 00:00:00,2024-03-01 00:00:00,day,on March 24 |,1,1,0,0,0,0,tie,tie
gdelt_c37b993b,uk,Як у Білорусі страчують засуджених і що відбувається з їхніми родинами,2025-11-23 12:30:00,2025-11-23 12:30:00,2025-11-23 12:30:00,,,,0,0,0,0,0,0,na,na
gdelt_c481c9e6,zh-cn,徐麟 ： 扎实推动国家区域医疗中心高质量建设运营 全力为群众提供安全优质方便医疗卫生服务 - 新华网,2026-03-26 13:45:00,2026-03-26 13:45:00,2026-03-26 13:45:00,,,,0,0,0,0,0,0,na,na
gdelt_c4920298,ko,云南腾药亮相2025腾冲科学家论坛 - 新华网,2025-12-07 15:00:00,2025-12-07 15:00:00,2025-12-07 15:00:00,,,,0,0,0,0,0,0,na,na
gdelt_c4c62669,fr,La COP30 transforme une enclave amazonienne en un haut lieu mondial de la lutte contre le changement climatique - Xinhua,2025-11-17 11:30:00,2025-11-17 11:30:00,2025-11-17 11:30:00,,,,0,0,0,0,0,0,na,na
gdelt_c4dae195,en,"US says talks with Russia , Ukraine in Miami  constructive , productive  | Russia - Ukraine war News",2025-12-22 13:45:00,2025-12-22 13:45:00,2025-12-22 13:45:00,,,,0,0,0,0,0,0,na,na
gdelt_c4ef5e61,fr,"Le chef de lONU propose une baisse du budget ordinaire pour 2026 à 3 , 238 milliards de dollars - Xinhua",2025-12-02 08:15:00,2025-12-02 08:15:00,2026-01-01 00:00:00,,,,0,0,0,0,0,0,na,na
gdelt_c51917de,tr,Cem Özdemir Almanyada eyalet başbakanlığı seçimini kazandı,2026-03-09 03:30:00,2026-03-09 03:30:00,2026-03-09 03:30:00,,,,0,0,0,0,0,0,na,na
gdelt_c51a148f,en,Daughter criticises Australia cruise operator after mother dies on island,2025-10-30 11:30:00,2025-10-30 11:30:00,2025-10-30 11:30:00,,,,0,0,0,0,0,0,na,na
gdelt_c629c522,es,Liberan a 100 escolares secuestrados en noviembre en Nigeria – DW – 07 / 12 / 2025,2025-12-08 08:30:00,2025-12-08 08:30:00,2025-12-07 00:00:00,2025-01-01 00:00:00,year,07 / 12 / 2025,1,1,1,1,1,1,tie,tie
gdelt_c71482e3,zh-cn,兴泉铁路明溪站正式开通货运业务 - 新华网,2025-07-02 14:00:00,2025-07-02 14:00:00,2025-07-02 14:00:00,,,,0,0,0,0,0,0,na,na
gdelt_c72e9e82,en,Ex - Colombian president Álvaro Uribe found guilty of witness - tampering,2025-07-29 10:45:00,2025-07-29 10:45:00,2025-07-29 10:45:00,,,,0,0,0,0,0,0,na,na
gdelt_c78e42d7,pt,Saída dos EUA da OMS ameaça décadas de avanços na África,2026-02-03 01:45:00,2026-02-03 01:45:00,2026-02-03 01:45:00,,,,0,0,0,0,0,0,na,na
gdelt_c78e7c87,tr,"Diyarbakırda Emniyete patlayıcı atıldı , 13 kişi gözaltında",2026-01-26 16:45:00,2026-01-26 16:45:00,2026-01-26 16:45:00,,,,0,0,0,0,0,0,na,na
gdelt_c7b1ad66,en,British PM Starmer on 2 - day trip to India,2025-10-08 21:30:00,2025-10-08 21:30:00,2025-10-08 21:30:00,,,,0,0,0,0,0,0,na,na
gdelt_c80881f2,en,Peruvian ex - President Martin Vizcarra sentenced to 14 years in prison,2025-11-27 04:30:00,2011-11-27 04:30:00,2025-11-27 04:30:00,,,,0,0,0,0,0,0,na,na
gdelt_c84ed1cc,ru,Главком ВМС ФРГ предупредил о растущей угрозе со стороны РФ,2026-02-11 18:30:00,2026-02-11 18:30:00,2026-02-11 18:30:00,,,,0,0,0,0,0,0,na,na
gdelt_c8a6d925,en,Keep your shoes on : What to know about the TSA rule change at US airports,2025-07-10 08:30:00,2025-07-10 08:30:00,2025-07-10 08:30:00,,,,0,0,0,0,0,0,na,na
gdelt_c8a9d7b0,lt,Zelenskyy nominates Yulia Svyrydenko as new Ukraine PM,2025-07-15 01:00:00,2025-07-15 01:00:00,2025-07-15 01:00:00,,,,0,0,0,0,0,0,na,na
gdelt_c98b5dee,es,Demócratas alertan sobre  invasión  militar en Chicago – DW – 01 / 09 / 2025,2025-09-01 11:30:00,2025-09-01 11:30:00,2025-09-01 00:00:00,2025-01-01 00:00:00,year,01 / 09 / 2025,1,1,1,1,1,1,tie,tie
gdelt_c9b0b7e3,en,Dutch voters hit polls as immigration fears propel far right towards power,2025-10-24 20:00:00,2025-10-24 20:00:00,2025-10-24 20:00:00,,,,0,0,0,0,0,0,na,na
gdelt_c9d7801e,en,The two words you need to help you push back at work,2025-10-20 08:15:00,2025-10-20 08:15:00,2025-10-20 08:15:00,,,,0,0,0,0,0,0,na,na
gdelt_ca15fba5,ru,Еврокомиссия начала расследование против чат - бота Grok Маска,2026-01-27 02:30:00,2026-01-27 02:30:00,2026-01-27 02:30:00,,,,0,0,0,0,0,0,na,na
gdelt_ca5fac68,en,Cumbrian giant rescue dog Brody finds  forever home  ,2026-01-13 02:30:00,2026-01-13 02:30:00,2026-01-13 02:30:00,,,,0,0,0,0,0,0,na,na
gdelt_ca66b7e9,uk,Північна Європа та Балтія : Продовжимо озброювати Україну – DW – 23 . 11 . 2025,2025-11-23 17:15:00,2025-11-23 17:15:00,2025-11-23 00:00:00,2025-01-01 00:00:00,year,2025,1,1,1,1,1,1,tie,tie
gdelt_ca779c3e,fr,Le Parlement ukrainien met en place un groupe de travail sur les élections - Xinhua,2025-12-23 00:00:00,2025-12-23 00:00:00,2025-12-23 00:00:00,,,,0,0,0,0,0,0,na,na
gdelt_ca992f23,en,La primavera florece en China | Spanish . xinhuanet . com,2026-03-26 13:15:00,2026-03-26 13:15:00,2026-03-26 13:15:00,,,,0,0,0,0,0,0,na,na
gdelt_caacdd91,en,Intel shares plunge on earnings expectations,2026-01-23 08:45:00,2026-01-23 08:45:00,2026-01-23 08:45:00,,,,0,0,0,0,0,0,na,na
gdelt_cacc9cf3,lt,Gaza : Asosiasi Cendekia Vonis Israel Lakukan Genosida – DW – 02 . 09 . 2025,2025-09-02 22:15:00,2025-09-02 22:15:00,2025-09-02 00:00:00,2025-01-01 00:00:00,year,2025,1,1,1,1,1,1,tie,tie
gdelt_cb29d4d2,sw,Maandamano ya vijana wa GenZ yaendelea kushuhudiwa Afrika – DW – 05 . 10 . 2025,2025-10-05 20:15:00,2025-10-05 00:00:00,2025-10-05 00:00:00,2025-01-01 00:00:00,year,2025,1,1,1,1,1,1,tie,tie
gdelt_cb5c1de8,da,US sending anti - drone system to Denmark for EU summit,2025-10-01 03:45:00,2025-10-01 03:45:00,2025-09-25 00:00:00,,,,0,0,0,0,0,0,na,na
gdelt_cb5c2281,en,Battling lung cancer on your own terms,2025-08-06 09:30:00,2025-08-06 09:30:00,2025-08-06 09:30:00,,,,0,0,0,0,0,0,na,na
gdelt_cb6eb917,en,Myanmar junta says voter turnout at 52 % in first phase of election,2025-12-31 13:30:00,2025-12-31 13:30:00,2025-12-31 13:30:00,,,,0,0,0,0,0,0,na,na
gdelt_cb9f8846,mk,Какви итни мерки се потребни за заживување на Германија ? – DW – 2 . 06 . 2025,2025-06-02 13:15:00,2025-06-02 13:15:00,2025-06-02 00:00:00,2025-01-01 00:00:00,year,2025,1,1,1,1,1,1,tie,tie
gdelt_cbbccc59,zh-cn,云南工商学院志愿服务团用行动书写公益担当 _ 新华网,2025-07-29 14:15:00,2025-07-29 14:15:00,2025-07-29 14:15:00,,,,0,0,0,0,0,0,na,na
gdelt_cbe16cec,es,Turismo en noreste de Brasil se dispara con impulso de China y destaca atractivo regional,2026-03-28 18:15:00,2026-03-28 18:15:00,2026-03-28 18:15:00,,,,0,0,0,0,0,0,na,na
gdelt_cbe2eae6,mr,बातम्या - BBC News मराठी,2025-11-24 23:15:00,2025-11-24 23:15:00,2025-11-24 23:15:00,,,,0,0,0,0,0,0,na,na
gdelt_cbe8da4a,zh-cn,南京每万人拥有5G基站数全省第一 _ 新华网江苏频道,2026-02-03 12:00:00,2026-02-03 12:00:00,2026-02-03 12:00:00,,,,0,0,0,0,0,0,na,na
gdelt_cbfc96b2,hr,Izvješće o zlostavljanju Palestinaca u izraelskim zatvorima,2026-01-21 18:30:00,2026-01-21 18:30:00,2026-01-21 18:30:00,,,,0,0,0,0,0,0,na,na
gdelt_cc17ffaf,en,Lucas Pinheiro Braathen makes Olympic history with gold for Brazil :  This was written for me  ,2026-02-15 04:30:00,2026-02-15 04:30:00,2026-02-15 04:30:00,,,,0,0,0,0,0,0,na,na
gdelt_cc34ebbe,en,Anthony Edward absence another challenge for Wolves in tight playoff race,2026-03-18 14:30:00,2026-03-18 14:30:00,2026-03-18 14:30:00,,,,0,0,0,0,0,0,na,na
gdelt_cc975cf9,fr,Xi Jinping : la Chine accorde toujours une grande importance aux relations sino - vietnamiennes - Xinhua,2026-02-04 22:30:00,2026-02-04 22:30:00,2026-02-04 22:30:00,,,,0,0,0,0,0,0,na,na
gdelt_cce0a95b,el,AfD : « Ο δρόμος προς την καγκελαρία » – DW – 16 / 09 / 2025,2025-09-17 01:45:00,2025-09-17 01:45:00,2025-09-16 00:00:00,2025-01-01 00:00:00,year,16 / 09 / 2025,1,1,1,1,1,1,tie,tie
gdelt_cd4a9581,en,Pro - Palestine activist interrupts united kingdom minister speech at Labour conference,2025-09-30 00:00:00,2025-09-30 00:00:00,2025-09-30 00:00:00,,,,0,0,0,0,0,0,na,na
gdelt_cd56b61a,en,UK embattled Starmer vows to see out five - year term,2026-01-05 05:30:00,2026-05-05 00:00:00,2026-05-01 00:00:00,,,,0,0,0,0,0,0,na,na
gdelt_cd8381a0,es,EUA anunciam controle do petróleo venezuelano – DW – 07 / 01 / 2026,2026-01-08 04:45:00,2026-01-08 04:45:00,2026-01-07 00:00:00,2026-01-01 00:00:00,year,07 / 01 / 2026,1,1,1,1,1,1,tie,tie
gdelt_cdcac9df,en,Roads closed as heavy rain causes flooding,2026-01-12 17:45:00,2026-01-12 17:45:00,2026-01-12 17:45:00,,,,0,0,0,0,0,0,na,na
gdelt_ce04fcb7,es,Abaten a cabecilla de disidencias de las FARC en Colombia – DW – 25 / 08 / 2025,2025-08-25 12:15:00,2025-08-25 12:15:00,2025-08-25 00:00:00,2025-01-01 00:00:00,year,25 / 08 / 2025,1,1,1,1,1,1,tie,tie
gdelt_ce094c1c,de,Merz sieht  großes Potenzial  in Beziehungen zu China,2026-02-25 20:30:00,2026-02-25 20:30:00,2026-02-25 20:30:00,,,,0,0,0,0,0,0,na,na
gdelt_ce829b72,ar,المتحف المصري الكبير .. سلوكيات زوار تثير انتقادات,2025-11-13 05:00:00,2025-11-13 05:00:00,2025-11-13 05:00:00,,,,0,0,0,0,0,0,na,na
gdelt_ce8b67b5,en,How Did the C . I . A . Lose a Nuclear Device in the Himalayas ? ,2025-12-13 22:45:00,2025-12-13 22:45:00,2025-12-13 22:45:00,,,,0,0,0,0,0,0,na,na
gdelt_ceaee342,zh-cn,方大重庆航空城货运项目组打造江北机场国际中转联运新通道 - 新华网,2025-07-04 09:00:00,2025-07-04 09:00:00,2025-07-04 09:00:00,,,,0,0,0,0,0,0,na,na
gdelt_cf293b86,af,Die prekäre Lage in Myanmars Rakhine - Staat – DW – 16 . 12 . 2025,2025-12-16 22:30:00,2025-12-16 22:30:00,2025-12-16 00:00:00,2025-01-01 00:00:00,year,2025,1,1,1,1,1,1,tie,tie
gdelt_cf3329e8,id,Sarah Mullally : Uskup Agung Perempuan Pertama Gereja Inggris – DW – 07 . 10 . 2025,2025-10-07 19:00:00,2025-10-07 19:00:00,2025-10-07 00:00:00,2025-01-01 00:00:00,year,2025,1,1,1,1,1,1,tie,tie
gdelt_cf73bbde,uk,Зеленський зустрінеться з лідерами Європи 4 вересня - AFP – DW – 01 . 09 . 2025,2025-09-01 21:15:00,2025-09-01 21:15:00,2025-09-01 00:00:00,2025-01-01 00:00:00,year,2025,1,1,1,1,1,1,tie,tie
gdelt_cf7d704c,en,Gertrude Torkornoo : Ghana chief justice removed from office after probe,2025-09-02 16:15:00,2025-09-02 16:15:00,2025-09-02 16:15:00,,,,0,0,0,0,0,0,na,na
gdelt_d040aa73,fa,زوج روسی که خبرچین اوکراین شدند - BBC News فارسی,2025-07-04 13:15:00,2025-07-04 13:15:00,2025-07-04 13:15:00,,,,0,0,0,0,0,0,na,na
gdelt_d056bb63,en,Baba Jamal : President Mahama recall Ghana High Commissioner to Nigeria afta vote buying allegations for NDC parliamentary primaries,2026-02-09 07:45:00,2026-02-09 07:45:00,2026-02-09 07:45:00,,,,0,0,0,0,0,0,na,na
gdelt_d06f39b3,es,Falta de electricidad paraliza ciudad yemení de Adén tras agotarse reservas de combustible,2025-10-21 09:45:00,2025-10-21 09:45:00,2025-10-21 09:45:00,,,,0,0,0,0,0,0,na,na
gdelt_d0a7f0b8,it,"Gaza unequal dead : 10 , 000 Palestinians under rubble , one Israeli captive | Israel - Palestine conflict News",2026-01-28 00:30:00,2026-01-28 00:30:00,2026-01-28 00:30:00,,,,0,0,0,0,0,0,na,na
gdelt_d0f603ab,el,Η γερμανική πικρία της Αντανία Σίμπλι,2026-02-01 17:00:00,2026-02-01 17:00:00,2026-02-01 17:00:00,,,,0,0,0,0,0,0,na,na
gdelt_d10f012e,zh-cn,英国王室 ： 授勋及嘉奖制度如何运作 ？ - BBC News 中文,2026-01-06 09:30:00,2026-01-06 09:30:00,2026-01-06 09:30:00,,,,0,0,0,0,0,0,na,na
gdelt_d1188ba3,es,Perú : Keiko Fujimori anuncia cuarta candidatura presidencial – DW – 31 / 10 / 2025,2025-10-31 10:45:00,2025-10-31 10:45:00,2025-10-31 00:00:00,2025-01-01 00:00:00,year,31 / 10 / 2025,1,1,1,1,1,1,tie,tie
gdelt_d13a4622,de,Gaza - Krieg : Diplomatie und Demonstranten drängen auf Deal – DW – 07 . 09 . 2025,2025-09-07 22:30:00,2025-09-07 22:30:00,2025-09-07 00:00:00,2025-01-01 00:00:00,year,2025,1,1,1,1,1,1,tie,tie
gdelt_d15ff24b,ja,深圳市の貿易額 、 １～１１月は０ ・ ６ ％ 増,2025-12-30 16:00:00,2025-12-30 16:00:00,2025-11-30 00:00:00,2025-11-01 00:00:00,month,１１月,1,1,0,1,0,1,v2_better,v2_better
gdelt_d1f056e6,fr,Xi Jinping insiste sur la prise en charge des personnes âgées et des enfants - Xinhua,2026-02-11 14:45:00,2026-02-11 14:45:00,2026-02-11 14:45:00,,,,0,0,0,0,0,0,na,na
gdelt_d2103283,es,Colombia anuncia captura de supuesto capo de mafia italiana – DW – 10 / 08 / 2025,2025-08-10 13:15:00,2025-08-10 13:15:00,2025-08-10 00:00:00,2025-01-01 00:00:00,year,10 / 08 / 2025,1,1,1,1,1,1,tie,tie
gdelt_d2305907,en,Trump to deliver wide - ranging address at UN General Assembly,2025-09-23 22:00:00,2025-09-23 22:00:00,2025-09-23 22:00:00,,,,0,0,0,0,0,0,na,na
gdelt_d234a815,zh-cn,星空有约|年度第二大满月 、 双子座流星雨极大等天象将亮相12月天宇 - 新华网,2025-11-30 09:15:00,2025-11-30 09:15:00,2025-12-01 00:00:00,2025-12-01 00:00:00,month,12月,1,1,0,1,0,1,v2_better,v2_better
gdelt_d2976098,en,Dog cafes : How pet friendly should businesses be ? ,2026-03-29 07:00:00,2026-03-29 07:00:00,2026-03-29 07:00:00,,,,0,0,0,0,0,0,na,na
gdelt_d2a3561a,en,"Dundalk , County Louth : Tributes paid to five people who died in crash",2025-11-17 18:45:00,2025-11-17 18:45:00,2025-11-17 18:45:00,,,,0,0,0,0,0,0,na,na
gdelt_d31132f5,en,Royal Mail customer angry over parcel  dumped  in bin,2025-09-29 14:30:00,2025-09-29 14:30:00,2025-09-29 14:30:00,,,,0,0,0,0,0,0,na,na
gdelt_d3696c74,en,Trump departs ASEAN with lingering questions for Southeast Asia trade | ASEAN News,2025-10-27 17:30:00,2025-10-27 17:30:00,2025-10-27 17:30:00,,,,0,0,0,0,0,0,na,na
gdelt_d409e8d0,en,Palestine advocates praise NYC Mamdani for revoking pro - Israel decrees | Politics News,2026-01-03 07:30:00,2026-01-03 07:30:00,2026-01-03 07:30:00,,,,0,0,0,0,0,0,na,na
gdelt_d43063e8,es,"Aviación civil de China reporta aumento de 7 , 7 por ciento en viajes durante Fiesta de la Primavera",2026-02-25 10:15:00,2026-02-25 10:15:00,2026-07-07 00:00:00,,,,0,0,0,0,0,0,na,na
gdelt_d49992d4,en,How countries are tackling the global energy crisis,2026-03-26 15:45:00,2026-03-26 15:45:00,2026-03-26 15:45:00,,,,0,0,0,0,0,0,na,na
gdelt_d4d14368,es,El sureste de Taiwán se paraliza por llegada del tifón Podul – DW – 13 / 08 / 2025,2025-08-13 14:15:00,2025-08-13 14:15:00,2025-08-13 00:00:00,2025-01-01 00:00:00,year,13 / 08 / 2025,1,1,1,1,1,1,tie,tie
gdelt_d4fdfa53,pt,Cresce frustao de parentes de reféns com governo de Israel – DW – 20 / 07 / 2025,2025-07-21 07:00:00,2025-07-21 07:00:00,2025-07-20 00:00:00,2025-01-01 00:00:00,year,20 / 07 / 2025,1,1,1,1,1,1,tie,tie
gdelt_d54affaf,en,LIVE : Deadly Israeli attacks kill more Palestinians near Gaza aid centre | Israel - Palestine conflict News,2025-07-15 01:00:00,2025-07-15 01:00:00,2025-07-15 01:00:00,,,,0,0,0,0,0,0,na,na
gdelt_d557e1f2,en,Ukraine updates : Russia hits Odesa ahead of war anniversary,2026-02-23 18:00:00,2026-02-23 18:00:00,2026-02-23 18:00:00,,,,0,0,0,0,0,0,na,na
gdelt_d596482d,en,Venezuela : A not - so - covert CIA disaster in the making,2025-11-24 01:30:00,2025-11-24 01:30:00,2025-11-24 01:30:00,,,,0,0,0,0,0,0,na,na
gdelt_d5c9cd08,ar,وفاة نجم ليفربول ديوغو جوتا في حادث مرور مأساوي في إسبانيا رفقة شقيقه,2025-07-04 03:30:00,2025-07-04 03:30:00,2025-07-04 03:30:00,,,,0,0,0,0,0,0,na,na
gdelt_d5e6dd74,en,"LIVE : Israel pounds Gaza City , kills at least 57 across Strip | Israel - Palestine conflict News",2025-08-18 05:00:00,2025-08-18 05:00:00,2025-08-18 05:00:00,,,,0,0,0,0,0,0,na,na
gdelt_d5f0086d,pt,Premiê da França renuncia horas após anunciar novo governo – DW – 06 / 10 / 2025,2025-10-06 17:15:00,2025-10-06 17:15:00,2025-10-06 00:00:00,2025-01-01 00:00:00,year,06 / 10 / 2025,1,1,1,1,1,1,tie,tie
gdelt_d63ae932,en,"Tech firms lead Asian markets rally as Seoul , Tokyo hit records",2026-02-25 12:15:00,2026-02-25 12:15:00,2026-02-25 12:15:00,,,,0,0,0,0,0,0,na,na
gdelt_d63b3c50,ru,Спецпосланника США Кита Келлога наградили орденом в Украине – DW – 24 . 08 . 2025,2025-08-24 23:15:00,2025-08-24 23:15:00,2025-08-24 00:00:00,2025-01-01 00:00:00,year,2025,1,1,1,1,1,1,tie,tie
gdelt_d66b8d02,en,How Should I Store Sweet Potatoes ? ,2025-11-27 03:15:00,2025-11-27 03:15:00,2025-11-27 03:15:00,,,,0,0,0,0,0,0,na,na
gdelt_d68092fa,en,From bromance to brickbats : Timeline of the Trump - Musk breakup,2025-06-06 13:15:00,2025-06-06 13:15:00,2025-06-06 13:15:00,,,,0,0,0,0,0,0,na,na
gdelt_d686deb2,en,Mariah Carey Singapore concert at Arena @ Expo,2025-10-09 12:45:00,2025-10-09 12:45:00,2025-10-09 12:45:00,,,,0,0,0,0,0,0,na,na
gdelt_d68f514d,en,Russia - Ukraine war : Zelenskyy welcomes Trump sanctions on Russia,2025-10-23 22:30:00,2025-10-23 22:30:00,2025-10-23 22:30:00,,,,0,0,0,0,0,0,na,na
gdelt_d6afdd93,ru,Пользователи в РФ пожаловались на сбои в WhatsApp и Telegram – DW – 11 . 08 . 2025,2025-08-12 00:15:00,2025-08-12 00:15:00,2025-08-11 00:00:00,2025-01-01 00:00:00,year,2025,1,1,1,1,1,1,tie,tie
gdelt_d6d00a5e,ru,Олимпиада - 2036 : есть ли шанс у Катара принимать Игры ? – DW – 03 . 08 . 2025,2025-08-03 16:15:00,2025-08-03 16:15:00,2025-08-03 00:00:00,2036-01-01 00:00:00,year,2036,1,1,0,0,0,0,tie,tie
gdelt_d6fedf3e,en,Jeju Air crash : Victim families decry report blaming pilot error,2025-07-21 18:00:00,2025-07-21 18:00:00,2025-07-21 18:00:00,,,,0,0,0,0,0,0,na,na
gdelt_d7a67361,en,"Israeli fire kills three people in Gaza , tension rises",2026-01-12 04:45:00,2026-01-12 04:45:00,2026-01-12 04:45:00,,,,0,0,0,0,0,0,na,na
gdelt_d7b591e9,hr,Poljska desna opozicija ne želi sredstva EU za odbranu,2026-02-25 20:30:00,2026-02-25 20:30:00,2026-02-22 00:00:00,,,,0,0,0,0,0,0,na,na
gdelt_d81ce8f8,en,PUB moves to test ground stability at Tanjong Katong sinkhole after filling cavity,2025-07-29 01:00:00,2025-07-29 01:00:00,2025-07-29 01:00:00,,,,0,0,0,0,0,0,na,na
gdelt_d82c416e,pt,"Natalia Beauty :  IA é como Mounjaro : galera united states , mas não assume  ",2026-02-11 20:15:00,2026-02-11 20:15:00,2026-03-01 00:00:00,,,,0,0,0,0,0,0,na,na
gdelt_d82d1219,zh-cn,湖州打造百亿淡水渔业产业链 - 新华网,2025-09-16 10:45:00,2025-09-16 10:45:00,2025-09-16 10:45:00,,,,0,0,0,0,0,0,na,na
gdelt_d8958d3f,sw,Watoto 8 wameuawa wakisubiri huduma ya maji Gaza – DW – 13 . 07 . 2025,2025-07-14 00:00:00,2025-07-14 00:00:00,2025-07-13 00:00:00,2025-01-01 00:00:00,year,2025,1,1,1,1,1,1,tie,tie
gdelt_d8d40f34,fr,Etats - Unis : une juge fédérale soutient Harvard dans le procès contre le gel de certains de ses financements par ladministration Trump - Xinhua,2025-09-04 11:15:00,2025-09-04 11:15:00,2025-09-04 11:15:00,,,,0,0,0,0,0,0,na,na
gdelt_d9054367,en,"NFL Week 8 odds , spreads : Ravens open as touchdown favorites vs . Bears",2025-10-21 01:15:00,2025-10-21 01:15:00,2025-10-21 01:15:00,,,,0,0,0,0,0,0,na,na
gdelt_d9825885,en,"Majority of Russians expect Ukraine war to end in 2026 , state survey finds",2025-12-25 14:15:00,2026-12-25 00:00:00,2026-01-01 00:00:00,2026-01-01 00:00:00,year,in 2026,1,1,1,1,1,1,tie,tie
gdelt_da0d022d,es,Papa pide alto al fuego en Medio Oriente y retomar diálogo,2026-03-15 22:15:00,2026-03-15 22:15:00,2026-03-15 22:15:00,,,,0,0,0,0,0,0,na,na
gdelt_da27301f,en,"Russia seeking to create  buffer zone in Ukraine , says Kremlin | Russia - Ukraine war News",2025-07-24 22:30:00,2025-07-24 22:30:00,2025-07-24 22:30:00,,,,0,0,0,0,0,0,na,na
gdelt_dacf61eb,ar,أنور إبراهيم : من هو الزعيم الماليزي الذي ساعد ترامب في إنجاز  اتفاقية سلام ؟ ,2025-10-30 05:00:00,2025-10-30 05:00:00,2025-10-30 05:00:00,,,,0,0,0,0,0,0,na,na
gdelt_dae3a32e,en,Hungary grants asylum to Polish ex - justice minister Zbigniew Ziobro,2026-01-12 23:45:00,2026-01-12 23:45:00,2026-01-12 23:45:00,,,,0,0,0,0,0,0,na,na
gdelt_db036a46,en,LIVE : Israel to receive two more captive bodies from Gaza shortly | Israel - Palestine conflict News,2025-10-19 01:45:00,2025-10-19 01:45:00,2025-10-19 01:45:00,,,,0,0,0,0,0,0,na,na
gdelt_db089a6a,fr,"Larmée américaine a détruit 42 navires de la marine iranienne au cours des trois derniers jours , selon Trump - Xinhua",2026-03-08 18:45:00,2026-03-08 18:45:00,2026-03-08 18:45:00,,,,0,0,0,0,0,0,na,na
gdelt_db6dbf28,it,Canciller ruso Lavrov se reúne con presidente chino Xi – DW – 15 / 07 / 2025,2025-07-15 14:45:00,2025-07-15 14:45:00,2025-07-15 00:00:00,2025-01-01 00:00:00,year,15 / 07 / 2025,1,1,1,1,1,1,tie,tie
gdelt_db9fecc3,en,Bradford  oldest  curry house revealed for World Curry Festival,2025-09-15 15:45:00,2025-09-15 15:45:00,2025-09-15 15:45:00,,,,0,0,0,0,0,0,na,na
gdelt_dbba8f23,zh-cn,宁波镇海  治水+文旅  双轮驱动 ， 以水为媒激活  水经济 - 新华网,2025-10-12 17:00:00,2025-10-12 17:00:00,2025-10-12 17:00:00,,,,0,0,0,0,0,0,na,na
gdelt_dbc34292,fr,LIran condamne la décision de lArgentine de qualifier la Force al - Qods de groupe terroriste - Xinhua,2026-01-21 11:15:00,2026-01-21 11:15:00,2026-01-21 11:15:00,,,,0,0,0,0,0,0,na,na
gdelt_dbf43ba6,en,Premier League predictions : Chris Sutton v Felix White - and AI,2025-12-02 08:45:00,2025-12-02 08:45:00,2025-12-02 08:45:00,,,,0,0,0,0,0,0,na,na
gdelt_dc16a2b9,en,"LIVE : Israel kills nearly 100 people in Gaza in 24 hours , halts aid | Israel - Palestine conflict News",2025-06-05 05:00:00,2025-06-04 05:00:00,2025-06-04 05:00:00,,,,0,0,0,0,0,0,na,na
gdelt_dc16b4cf,ro,Bolojan a explicat reforma administrației publice locale – DW – 02 . 09 . 2025,2025-09-02 21:30:00,2025-09-02 21:30:00,2025-09-02 00:00:00,2025-01-01 00:00:00,year,2025,1,1,1,1,1,1,tie,tie
gdelt_dc2d3c8e,en,"LIVE : Israel lets aid into Gaza , but UN says it not enough to stop famine | Israel - Palestine conflict News",2025-07-28 13:15:00,2025-07-28 13:15:00,2025-07-28 13:15:00,,,,0,0,0,0,0,0,na,na
gdelt_dc6f5d39,en,Jakarta braces for more protests after ride - share motorcyclist killed by police vehicle,2025-08-29 22:00:00,2025-08-29 22:00:00,2025-08-29 22:00:00,,,,0,0,0,0,0,0,na,na
gdelt_dcc0ef69,en,NFL MVP odds : Stafford and Maye are your new favorites ( and Jonathan Taylor is knocking ) ,2025-11-17 00:15:00,2025-11-17 00:15:00,2025-11-17 00:15:00,,,,0,0,0,0,0,0,na,na
gdelt_dcd97abc,en,Israel bulldozes UNRWA buildings in occupied East Jerusalem,2026-01-20 20:15:00,2026-01-20 20:15:00,2026-01-20 20:15:00,,,,0,0,0,0,0,0,na,na
gdelt_dcf1c888,ko,693家 ！ 杭州总部企业数量再创新高 - 新华网,2026-02-26 10:45:00,2026-02-26 10:45:00,2026-02-26 10:45:00,,,,0,0,0,0,0,0,na,na
gdelt_dd098d6a,sw,Saudi Arabia yazindua mradi wa ujenzi mpya wa Damascus – DW – 07 . 09 . 2025,2025-09-08 02:15:00,2025-09-08 00:00:00,2025-09-07 00:00:00,2025-01-01 00:00:00,year,2025,1,1,1,1,1,1,tie,tie
gdelt_dd4ac014,en,"Nigeria floods : Death toll hits more than 200 , officials say",2025-06-02 00:00:00,2025-06-02 00:00:00,2025-06-02 00:00:00,,,,0,0,0,0,0,0,na,na
gdelt_dd8eb713,zh-cn,新华视点丨盘点暑期文旅打开方式 ： 多元业态激活消费新动能 - 新华网,2025-09-04 14:30:00,2025-09-04 14:30:00,2025-09-04 14:30:00,,,,0,0,0,0,0,0,na,na
gdelt_dde02b64,en,The Road to the Emmys,2025-09-13 06:45:00,2025-09-13 06:45:00,2025-09-13 06:45:00,,,,0,0,0,0,0,0,na,na
gdelt_ddebdc95,sw,Hisa za kampuni za Ulaya zaimarika kidogo,2026-03-10 19:30:00,2026-03-10 19:30:00,2026-03-10 19:30:00,,,,0,0,0,0,0,0,na,na
gdelt_de0acd14,zh-cn,安顺绿色算力通过直连网络链路持续输出  光速高铁  高效畅达大湾区 - 新华网,2025-09-16 10:30:00,2025-09-16 10:30:00,2025-09-16 10:30:00,,,,0,0,0,0,0,0,na,na
gdelt_df2e8a41,en,Why united states World Cup opener holds the key to success or failure for Pochettino side,2025-12-10 23:30:00,2025-12-10 23:30:00,2025-12-10 23:30:00,,,,0,0,0,0,0,0,na,na
gdelt_df380ba4,zh-cn,调好生物钟 ， 让年宵花准时绽放 - 新华网,2026-02-17 13:45:00,2026-02-17 13:45:00,2026-02-01 00:00:00,,,,0,0,0,0,0,0,na,na
gdelt_df47a30f,de,Zukunft des Gazastreifens : Die Rolle der arabischen Staaten – DW – 21 . 10 . 2025,2025-10-21 13:30:00,2025-10-21 13:30:00,2025-10-21 00:00:00,2025-01-01 00:00:00,year,2025,1,1,1,1,1,1,tie,tie
gdelt_df7db437,en,"Overcrowding forces halt to Gaza aid distribution , Eid holiday marked by violence",2025-06-07 02:30:00,2025-06-07 02:30:00,2025-06-07 02:30:00,,,,0,0,0,0,0,0,na,na
gdelt_dfad393d,en,Cleveland Cavaliers could have a rough start and that would be best,2025-10-23 19:15:00,2025-10-23 19:15:00,2025-10-23 19:15:00,,,,0,0,0,0,0,0,na,na
gdelt_dfc77d0a,fr,Le plus haut gradé américain annonce le déploiement de troupes supplémentaires et davions de combat au Moyen - Orient - Xinhua,2026-03-03 11:45:00,2026-03-03 11:45:00,2026-03-03 11:45:00,,,,0,0,0,0,0,0,na,na
gdelt_dfcf8a92,en,Brown University shooting : At least 2 killed – DW – 12 / 14 / 2025,2025-12-14 08:45:00,2025-12-14 08:45:00,2025-12-14 00:00:00,2025-01-01 00:00:00,year,12 / 14 / 2025,1,1,1,1,1,1,tie,tie
gdelt_e00b89eb,pl,Prasa o koalicji rządowej : „ Nie wolno spocząć na laurach  – DW – 25 . 08 . 2025,2025-08-25 16:15:00,2025-08-25 16:15:00,2025-08-25 00:00:00,2025-01-01 00:00:00,year,2025,1,1,1,1,1,1,tie,tie
gdelt_e023294d,es,Relevo de la Antorcha de los Juegos Mundiales 2025 en Chengdu | Spanish . xinhuanet . com,2025-07-27 12:45:00,2025-07-27 12:45:00,2025-07-27 00:00:00,2025-01-01 00:00:00,year,2025 en,1,1,1,1,1,1,tie,tie
gdelt_e04c3308,ro,Nicușor Dan la Paris :  O forță puternică apără România  – DW – 09 . 12 . 2025,2025-12-10 04:30:00,2025-12-10 04:30:00,2025-12-09 00:00:00,2025-01-01 00:00:00,year,2025,1,1,1,1,1,1,tie,tie
gdelt_e06f372f,en,Three Scots agree extradition to Canada over man death,2025-10-21 00:15:00,2025-10-21 00:15:00,2025-10-21 00:15:00,,,,0,0,0,0,0,0,na,na
gdelt_e1131511,ar,ما الأسئلة التي يمكننا طرحها لنعزز علاقتنا بأطفالنا والآخرين ؟ ,2025-09-21 23:45:00,2025-09-21 23:45:00,2025-09-21 23:45:00,,,,0,0,0,0,0,0,na,na
gdelt_e13c7950,en,"That cup of coffee may have a surprising perk – a healthier , longer life",2025-06-14 09:15:00,2025-06-14 09:15:00,2025-06-14 09:15:00,,,,0,0,0,0,0,0,na,na
gdelt_e1ac4833,sw,Watu 26 wafariki baada ya vifaru vya Israel kufyatua risasi karibu na kituo cha misaada cha Gaza - waokoaji,2025-06-01 18:00:00,2025-06-01 18:00:00,2025-06-01 18:00:00,,,,0,0,0,0,0,0,na,na
gdelt_e1d59895,zh-cn,省委常委会召开会议 刘宁主持并讲话 - 新华网河南频道,2025-12-21 10:45:00,2025-12-21 10:45:00,2025-12-21 10:45:00,,,,0,0,0,0,0,0,na,na
gdelt_e1f7bd67,fr,Le poste - frontière de Rafah ne doit pas être considéré comme un passage pour déplacer les Palestiniens ( MAE égyptien ) - Xinhua,2025-09-07 09:30:00,2025-09-07 09:30:00,2025-09-07 09:30:00,,,,0,0,0,0,0,0,na,na
gdelt_e2003e28,zh-cn,保险机构以  耐心资本  赋能科创企业做大做强 - 新华网,2025-11-17 10:30:00,2025-11-17 10:30:00,2025-11-17 10:30:00,,,,0,0,0,0,0,0,na,na
gdelt_e22045c3,en,Jared Sacks | Al Jazeera News | Today latest from Al Jazeera,2025-09-07 23:00:00,2025-09-07 23:00:00,2025-09-07 23:00:00,2025-09-07 00:00:00,day,Today,1,1,1,1,1,1,tie,tie
gdelt_e2321fa7,en,Beijing urges Cambodia to  severely punish  perpetrators after killings of two Chinese nationals,2025-08-05 16:30:00,2025-08-05 16:30:00,2025-08-05 16:30:00,,,,0,0,0,0,0,0,na,na
gdelt_e2ed9a0c,en,A77 road closed after concrete falls from bridge,2026-01-08 03:30:00,2026-01-08 03:30:00,2026-01-08 03:30:00,,,,0,0,0,0,0,0,na,na
gdelt_e2fed89a,sw,  Ananyanyaswa na kufuatiliwa kila hatua :  Nyota wa muziki anayemkabili rais wa muda mrefu wa Uganda,2026-01-11 22:30:00,2026-01-11 22:30:00,2026-01-11 22:30:00,,,,0,0,0,0,0,0,na,na
gdelt_e30b12e9,es,Acuerdo arancelario entre EE . UU . y Canadá sigue siendo esquivo tras reunión entre Trump y Carney,2025-10-08 14:30:00,2025-10-08 14:30:00,2025-10-08 14:30:00,,,,0,0,0,0,0,0,na,na
gdelt_e343447b,en,Trump administration to dissolve key climate research agency,2025-12-18 01:30:00,2025-12-18 01:30:00,2025-12-18 01:30:00,,,,0,0,0,0,0,0,na,na
gdelt_e350b991,fa,کاست ، نامزد راست افراطی ، برنده انتخابات ریاست جمهوری شیلی شد,2025-12-16 00:30:00,2025-12-16 00:30:00,2025-12-16 00:30:00,,,,0,0,0,0,0,0,na,na
gdelt_e355d905,zh-cn,遵义市聚焦六大链条融入成渝产业体系 - 新华网,2025-10-15 11:00:00,2025-10-15 11:00:00,2025-10-15 11:00:00,,,,0,0,0,0,0,0,na,na
gdelt_e3da9150,en,Inter vs Arsenal live updates : Gabriel Jesus goal opens scoring in Champions League match,2026-01-21 04:30:00,2026-01-21 04:30:00,2026-01-21 04:30:00,,,,0,0,0,0,0,0,na,na
gdelt_e43b9ece,bg,САЩ и депортациите : Обама и Тръмп не правят  едно и също  ,2026-02-17 01:45:00,2026-02-17 01:45:00,2026-02-17 01:45:00,,,,0,0,0,0,0,0,na,na
gdelt_e459bd48,sw,Ujerumani / Uingereza kutia saini mkataba wa ulinzi wa pamoja – DW – 02 . 07 . 2025,2025-07-03 00:00:00,2025-07-03 00:00:00,2025-07-02 00:00:00,2025-01-01 00:00:00,year,2025,1,1,1,1,1,1,tie,tie
gdelt_e4770bdb,sw,Ripoti : Mapambano dhidi ya Malaria yashindwa kupiga hatua – DW – 21 . 10 . 2025,2025-10-21 13:30:00,2025-10-21 00:00:00,2025-10-21 00:00:00,2025-01-01 00:00:00,year,2025,1,1,1,1,1,1,tie,tie
gdelt_e4aaf4f2,de,Tuvalu : Bewohner bewerben sich um australisches Klimavisum – DW – 13 . 07 . 2025,2025-07-13 19:00:00,2025-07-13 19:00:00,2025-07-13 00:00:00,2025-01-01 00:00:00,year,2025,1,1,1,1,1,1,tie,tie
gdelt_e4bff917,de,Nach Trump - Putin - Gipfel : Europäer sprechen ihre Taktik ab – DW – 17 . 08 . 2025,2025-08-17 14:30:00,2025-08-17 14:30:00,2025-08-17 00:00:00,2025-01-01 00:00:00,year,2025,1,1,1,1,1,1,tie,tie
gdelt_e4def248,uk,Старіння населення : як зміниться пенсійна система Німеччини – DW – 14 . 09 . 2025,2025-09-14 19:15:00,2025-09-14 19:15:00,2025-09-14 00:00:00,2025-01-01 00:00:00,year,2025,1,1,1,1,1,1,tie,tie
gdelt_e4f70785,da,France former culture minister resigns over Epstein - linked tax fraud probe,2026-02-09 01:00:00,2026-02-09 01:00:00,2026-02-09 01:00:00,,,,0,0,0,0,0,0,na,na
gdelt_e5349f43,bn,মঙ্গলবার একটি না দুইটি শপথ ? ,2026-02-16 16:15:00,2026-02-16 16:15:00,2026-02-10 00:00:00,,,,0,0,0,0,0,0,na,na
gdelt_e535d1f5,ko,海南省首次记录到白领翡翠 - 新华网,2025-09-28 12:15:00,2025-09-28 12:15:00,2025-09-28 12:15:00,,,,0,0,0,0,0,0,na,na
gdelt_e559d71d,ko,"산과 바다를 초월한 인연 ... 명나라 진린 장군의 中 · 韓 후손 , 윈푸서 뜻깊은 만남 - Xinhua",2026-03-19 11:30:00,2026-03-19 11:30:00,2026-03-19 11:30:00,,,,0,0,0,0,0,0,na,na
gdelt_e584022a,fi,Israeli attacks on Lebanon Bekaa Valley kill Syrian teenager | News,2026-02-27 06:15:00,2026-02-27 06:15:00,2026-02-25 00:00:00,,,,0,0,0,0,0,0,na,na
gdelt_e5875677,en,Dick Cheney and the sanitising of a war criminal,2025-11-06 00:00:00,2025-11-06 00:00:00,2025-11-06 00:00:00,,,,0,0,0,0,0,0,na,na
gdelt_e5b76bbf,zh-cn,河南省信阳市人大常委会原党组成员 、 副主任周哲被开除党籍和公职 - 新华网,2025-10-13 11:45:00,2025-10-13 11:45:00,2025-10-13 11:45:00,,,,0,0,0,0,0,0,na,na
gdelt_e5b9aaeb,en,Egypt vs Ivory Coast live updates : AFCON 2025 line ups as Ashour returns to XI,2026-01-11 02:45:00,2025-01-11 00:00:00,2025-12-31 00:00:00,2025-01-01 00:00:00,year,2025,1,1,1,1,1,1,tie,tie
gdelt_e5dbd1ae,en,Hooked by phishing scams : How scammers hijack your card for mobile wallet fraud,2025-06-13 09:30:00,2025-06-13 09:30:00,2025-06-13 09:30:00,,,,0,0,0,0,0,0,na,na
gdelt_e5f24aa0,en,Russian drone kills two Ukrainian journalists on Donetsk eastern front line,2025-10-24 00:30:00,2025-10-24 00:30:00,2025-10-24 00:30:00,,,,0,0,0,0,0,0,na,na
gdelt_e6017e6d,en,"  We earn £60 , 000 and want stamp duty scrapped  ",2025-11-25 08:45:00,2025-11-25 08:45:00,2025-11-19 00:00:00,,,,0,0,0,0,0,0,na,na
gdelt_e6bf20c1,en,"Alleged Bondi Beach gunman to be charged within hours , Australia PM says",2025-12-17 10:00:00,2025-12-17 00:00:00,2025-12-01 00:00:00,,,,0,0,0,0,0,0,na,na
gdelt_e6cbe7f5,fr,Organisation dune réunion consacrée à la formation dun solide vivier de talents culturels en Chine - Xinhua,2025-12-21 09:45:00,2025-12-21 09:45:00,2025-12-21 09:45:00,,,,0,0,0,0,0,0,na,na
gdelt_e6ff6fcb,en,Spain to probe whether wildfire - hit towns drafted prevention plans,2025-08-22 04:30:00,2025-08-22 04:30:00,2025-08-22 04:30:00,,,,0,0,0,0,0,0,na,na
gdelt_e707f200,en,Israeli hostages may be released as early as Saturday after Gaza ceasefire deal,2025-10-09 15:15:00,2025-10-09 15:15:00,2025-10-04 00:00:00,,,,0,0,0,0,0,0,na,na
gdelt_e7101fb0,hi,हांगकांग : मीडिया टायकून जिमी लाई को 20 साल की जेल,2026-02-09 18:00:00,2026-02-09 18:00:00,2026-02-09 18:00:00,,,,0,0,0,0,0,0,na,na
gdelt_e72ee6f6,en,Government makes major changes to infected blood compensation,2025-07-22 12:15:00,2025-07-22 12:15:00,2025-07-22 12:15:00,,,,0,0,0,0,0,0,na,na
gdelt_e73d2dea,fr,"Malgré le  shutdown , Trump ordonne au Pentagone de payer les militaires - Xinhua",2025-10-12 13:15:00,2025-10-12 13:15:00,2025-10-12 13:15:00,,,,0,0,0,0,0,0,na,na
gdelt_e772bfd5,en,Pakistan navy seizes drugs worth nearly $1bn in the Arabian Sea,2025-10-22 19:00:00,2025-10-22 19:00:00,2025-10-22 19:00:00,,,,0,0,0,0,0,0,na,na
gdelt_e79d6683,en,French  hypnotherapist  on trial for drugging and raping women,2026-01-06 22:15:00,2026-01-06 22:15:00,2026-01-06 22:15:00,,,,0,0,0,0,0,0,na,na
gdelt_e8042729,es,"Exposición de experiencia digital inmersiva con elementos culturales chinos en Sídney , Australia",2026-02-11 12:30:00,2026-02-11 12:30:00,2026-02-11 12:30:00,,,,0,0,0,0,0,0,na,na
gdelt_e836791d,no,Mandelson expresses  tremendou regret over Epstein friendship,2025-09-10 17:15:00,2025-09-10 17:15:00,2025-09-10 17:15:00,,,,0,0,0,0,0,0,na,na
gdelt_e83eaf78,fa,آیا دولت ترامپ آمریکای لاتین را « حیاط خلوت » ‌ ایالات متحده می‌داند ؟ ,2025-07-06 22:00:00,2025-07-06 22:00:00,2025-07-06 22:00:00,,,,0,0,0,0,0,0,na,na
gdelt_e855f5c4,de,Der Fall Maduro :  Symbolische Verurteilung  aus Peking – DW – 07 . 01 . 2026,2026-01-08 20:15:00,2026-01-08 20:15:00,2026-01-07 00:00:00,2026-01-01 00:00:00,year,2026,1,1,1,1,1,1,tie,tie
gdelt_e8573ebf,en,Iran protests live : Military on high alert as US ramps up attack threats | Protests News,2026-01-15 02:45:00,2026-01-15 02:45:00,2026-01-15 02:45:00,,,,0,0,0,0,0,0,na,na
gdelt_e8bd3996,en,Ousted Oxford Union president - elect  threatened  over Kirk posts,2025-12-01 06:45:00,2025-12-01 06:45:00,2025-12-01 06:45:00,,,,0,0,0,0,0,0,na,na
gdelt_e8c95b54,en,"UK Border Force officer was  working for China , court told",2026-03-06 04:00:00,2026-03-06 04:00:00,2026-03-06 04:00:00,,,,0,0,0,0,0,0,na,na
gdelt_e8d3b27d,zh-cn,客座评论 ： 为什么说习近平的反腐是一种政治清洗 – DW – 2025年8月25日,2025-08-26 23:15:00,2025-08-25 00:00:00,2025-08-25 00:00:00,2025-08-25 00:00:00,day,2025年8月25日,1,1,1,1,1,1,tie,tie
gdelt_e8ff42e0,en,Aid ship aiming to break Israel siege of Gaza sets sail from Italy | Israel - Palestine conflict News,2025-06-02 03:30:00,2025-06-02 03:30:00,2025-06-02 03:30:00,,,,0,0,0,0,0,0,na,na
gdelt_e9303777,en,Cristiano Ronaldo avoids World Cup ban as FIFA grants Portugal captain  probationary period  ,2025-11-26 06:45:00,2025-11-26 06:45:00,2025-11-26 06:45:00,,,,0,0,0,0,0,0,na,na
gdelt_e959e72b,ko,省直青年人才公寓第二批次配租工作启动 - 新华网河南频道,2025-07-13 09:00:00,2025-07-13 09:00:00,2025-07-13 09:00:00,,,,0,0,0,0,0,0,na,na
gdelt_e9db31e7,ar,  موقعة المونديال .. العراق والسعودية بصافرة أردنية من يبلغ نهائيات 2026 ؟ ,2025-10-14 14:15:00,2025-10-14 14:15:00,2026-01-01 00:00:00,2026-01-01 00:00:00,year,2026,1,1,0,1,0,1,v2_better,v2_better
gdelt_ea3ddcdc,en,Swiss authorities detain owner of bar where New Year fire killed 40 | Police News,2026-01-10 07:00:00,2026-01-10 07:00:00,2026-01-01 00:00:00,,,,0,0,0,0,0,0,na,na
gdelt_ea57f543,fr,Le RB Leipzig a largement dominé Francfort – DW – 08 / 12 / 2025,2025-12-09 00:30:00,2025-12-09 00:30:00,2025-12-08 00:00:00,2025-01-01 00:00:00,year,08 / 12 / 2025,1,1,1,1,1,1,tie,tie
gdelt_ea7002da,en,Antisemitism report finds increase in anti - Jewish discrimination,2025-07-15 13:30:00,2025-07-15 13:30:00,2025-07-15 13:30:00,,,,0,0,0,0,0,0,na,na
gdelt_ea7d2b29,en,"World Cup 2026 live updates : Latest news ahead of March qualifiers , ticket information , more",2026-01-28 00:45:00,2026-03-28 00:00:00,2026-01-28 00:00:00,2026-01-01 00:00:00,year,2026,1,1,1,1,1,1,tie,tie
gdelt_ea7e3295,en,Quake rattles north Philippines city,2025-10-09 15:15:00,2025-10-09 15:15:00,2025-10-09 15:15:00,,,,0,0,0,0,0,0,na,na
gdelt_ea9406e0,zh-cn,研究人员开发出  类脑  微型流体芯片 - 新华网,2025-10-12 21:30:00,2025-10-12 21:30:00,2025-10-12 21:30:00,,,,0,0,0,0,0,0,na,na
gdelt_ead59051,de,Antifa - Prozess in Ungarn : Maja T . droht drakonische Strafe,2026-02-04 21:00:00,2026-02-04 21:00:00,2026-02-04 21:00:00,,,,0,0,0,0,0,0,na,na
gdelt_eaf08390,sv,Hilfsorganisationen beklagen Blockadehaltung Israels – DW – 14 . 08 . 2025,2025-08-19 00:30:00,2025-08-19 00:30:00,2025-08-14 00:00:00,2025-01-01 00:00:00,year,2025,1,1,1,1,1,1,tie,tie
gdelt_eb02fad0,zh-cn,今年第4号台风  丹娜丝  已生成 - 新华网,2025-07-06 12:30:00,2025-07-06 12:30:00,2025-07-06 12:30:00,2025-01-01 00:00:00,year,今年,1,1,1,1,1,1,tie,tie
gdelt_eb05abb2,ko, 【 新数据 新亮点 】 定西高质量发展迈出坚实步伐 - 新华网,2025-10-31 10:30:00,2025-10-31 10:30:00,2025-10-31 10:30:00,,,,0,0,0,0,0,0,na,na
gdelt_eb0b1f31,fr,Le Qatar partage un projet dAccord à Kinshasa et au M23 – DW – 18 / 08 / 2025,2025-08-19 00:30:00,2025-08-19 00:30:00,2025-08-18 00:00:00,2025-01-01 00:00:00,year,18 / 08 / 2025,1,1,1,1,1,1,tie,tie
gdelt_eb14b128,fr,EAU : un incendie signalé dans la zone pétrolière après la chute de débris provenant dune interception - Xinhua,2026-03-09 13:45:00,2026-03-09 13:45:00,2026-03-09 13:45:00,,,,0,0,0,0,0,0,na,na
gdelt_ebab5ad7,ca,Helen Bay : Eyewitnesses describe desperate rescue attempts,2026-01-26 23:45:00,2026-01-26 23:45:00,2026-01-26 23:45:00,,,,0,0,0,0,0,0,na,na
gdelt_ebb14426,es,Entrevista : Bolivia gira de rumbo tras elecciones con desplome del MAS y apertura a un nuevo escenario político,2025-08-25 12:15:00,2025-08-25 12:15:00,2025-01-01 00:00:00,,,,0,0,0,0,0,0,na,na
gdelt_ec44940e,es,Crean competencia de IA para impulsar colaboración tecnológica China - ASEAN,2025-07-20 15:15:00,2025-07-20 15:15:00,2025-07-20 15:15:00,,,,0,0,0,0,0,0,na,na
gdelt_ec842a37,pt,Ministerio de Defensa chino condena ventas de armas de EEUU a Taiwan,2025-11-18 08:00:00,2025-11-18 08:00:00,2025-11-18 08:00:00,,,,0,0,0,0,0,0,na,na
gdelt_eccd5dc2,en,Keir Starmer asks students not to join protests on 7 October,2025-10-07 18:45:00,2025-10-07 00:00:00,2025-10-07 00:00:00,2025-10-01 00:00:00,month,on 7 October,1,1,1,1,1,1,tie,tie
gdelt_ed643e25,en,"49er upset in Philly perfectly reflects gritty season , as The Improbables strike again",2026-01-12 23:15:00,2026-01-12 23:15:00,2026-01-12 23:15:00,,,,0,0,0,0,0,0,na,na
gdelt_eda18f12,en,"Oil falls $1 as Iraqi oilfield production restored , Ukraine talks continue",2025-12-09 04:00:00,2025-12-09 04:00:00,2025-12-09 04:00:00,,,,0,0,0,0,0,0,na,na
gdelt_ede456c9,en,UN puts 2026 aid appeal under 1 % of global arms spending – DW – 12 / 08 / 2025,2025-12-08 16:45:00,2026-12-08 00:00:00,2026-01-01 00:00:00,2026-01-01 00:00:00,year,2026,1,1,1,1,1,1,tie,tie
gdelt_edf6e471,en,Iran war : US and Iran at odds over peace talks,2026-03-24 14:00:00,2026-03-24 14:00:00,2026-03-24 14:00:00,,,,0,0,0,0,0,0,na,na
gdelt_ee365d0d,en,"Russia - Ukraine war : List of key events , day 1 , 332",2025-10-18 11:15:00,2025-10-18 11:15:00,2025-10-18 11:15:00,,,,0,0,0,0,0,0,na,na
gdelt_ee45487e,en,Iran war puts South Asia Gulf remittances at risk,2026-03-25 02:45:00,2026-03-25 02:45:00,2026-03-25 02:45:00,,,,0,0,0,0,0,0,na,na
gdelt_ef20931e,en,China Xi vows greater support for Russia as he meets Lavrov,2025-07-15 19:15:00,2025-07-15 19:15:00,2025-07-15 19:15:00,,,,0,0,0,0,0,0,na,na
gdelt_ef57dd0d,ur,فٹ بال کی دنیا میں ہلچل مچانے والی پاکستانی نژاد برطانوی فٹبالرز :  مجھے اپنی شناخت پر فخر ہے  ,2025-07-29 01:15:00,2025-07-29 01:15:00,2025-07-29 01:15:00,,,,0,0,0,0,0,0,na,na
gdelt_ef66df8b,vi,Mỹ và Israel tấn công Iran : Phản ứng của quốc tế - BBC News Tiếng Việt,2026-03-01 13:15:00,2026-03-01 13:15:00,2026-03-01 13:15:00,,,,0,0,0,0,0,0,na,na
gdelt_ef936da8,fr,Le secrétaire général de lONU exhorte lIran à faire preuve de retenue et à rétablir les communications dans le pays ( porte - parole ) - Xinhua,2026-01-12 08:15:00,2026-01-12 08:15:00,2026-01-12 08:15:00,,,,0,0,0,0,0,0,na,na
gdelt_ef9cbdab,fa,شکاف در دولت موقت هلند بر سر اقدام بیشتر علیه اسرائیل ؛ وزیر خارجه و هشت عضو کابینه استعفا دادند,2025-08-24 22:00:00,2025-08-24 22:00:00,2025-08-24 22:00:00,,,,0,0,0,0,0,0,na,na
gdelt_f09325d7,tr,"Türkiye İngiltereden 20 Eurofighter Typhoon alıyor , Erdoğan  Katar ve Ummandan da alabiliriz  dedi",2025-11-09 20:30:00,2025-11-09 20:30:00,2025-11-09 20:30:00,,,,0,0,0,0,0,0,na,na
gdelt_f0aa5f99,ko,역귀성에서 자동차 여행까지 ... 中 춘절 인구 이동 新 풍속도 - Xinhua,2026-02-25 13:45:00,2026-02-25 13:45:00,2026-02-25 13:45:00,,,,0,0,0,0,0,0,na,na
gdelt_f0ea74f1,bg,Как България подкрепя проевропейския път на Молдова – DW – 25 . 09 . 2025,2025-09-25 18:15:00,2025-09-25 18:15:00,2025-09-25 00:00:00,2025-01-01 00:00:00,year,2025,1,1,1,1,1,1,tie,tie
gdelt_f12816aa,fr,Les enseignants de Kidal vont bientôt rejoindre leur poste – DW – 25 / 11 / 2025,2025-11-25 19:30:00,2025-11-25 19:30:00,2025-11-25 00:00:00,2025-01-01 00:00:00,year,25 / 11 / 2025,1,1,1,1,1,1,tie,tie
gdelt_f15a6f1f,en,"LIVE : Israel yet to reply to Gaza ceasefire ; almost 19 , 000 children killed | Israel - Palestine conflict News",2025-08-20 14:00:00,2025-08-20 14:00:00,2025-08-20 14:00:00,,,,0,0,0,0,0,0,na,na
gdelt_f1d6c82e,en,"QB future for all 32 NFL teams : Daniel Jones , Tua Tagovailoa among intriguing decisions ahead",2025-11-17 00:15:00,2025-11-17 00:15:00,2025-11-17 00:15:00,,,,0,0,0,0,0,0,na,na
gdelt_f1f4d34b,en,"Blue Jackets get back to basics , find relief in much - needed win over Lightning",2025-10-19 19:00:00,2025-10-19 19:00:00,2025-10-19 19:00:00,,,,0,0,0,0,0,0,na,na
gdelt_f1fe6b70,en,Syria live : Fighting resumes in Aleppo after ceasefire collapses | Armed Groups News,2026-01-10 18:00:00,2026-01-10 18:00:00,2026-01-10 18:00:00,,,,0,0,0,0,0,0,na,na
gdelt_f2263461,en,Tearful Son Heung - min prepares for emotional Tottenham goodbye,2025-08-03 01:15:00,2025-08-03 01:15:00,2025-08-01 00:00:00,,,,0,0,0,0,0,0,na,na
gdelt_f2dd79e3,en,Turbulence is increasing . Here how the aviation industry is trying to smooth things out,2025-07-27 18:00:00,2025-07-27 18:00:00,2025-07-27 18:00:00,,,,0,0,0,0,0,0,na,na
gdelt_f2e6c7d8,en,"Coral reef discovered off Naples , in rare find for Mediterranean",2025-10-12 14:45:00,2025-10-12 14:45:00,2025-10-12 14:45:00,,,,0,0,0,0,0,0,na,na
gdelt_f38f3f7e,en,Uttar Pradesh wasika : India former royals who draw a meagre pension,2025-10-05 11:45:00,2025-10-05 11:45:00,2025-10-05 11:45:00,,,,0,0,0,0,0,0,na,na
gdelt_f3aa75dc,en,Singapore faces shortage of psychologists amid rising demand for mental health services,2026-03-17 12:00:00,2026-03-17 12:00:00,2026-03-17 12:00:00,,,,0,0,0,0,0,0,na,na
gdelt_f46c2176,fa,چهار مدال طلای جهانی برای زنان ووشوکار ایران,2025-09-08 00:15:00,2025-09-08 00:15:00,2025-09-08 00:15:00,,,,0,0,0,0,0,0,na,na
gdelt_f4c4ad1c,zh-cn,如通苏湖城际铁路苏州北站至苏州东站段开工 _ 新华网江苏频道,2025-12-30 11:15:00,2025-12-30 11:15:00,2025-12-30 11:15:00,,,,0,0,0,0,0,0,na,na
gdelt_f54a3a62,en,Protesters call for action as pollution suffocates New Delhi,2025-11-10 20:45:00,2025-11-10 20:45:00,2025-11-10 20:45:00,,,,0,0,0,0,0,0,na,na
gdelt_f5bc24ff,zh-cn,全运会蹦床决赛 ： 胡译乘夺两金 严浪宇实现卫冕 - 新华网,2025-10-13 11:45:00,2025-10-13 11:45:00,2025-10-13 11:45:00,,,,0,0,0,0,0,0,na,na
gdelt_f60c3a23,ko,海南省率先出台 《 生态环境监测条例 》 省级配套制度 - 新华网,2026-01-14 13:15:00,2026-01-14 13:15:00,2026-01-14 13:15:00,,,,0,0,0,0,0,0,na,na
gdelt_f60d1b5f,fr,Les envoyés cambodgien et thaïlandais sexpriment lors dune réunion de lONU sur les affrontements frontaliers - Xinhua,2025-07-27 10:15:00,2025-07-27 10:15:00,2025-07-27 10:15:00,,,,0,0,0,0,0,0,na,na
gdelt_f694d85f,en,"CNA938 Rewind - Honking and flashing your lights , to do or not to do when driving overseas ? ",2025-06-10 22:45:00,2025-06-10 22:45:00,2025-06-10 22:45:00,,,,0,0,0,0,0,0,na,na
gdelt_f698b984,en,MINDEF warns of allegedly fraudulent bulk orders made by individuals claiming to be SAF personnel,2025-09-14 13:00:00,2025-09-14 13:00:00,2025-09-14 13:00:00,,,,0,0,0,0,0,0,na,na
gdelt_f6b1014e,ko,"中 프리미엄 자동차  훙치 , 이스라엘서 신형 전기차 모델  E - HS5  출시 - Xinhua",2026-01-14 12:30:00,2026-01-14 12:30:00,2026-01-14 12:30:00,,,,0,0,0,0,0,0,na,na
gdelt_f6b58adf,ko,广州上半年外贸进出口同比增长15 . 5 %- 新华网,2025-07-22 16:45:00,2025-07-22 16:45:00,2025-06-30 00:00:00,2025-01-01 00:00:00,month,上半年,1,1,0,0,0,0,tie,tie
gdelt_f6be866f,el,"Η Ελλάδα , η Πολωνία και οι επανορθώσεις – DW – 04 / 11 / 2018",2025-09-03 16:30:00,2025-09-03 16:30:00,2018-11-04 00:00:00,2018-01-01 00:00:00,year,04 / 11 / 2018,1,1,0,1,0,1,v2_better,v2_better
gdelt_f700eb89,en,"Dow , S & P 500 hit record highs as Santa rally begins",2025-12-25 03:30:00,2025-12-25 03:30:00,2025-12-25 03:30:00,,,,0,0,0,0,0,0,na,na
gdelt_f70b97d5,zh-cn,中国代表 ： 中方支持联合国同非盟合作 - 新华网,2025-10-08 16:00:00,2025-10-08 16:00:00,2025-10-08 16:00:00,,,,0,0,0,0,0,0,na,na
gdelt_f72e9800,en,Community group supporting older residents loses council funding,2026-03-24 08:15:00,2026-03-24 08:15:00,2026-03-24 08:15:00,,,,0,0,0,0,0,0,na,na
gdelt_f74c9533,hr,Zašto Trump šalje čak i vojsku u Kaliforniju ? – DW – 10 . 06 . 2025,2025-06-10 17:00:00,2025-06-10 17:00:00,2025-06-10 00:00:00,2025-01-01 00:00:00,year,2025,1,1,1,1,1,1,tie,tie
gdelt_f80c4ca4,pt,Indígenas criticam apropriao cultural em adornos gaúchos – DW – 19 / 10 / 2025,2025-10-19 18:30:00,2025-10-19 18:30:00,2025-10-19 00:00:00,2025-01-01 00:00:00,year,19 / 10 / 2025,1,1,1,1,1,1,tie,tie
gdelt_f8103b68,en,The questions surrounding Mick Marple 1999 murder in Sheffield,2025-12-30 19:00:00,2025-12-30 19:00:00,2025-12-30 19:00:00,1999-01-01 00:00:00,year,1999,1,1,0,0,0,0,tie,tie
gdelt_f8f1ce5c,en,First look at Singapore Oceanarium,2025-07-24 11:45:00,2025-07-24 11:45:00,2025-07-24 11:45:00,,,,0,0,0,0,0,0,na,na
gdelt_f93abea8,pt,X barra monetizao de vídeos da guerra do Irã feitos com IA,2026-03-06 06:15:00,2026-03-06 06:15:00,2026-12-01 00:00:00,,,,0,0,0,0,0,0,na,na
gdelt_f9567ab2,es,China presenta nuevas regulaciones sobre compartición de datos gubernamentales,2025-06-04 08:00:00,2025-06-04 08:00:00,2025-06-04 08:00:00,,,,0,0,0,0,0,0,na,na
gdelt_f95ba5dd,sw,Zelensky yuko Vilnius kushiriki mkutano wa NATO – DW – 02 . 06 . 2025,2025-06-02 20:00:00,2025-06-02 00:00:00,2025-06-02 00:00:00,2025-01-01 00:00:00,year,2025,1,1,1,1,1,1,tie,tie
gdelt_f9602000,uk,Санкції Заходу щодо напівпровідників б  ють по армії Росії – DW – 01 . 06 . 2025,2025-06-02 00:00:00,2025-06-02 00:00:00,2025-06-01 00:00:00,2025-01-01 00:00:00,year,2025,1,1,1,1,1,1,tie,tie
gdelt_f965b28e,en,Dormant Russia volcano erupts for first time in 475 years,2025-08-03 14:00:00,1550-08-03 14:00:00,2025-08-03 14:00:00,,,,0,0,0,0,0,0,na,na
gdelt_f9da68a4,fr,Lambassadeur du Danemark aux Etats - Unis dément les propos de lenvoyé spécial américain pour le Groenland - Xinhua,2026-01-13 03:00:00,2026-01-13 03:00:00,2026-01-13 03:00:00,,,,0,0,0,0,0,0,na,na
gdelt_f9dbe3ef,en,BOJ sets aside maximum provision of losses for bond transactions,2025-06-02 17:15:00,2025-06-02 17:15:00,2025-06-02 17:15:00,,,,0,0,0,0,0,0,na,na
gdelt_fac39085,en,Singaporean deported from Thailand to face drug trafficking charge to be released after charge withdrawn,2025-09-08 10:45:00,2025-09-08 10:45:00,2025-09-08 10:45:00,,,,0,0,0,0,0,0,na,na
gdelt_fb275af4,zh-cn,国泰集团2025年净利润增长9 . 5 % 至108 . 3亿港元 - 新华网,2026-03-11 21:30:00,0001-03-11 21:30:00,2025-12-31 00:00:00,,,,0,0,0,0,0,0,na,na
gdelt_fb6747d6,en,Rescued Ukrainian lioness in Kent undergoes critical surgery,2025-10-13 17:00:00,2025-10-13 17:00:00,2025-10-13 17:00:00,,,,0,0,0,0,0,0,na,na
gdelt_fb6926b1,zh-cn,福建漳浦 ： 一颗荔枝背后的支农故事 - 新华网,2025-07-06 23:00:00,2025-07-06 23:00:00,2025-07-06 23:00:00,,,,0,0,0,0,0,0,na,na
gdelt_fbde778e,zh-cn,  白银芦笋  为特色农业发展注入新活力 - 新华网,2025-09-15 00:00:00,2025-09-15 00:00:00,2025-09-15 00:00:00,,,,0,0,0,0,0,0,na,na
gdelt_fc01ccf3,ko,中共江苏省委十四届十次全会召开 _ 新华网江苏频道,2025-11-30 10:30:00,2025-11-30 10:30:00,2025-11-30 10:30:00,,,,0,0,0,0,0,0,na,na
gdelt_fc2845e2,en,UK growth slower than expected in third quarter,2025-11-13 17:00:00,2025-11-13 17:00:00,2025-11-13 17:00:00,,,,0,0,0,0,0,0,na,na
gdelt_fc3489da,zh-tw,年薪18萬英鎊徵求家教 ， 教嬰兒成為 「 英國紳士 」 - BBC News 中文,2025-11-12 15:00:00,2025-11-12 15:00:00,2025-11-01 00:00:00,,,,0,0,0,0,0,0,na,na
gdelt_fc9372a7,en,Four Singaporeans arrested and handed to Malaysia police over Johor Bahru murder,2026-03-20 19:45:00,2026-03-20 19:45:00,2026-03-20 19:45:00,,,,0,0,0,0,0,0,na,na
gdelt_fc9fa5a5,en,Commentary : Kicking out Chinese students will hurt US more than China,2025-06-03 07:15:00,2025-06-03 07:15:00,2025-06-03 07:15:00,,,,0,0,0,0,0,0,na,na
gdelt_fcd31553,en,Could a huge data centre revitalise Ayrshire,2026-03-01 20:15:00,2026-03-01 20:15:00,2026-03-01 20:15:00,,,,0,0,0,0,0,0,na,na
gdelt_fd13883b,en,Commentary : Trump call didnt stop the fighting in Thailand and Cambodia . Can Malaysia do better ? ,2025-07-28 12:30:00,2025-07-28 12:30:00,2025-07-28 12:30:00,,,,0,0,0,0,0,0,na,na
gdelt_fd4f9880,zh-cn,从试点到示范 ， 宁波制造业底气何在 - 新华网,2026-03-26 14:15:00,2026-03-26 14:15:00,2026-03-26 14:15:00,,,,0,0,0,0,0,0,na,na
gdelt_fd599e58,ur,  ڈکی بھائی  کا مزید چار روزہ جسمانی ریمانڈ :  بائنومو  کیا ہے اور پاکستان میں آن لائن  جوئے  کی کن ایپس پر پابندی ہے ؟ ,2025-08-20 03:00:00,2025-08-20 03:00:00,2025-08-20 03:00:00,,,,0,0,0,0,0,0,na,na
gdelt_fd6108e8,en,IN FOCUS : No new petrol cars in Singapore from 2030 – what infrastructure needs to change ? ,2025-10-01 07:00:00,2030-10-01 00:00:00,2030-01-01 00:00:00,2030-01-01 00:00:00,year,from 2030,1,1,1,1,1,1,tie,tie
gdelt_fd8b2cb1,en,More than half of eligible Singaporeans aged 30 to 75 have used SkillsFuture credit since launch,2026-02-09 15:00:00,2026-02-09 15:00:00,2026-02-09 15:00:00,,,,0,0,0,0,0,0,na,na
gdelt_fe2a3d25,en,"As credits roll on The Projector , fans mourn the loss of a cinema that was a rare place for community",2025-08-20 12:15:00,2025-08-20 12:15:00,2025-08-20 12:15:00,,,,0,0,0,0,0,0,na,na
gdelt_fe583b45,es,Premier chino insta a realizar esfuerzos para impulsar desarrollo y mejorar bienestar de población,2026-02-03 12:15:00,2026-02-03 12:15:00,2026-02-01 00:00:00,,,,0,0,0,0,0,0,na,na
gdelt_fe8171ed,ko,中 신장 ( 新疆 ) 1~11월 수출입총액 전년比 14 . 1 % 증가 ... 지난해 규모 넘어서 - Xinhua,2025-12-21 09:45:00,2025-12-21 09:45:00,2025-12-21 09:45:00,,,,0,0,0,0,0,0,na,na
gdelt_fe9845e7,en,"Wild insider : After Quinn Hughes blockbuster , Bill Guerin is setting up his next superstar swing",2026-03-17 02:00:00,2026-03-17 02:00:00,2026-03-17 02:00:00,,,,0,0,0,0,0,0,na,na
gdelt_feb67b00,ru,В РФ можно оказаться  экстремистом  из - за группового чата ? – DW – 11 . 08 . 2025,2025-08-12 00:15:00,2025-08-12 00:15:00,2025-08-11 00:00:00,2025-01-01 00:00:00,year,2025,1,1,1,1,1,1,tie,tie
gdelt_fef46733,en,"LIVE : Israel bombing , ground invasion of Gaza amplify with 43 killed | Israel - Palestine conflict News",2025-09-26 01:45:00,2025-09-26 01:45:00,2025-09-26 01:45:00,,,,0,0,0,0,0,0,na,na
gdelt_ff20026c,en,"Inside L . A . Vidiots , a Video Rental Store Where DVDs Still Have a Waiting List",2025-07-19 05:00:00,2025-07-19 05:00:00,2025-07-19 05:00:00,,,,0,0,0,0,0,0,na,na
gdelt_ff738d7d,en,US updates : Tight security at Charlie Kirk memorial venue – DW – 09 / 21 / 2025,2025-09-21 10:45:00,2025-09-21 00:00:00,2025-09-21 00:00:00,2025-01-01 00:00:00,year,09 / 21 / 2025,1,1,1,1,1,1,tie,tie
gdelt_ff9ba3af,en,US still a decade behind China in battery race,2025-11-14 23:00:00,2025-11-14 23:00:00,2025-11-14 23:00:00,,,,0,0,0,0,0,0,na,na
