id,lang,title,standard_timestamp,event_timestamp_v1,event_timestamp_v2,pseudo_time,pseudo_granularity,pseudo_source_text,is_evaluable_v1,is_evaluable_v2,is_exact_v1,is_exact_v2,is_relaxed_v1,is_relaxed_v2,exact_compare,relaxed_compare
gdelt_00275553,en,Nick Reiner high - profile lawyer quits as public defenders take over ; arraignment postponed,2026-01-08 05:30:00,2026-01-08 05:30:00,2026-01-08 05:30:00,,,,0,0,0,0,0,0,na,na
gdelt_003683cb,en,Iran war live : Tehran warns of intensified strikes if energy sites targeted | US - Israel war on Iran News,2026-03-20 11:30:00,2026-03-20 11:30:00,2026-03-20 11:30:00,,,,0,0,0,0,0,0,na,na
gdelt_0077b082,bg,Мерц : Лично убеждал Трампа ввести санкции против РФ – DW – 10 . 08 . 2025,2025-08-11 00:45:00,2025-08-11 00:45:00,2025-08-10 00:00:00,2025-01-01 00:00:00,year,2025,1,1,1,1,1,1,tie,tie
gdelt_00a1b165,en,"LIVE : 21 in Gaza killed by Israeli attacks today , hospitals plead for fuel | Israel - Palestine conflict News",2025-06-08 19:30:00,2025-06-08 19:30:00,2025-06-08 19:30:00,2025-06-08 00:00:00,day,today,1,1,1,1,1,1,tie,tie
gdelt_00b3d875,tr,Mahkeme Apple  ın  çevreci saat  reklamlarını durdurdu – DW – 26 . 08 . 2025,2025-08-26 22:00:00,2025-08-26 22:00:00,2025-08-26 00:00:00,2025-01-01 00:00:00,year,2025,1,1,1,1,1,1,tie,tie
gdelt_00c1493c,en,Typhoon Ragasa bears down on southern China after killing 17 in Taiwan,2025-09-24 22:00:00,2025-09-24 22:00:00,2025-09-24 22:00:00,,,,0,0,0,0,0,0,na,na
gdelt_012b3cb2,uk,Міністри оборони ФРН і США обговорили постачання зброї Києву – DW – 15 . 07 . 2025,2025-07-15 15:45:00,2025-07-15 15:45:00,2025-07-15 00:00:00,2025-01-01 00:00:00,year,2025,1,1,1,1,1,1,tie,tie
gdelt_012de21d,en,Online forum CEOs called to testify at Congress after Charlie Kirk murder,2025-09-18 05:00:00,2025-09-18 05:00:00,2025-09-18 05:00:00,,,,0,0,0,0,0,0,na,na
gdelt_01471cad,en,The Singaporean shoemaker who crafts bespoke shoes under his own label,2025-08-22 12:45:00,2025-08-22 12:45:00,2025-08-22 12:45:00,,,,0,0,0,0,0,0,na,na
gdelt_015467fb,sq,Korrupsioni në Ukrainë : 30 përqind ryshfet për dronë të rinj – DW – 04 / 08 / 2025,2025-08-04 15:00:00,2025-08-04 15:00:00,2025-08-04 00:00:00,2025-01-01 00:00:00,year,04 / 08 / 2025,1,1,1,1,1,1,tie,tie
gdelt_017d9704,zh-cn,雄安抗战印记 ： 遇见  官大妈 - 新华网河北频道 - 新华网,2025-09-14 14:00:00,2025-09-14 14:00:00,2025-09-14 14:00:00,,,,0,0,0,0,0,0,na,na
gdelt_023cfa42,en,Australian Open 2026 live updates : Women final latest as Aryna Sabalenka faces Elena Rybakina today,2026-01-31 15:00:00,2026-01-31 00:00:00,2026-01-31 15:00:00,2026-01-31 00:00:00,day,today,1,1,1,1,1,1,tie,tie
gdelt_024d73c2,es,"Determinación de China para salvaguardar derechos legítimos es inquebrantable , dice vice primer ministro",2025-09-16 08:45:00,2025-09-16 08:45:00,2025-09-16 08:45:00,,,,0,0,0,0,0,0,na,na
gdelt_0282205c,fr,Le dirigeant suprême de la RPDC supervise un exercice de lancement de missiles hypersoniques ( KCNA ) - Xinhua,2026-01-05 11:30:00,2026-01-05 11:30:00,2026-01-05 11:30:00,,,,0,0,0,0,0,0,na,na
gdelt_02b8f2a7,en,Do not inhale ! How wildfire smoke  affects the whole body  ,2026-02-23 15:45:00,2026-02-23 15:45:00,2026-02-23 15:45:00,,,,0,0,0,0,0,0,na,na
gdelt_02f21455,en,LIVE : Israel pounds Gaza ; Trump says  very good chance  of truce deal | Israel - Palestine conflict News,2025-07-10 13:30:00,2025-07-10 13:30:00,2025-07-10 13:30:00,,,,0,0,0,0,0,0,na,na
gdelt_03a46ef9,en,SGX tie - up with Nasdaq to streamline dual listings among moves to boost Singapore equities market,2025-11-19 20:45:00,2025-11-19 20:45:00,2025-11-19 20:45:00,,,,0,0,0,0,0,0,na,na
gdelt_03c98779,en,Iran war live : Tehran promises never to surrender as war enters eighth day | Israel - Iran conflict News,2026-03-07 17:30:00,2026-03-07 17:30:00,2026-03-07 17:30:00,,,,0,0,0,0,0,0,na,na
gdelt_03f65f45,af,US chess grandmaster Daniel Naroditsky dies at 29,2025-10-21 14:30:00,2025-10-21 14:30:00,2025-10-21 14:30:00,,,,0,0,0,0,0,0,na,na
gdelt_046e2d38,en,The Bounce : NBA Cup elimination is here . So are our Western Conference grades,2025-12-10 01:00:00,2025-12-10 01:00:00,2025-12-10 01:00:00,,,,0,0,0,0,0,0,na,na
gdelt_04ab2acc,pl,Zachodni Brzeg : Ucieczka przed izraelskimi osadnikami,2026-01-27 07:00:00,2026-01-27 07:00:00,2026-01-27 07:00:00,,,,0,0,0,0,0,0,na,na
gdelt_05047301,uk,Чому вбивство міграційною поліцією молодої жінки у США сколихнуло всю країну,2026-01-08 22:00:00,2026-01-08 22:00:00,2026-01-08 22:00:00,,,,0,0,0,0,0,0,na,na
gdelt_054feb85,de,USA loben Gespräche mit Ukraine und Russland als konstruktiv – DW – 22 . 12 . 2025,2025-12-22 20:15:00,2025-12-22 20:15:00,2025-12-22 00:00:00,2025-01-01 00:00:00,year,2025,1,1,1,1,1,1,tie,tie
gdelt_05554b73,zh-cn,俄罗斯指挥家安东的中国艺术之旅 - 新华网辽宁频道,2025-07-03 18:15:00,2025-07-03 18:15:00,2025-07-03 18:15:00,,,,0,0,0,0,0,0,na,na
gdelt_056c8e83,zh-cn,2025第四届酸辣粉行业大会在河南开封举行 - 新华网河南频道,2025-10-21 13:30:00,2025-10-21 13:30:00,2025-01-01 00:00:00,2025-01-01 00:00:00,year,2025,1,1,1,1,1,1,tie,tie
gdelt_05be4fc0,ru,Выборы в Гонконге : баллотироваться могут только  патриоты  – DW – 07 . 12 . 2025,2025-12-07 18:15:00,2025-12-07 18:15:00,2025-12-07 00:00:00,2025-01-01 00:00:00,year,2025,1,1,1,1,1,1,tie,tie
gdelt_05c99108,en,"Russia launches deadly wave of drone , missile attacks across Ukraine",2025-10-22 19:00:00,2025-10-22 19:00:00,2025-10-22 19:00:00,,,,0,0,0,0,0,0,na,na
gdelt_0667e692,hr,Srebrenica : Hiljadu godina robije i oni koji su se izvukli – DW – 07 . 07 . 2025,2025-07-08 19:00:00,2025-07-08 19:00:00,2025-07-07 00:00:00,2025-01-01 00:00:00,year,2025,1,1,1,1,1,1,tie,tie
gdelt_069f8358,fr,Plus dune dizaine de boulangeries fermées à Niamey – DW – 26 / 08 / 2025,2025-08-26 18:15:00,2025-08-26 18:15:00,2025-08-26 00:00:00,2025-01-01 00:00:00,year,26 / 08 / 2025,1,1,1,1,1,1,tie,tie
gdelt_07219a13,ru,"Торговая сделка ЕС - США : не похищение , а грабеж Европы ? – DW – 28 . 07 . 2025",2025-07-28 23:45:00,2025-07-28 23:45:00,2025-07-28 00:00:00,2025-01-01 00:00:00,year,2025,1,1,1,1,1,1,tie,tie
gdelt_07792648,ru,Латвия заблокировала еще 10 сайтов с российской пропагандой – DW – 04 . 08 . 2025,2025-08-04 20:45:00,2025-08-04 20:45:00,2025-08-04 00:00:00,2025-01-01 00:00:00,year,2025,1,1,1,1,1,1,tie,tie
gdelt_07a54f39,en,Buccaneers vs . Texans takeaways : Another Baker Mayfield game - winning drive lifts Tampa to 2 - 0,2025-09-16 12:30:00,2025-09-16 12:30:00,2025-09-16 12:30:00,,,,0,0,0,0,0,0,na,na
gdelt_07d96da4,ko,甘肃省风能太阳能可开发量居全国前列 - 新华网,2025-12-21 14:00:00,2025-12-21 14:00:00,2025-12-21 14:00:00,,,,0,0,0,0,0,0,na,na
gdelt_07d9a69f,en,"Prime project in Redhill among 9 , 012 flats launched in February BTO and balance exercise",2026-02-04 16:15:00,2026-02-04 00:00:00,2026-02-01 00:00:00,2026-02-01 00:00:00,month,in February,1,1,1,1,1,1,tie,tie
gdelt_07de73d6,zh-cn,河南财经政法大学 ： 打破学科壁垒 培养复合人才 - 新华网河南频道,2025-12-30 14:15:00,2025-12-30 14:15:00,2025-12-30 14:15:00,,,,0,0,0,0,0,0,na,na
gdelt_07ee1d81,tr,Almanyada neden yeni bir grev dalgası bekleniyor ? ,2026-02-22 16:45:00,2026-02-22 16:45:00,2026-02-22 16:45:00,,,,0,0,0,0,0,0,na,na
gdelt_08065370,el,Nέα δημοσκόπηση : Πρώτο κόμμα η AfD με 26 % – DW – 06 / 10 / 2025,2025-10-07 00:30:00,2025-10-07 00:30:00,2025-10-06 00:00:00,2025-01-01 00:00:00,year,06 / 10 / 2025,1,1,1,1,1,1,tie,tie
gdelt_084ba0f2,en,Southport inquiry : Attacker brother Dion Rudakubana speaks at hearing,2025-11-05 00:30:00,2025-11-05 00:30:00,2025-11-05 00:30:00,,,,0,0,0,0,0,0,na,na
gdelt_08701fb7,ko,勇做数字蓝海  弄潮儿 - 新华网辽宁频道,2025-09-07 16:45:00,2025-09-07 16:45:00,2025-09-07 16:45:00,,,,0,0,0,0,0,0,na,na
gdelt_09394635,en,"Denmark Aalborg airport closed due to drones , two days after Copenhagen incursion",2025-09-25 10:15:00,2025-09-23 10:15:00,2025-09-23 10:15:00,,,,0,0,0,0,0,0,na,na
gdelt_093ef46f,en,Iran Khamenei makes first public appearance since war with Israel | Israel - Iran conflict News,2025-07-06 13:00:00,2025-07-06 13:00:00,2025-07-06 13:00:00,,,,0,0,0,0,0,0,na,na
gdelt_0977eb3e,sw,Vita vya Ukraine : Zelensky alaani  shambulio la kikatili  baada ya Urusi kulishambulia jengo kuu la serikalikatika jimbo la Kyiv,2025-09-08 14:45:00,2025-09-08 14:45:00,2025-09-08 14:45:00,,,,0,0,0,0,0,0,na,na
gdelt_0989ec77,en,How Lindsey Vonn crash in the Olympic women downhill unfolded,2026-02-09 02:30:00,2026-02-09 02:30:00,2026-02-09 02:30:00,,,,0,0,0,0,0,0,na,na
gdelt_09a96fb0,en,The best cheap phones in Singapore,2025-09-05 17:15:00,2025-09-05 17:15:00,2025-09-05 17:15:00,,,,0,0,0,0,0,0,na,na
gdelt_0a5d6e46,ja,上海ファッションウィーク 、 東京で展示会イベント,2025-09-15 13:30:00,2025-09-15 13:30:00,2025-09-15 13:30:00,,,,0,0,0,0,0,0,na,na
gdelt_0a720f32,vi,Hệ thống tin giả do Nga tài trợ tính xáo trộn bầu cử ở châu Âu như thế nào ? ,2025-09-21 21:00:00,2025-09-21 21:00:00,2025-09-21 21:00:00,,,,0,0,0,0,0,0,na,na
gdelt_0aaef26a,en,GXS Bank lays off 82 employees after  strategic business review  ,2025-12-03 17:00:00,2025-12-03 17:00:00,2025-12-03 17:00:00,,,,0,0,0,0,0,0,na,na
gdelt_0ac3fcfe,ko,孩子刷手機停不下來 ？ 別慌 ， 試試這五個方法 - BBC News 中文,2026-03-27 17:30:00,2026-03-27 17:30:00,2026-03-27 17:30:00,,,,0,0,0,0,0,0,na,na
gdelt_0b456eee,zh-cn,2025年  奔跑吧 · 少年  海南省青少年轮滑挑战赛 （ 陵水站 ） 落幕 - 新华网,2025-08-03 20:15:00,2025-08-03 00:00:00,2025-01-01 00:00:00,2025-01-01 00:00:00,year,2025年,1,1,1,1,1,1,tie,tie
gdelt_0bca8076,ko,甘肃省中医药文化陇原行系列活动启动 - 新华网,2025-07-03 10:30:00,2025-07-03 10:30:00,2025-07-03 10:30:00,,,,0,0,0,0,0,0,na,na
gdelt_0c47c77a,en,Turtle rehabilitated at SEA LIFE Scarborough returned to the wild,2025-09-24 18:00:00,2025-09-24 18:00:00,2025-09-24 18:00:00,,,,0,0,0,0,0,0,na,na
gdelt_0c5c91bc,zh-cn,兰州机场T3航站楼投运半年成绩单亮眼 - 新华网,2025-09-22 12:45:00,2025-09-22 12:45:00,2025-09-01 00:00:00,,,,0,0,0,0,0,0,na,na
gdelt_0c7b3661,en,Death toll passes 900 after devastating Indonesia floods,2025-12-07 12:15:00,2025-12-07 12:15:00,2025-12-07 12:15:00,,,,0,0,0,0,0,0,na,na
gdelt_0d5024e3,ko,超七成民众支持加沙全面停火 以色列再爆发大规模示威 - 新华网,2025-07-14 00:30:00,2025-07-14 00:30:00,2025-07-14 00:30:00,,,,0,0,0,0,0,0,na,na
gdelt_0df50167,en,"Israel , Syria leaders agree on ceasefire : US envoy",2025-07-19 07:00:00,2025-07-19 07:00:00,2025-07-19 07:00:00,,,,0,0,0,0,0,0,na,na
gdelt_0e4d1288,tr,Öcalandan Suriye açıklaması : Süreci baltalama girişimi,2026-01-18 19:15:00,2026-01-18 19:15:00,2026-01-18 19:15:00,,,,0,0,0,0,0,0,na,na
gdelt_0e50d086,tr,Almanyada şirket iflasları on yılın zirvesinde – DW – 08 . 12 . 2025,2025-12-08 23:45:00,2025-12-08 23:45:00,2025-12-08 00:00:00,2025-01-01 00:00:00,year,2025,1,1,1,1,1,1,tie,tie
gdelt_0e91fe12,fr,La Pologne ne rejoindra pas le Conseil de la paix pour le moment ( PM ) - Xinhua,2026-02-12 09:00:00,2026-02-12 09:00:00,2026-02-12 09:00:00,,,,0,0,0,0,0,0,na,na
gdelt_0eb24e11,zh-tw,中國再次抓捕同性情色文學寫手 ， 當局為何如此忌憚 「 耽美同人 」 創作 ？ - BBC News 中文,2025-06-10 12:00:00,2025-06-10 12:00:00,2025-06-10 12:00:00,,,,0,0,0,0,0,0,na,na
gdelt_0ee7060d,en,US Palestinian activist says FBI foiled assassination plot against her,2026-03-28 05:00:00,2026-03-28 05:00:00,2026-03-28 05:00:00,,,,0,0,0,0,0,0,na,na
gdelt_0f1a47ca,en,Bell Hotel asylum seeker court battle costs Epping council £566k,2026-03-10 15:30:00,2026-03-10 15:30:00,2026-03-10 15:30:00,,,,0,0,0,0,0,0,na,na
gdelt_0f1cfd6c,es,Vista aérea de las ruinas de Heicheng en la región autónoma de Mongolia Interior,2025-10-31 12:45:00,2025-10-31 12:45:00,2025-10-31 12:45:00,,,,0,0,0,0,0,0,na,na
gdelt_0f8431c9,en,Obsidian Therapeutics inside the world of tumour - infiltrating lymphocytes and cell therapy,2025-06-11 08:45:00,2025-06-11 08:45:00,2025-06-11 08:45:00,,,,0,0,0,0,0,0,na,na
gdelt_0f9c9006,en,  Im my own worst enemy  - Hamish Hawk gears up for Hogmanay,2025-12-31 11:45:00,2025-12-31 11:45:00,2025-12-31 11:45:00,,,,0,0,0,0,0,0,na,na
gdelt_0faaf1f7,en,All town councils receive top ratings in estate management for second year running,2025-06-13 15:45:00,2025-06-13 15:45:00,2025-06-01 00:00:00,,,,0,0,0,0,0,0,na,na
gdelt_100e228d,fr,LArabie saoudite inaugure le Musée de la Mer Rouge dans un site patrimonial restauré à Djeddah - Xinhua,2025-12-08 10:45:00,2025-12-08 10:45:00,2025-12-03 00:00:00,,,,0,0,0,0,0,0,na,na
gdelt_10149827,ko,首批柬埔寨榴莲飞入河南 - 新华网河南频道,2025-08-10 09:45:00,2025-08-10 09:45:00,2025-08-10 09:45:00,,,,0,0,0,0,0,0,na,na
gdelt_1025f3af,es,China presenta brazo robótico de 7 funciones para aguas profundas de fabricación nacional,2025-07-07 09:15:00,2025-07-07 09:15:00,2025-07-07 09:15:00,,,,0,0,0,0,0,0,na,na
gdelt_106d50e0,en,Japan PM to call snap election seeking stronger mandate : Reports,2026-01-19 16:15:00,2026-01-19 16:15:00,2026-01-19 16:15:00,,,,0,0,0,0,0,0,na,na
gdelt_107f76ec,es,Argentina solicita formalmente a EE . UU . exención de visas – DW – 29 / 07 / 2025,2025-07-29 12:30:00,2025-07-29 12:30:00,2025-07-29 00:00:00,2025-01-01 00:00:00,year,29 / 07 / 2025,1,1,1,1,1,1,tie,tie
gdelt_109bf8f4,fa,کاخ سفید دستور یک فرمانده ارشد برای حمله دوم به بازماندگان یک قایق ونزوئلایی را تایید کرد,2025-12-02 09:45:00,2025-12-02 09:45:00,2025-12-02 09:45:00,,,,0,0,0,0,0,0,na,na
gdelt_113851a0,en,SOS : Extreme rescue for teens stranded underground in slate mine,2025-07-21 05:15:00,2025-07-21 05:15:00,2025-07-21 05:15:00,,,,0,0,0,0,0,0,na,na
gdelt_115eac36,en,Malala Yousafzai portrait unveiled at her Oxford college,2026-02-11 14:45:00,2026-02-11 14:45:00,2026-02-11 14:45:00,,,,0,0,0,0,0,0,na,na
gdelt_1230797d,en,Man jailed for life for murder of Phoenix Spencer - Horn,2025-07-14 18:15:00,2025-07-14 18:15:00,2025-07-14 18:15:00,,,,0,0,0,0,0,0,na,na
gdelt_128a6979,en,Deep Dive - What does BlueSG pause mean for car - sharing in Singapore ? ,2025-08-22 08:15:00,2025-08-22 08:15:00,2025-08-22 08:15:00,,,,0,0,0,0,0,0,na,na
gdelt_134d689c,ro,Strategia de apărare a SUA scoate Europa din prim - plan,2026-01-25 19:15:00,2026-01-25 19:15:00,2026-01-25 19:15:00,,,,0,0,0,0,0,0,na,na
gdelt_137acdf0,es,Argentina : millares exigen justicia por triple feminicidio – DW – 28 / 09 / 2025,2025-09-28 12:15:00,2025-09-28 12:15:00,2025-09-28 00:00:00,2025-01-01 00:00:00,year,28 / 09 / 2025,1,1,1,1,1,1,tie,tie
gdelt_13927d0a,so,Wareeggii koowaad ee xabbad - joojinta Qasa oo natiijo laaan kusoo dhammaaday,2025-07-07 13:30:00,2025-07-07 13:30:00,2025-07-07 13:30:00,,,,0,0,0,0,0,0,na,na
gdelt_13b1dc54,en,Australia bans visitors from Iran amid war in the Middle East,2026-03-26 14:45:00,2026-03-26 14:45:00,2026-03-26 14:45:00,,,,0,0,0,0,0,0,na,na
gdelt_13e56491,en,"India big cities face big challenges of toxic air , broken roads and unpicked rubbish - India big cities face big challenges",2025-12-29 10:15:00,2025-12-29 10:15:00,2025-12-29 10:15:00,,,,0,0,0,0,0,0,na,na
gdelt_13fe0812,en,Usyk vs Dubois 2 : Oleksandr Usyk nicknames punch that knocked out Daniel Dubois,2025-07-20 12:00:00,2025-07-20 12:00:00,2025-07-20 12:00:00,,,,0,0,0,0,0,0,na,na
gdelt_1416a9bf,zh-cn,542片在欧甲骨实现数字化采集 - 新华网河南频道,2025-08-10 09:45:00,2025-08-10 09:45:00,2025-08-10 09:45:00,,,,0,0,0,0,0,0,na,na
gdelt_1459ffb6,ur,کینو جیسا میٹھا پھل مسائل کی کڑواہٹ کا شکار – DW – 14 . 12 . 2025,2025-12-14 16:45:00,2025-12-14 16:45:00,2025-12-14 00:00:00,2025-01-01 00:00:00,year,2025,1,1,1,1,1,1,tie,tie
gdelt_1474a2bc,zh-cn,瞭望访谈丨以  四个凝聚  助力江苏挑大梁 、 走在前 专访江苏省政协主席张义珍 _ 新华网江苏频道,2025-07-21 13:00:00,2025-07-21 13:00:00,2025-07-21 13:00:00,,,,0,0,0,0,0,0,na,na
gdelt_15002cad,ko,AI가 바꾼 제작 공식 ... 中 숏드라마 판도 재편 - Xinhua,2026-03-26 11:00:00,2026-03-26 11:00:00,2026-03-26 11:00:00,,,,0,0,0,0,0,0,na,na
gdelt_1575fa15,en,"Bills early coaching candidate list includes Brian Daboll , Joe Brady , Lou Anarumo",2026-01-22 01:45:00,2026-01-22 01:45:00,2026-01-22 01:45:00,,,,0,0,0,0,0,0,na,na
gdelt_15909ee3,sw,"Mpango wa Trump wenye mambo 28 kumaliza vita Ukraine , utafanya kazi ? ",2025-11-25 21:15:00,2025-11-25 21:15:00,2025-11-25 21:15:00,,,,0,0,0,0,0,0,na,na
gdelt_16066f09,ko,南方电网都匀供电局  多看一眼  阻断220千伏重大隐患 - 新华网,2025-10-20 18:45:00,2025-10-20 18:45:00,2025-10-20 18:45:00,,,,0,0,0,0,0,0,na,na
gdelt_1607a553,en,North Belfast : Young family fled home following sectarian bomb threats,2025-09-03 00:30:00,2025-09-03 00:30:00,2025-09-03 00:30:00,,,,0,0,0,0,0,0,na,na
gdelt_16783c55,en,Leeds maternity units criticised on care of black and Asian women,2025-11-30 18:30:00,2025-11-30 18:30:00,2025-11-30 18:30:00,,,,0,0,0,0,0,0,na,na
gdelt_168f2283,te,వార్తలు - BBC News తెలుగు,2025-11-24 23:15:00,2025-11-24 23:15:00,2025-11-24 23:15:00,,,,0,0,0,0,0,0,na,na
gdelt_169c6d14,en,British woman shot by dad in Texas was unlawfully killed,2026-02-11 21:00:00,2026-02-11 21:00:00,2026-02-11 21:00:00,,,,0,0,0,0,0,0,na,na
gdelt_16af2e72,mk,65 . 000 прекршоци за 12 часа со „ Безбеден град  – DW – 1 . 12 . 2025,2025-12-02 01:15:00,2025-12-02 01:15:00,2025-12-01 00:00:00,2025-01-01 00:00:00,year,2025,1,1,1,1,1,1,tie,tie
gdelt_16f1b68f,en,"Two killed , dozens wounded in large Russian drone attacks across Ukraine",2026-01-18 20:30:00,2026-01-18 20:30:00,2026-01-18 20:30:00,,,,0,0,0,0,0,0,na,na
gdelt_1738ef52,en,America Best Restaurants 2025 - The New York Times,2025-09-09 10:45:00,2025-09-09 00:00:00,2025-01-01 00:00:00,2025-01-01 00:00:00,year,2025,1,1,1,1,1,1,tie,tie
gdelt_17390ed8,en,"GE2025 was tougher than it looked for PAP , with pivotal contests in Tampines and Punggol : PM Wong",2025-11-09 12:15:00,2025-11-09 12:15:00,2025-11-09 12:15:00,,,,0,0,0,0,0,0,na,na
gdelt_173c441b,id,"Gara - gara Kontroversi Grok , Inggris Bidik Semua Chatbot AI",2026-02-17 17:15:00,2026-02-17 17:15:00,2026-02-17 17:15:00,,,,0,0,0,0,0,0,na,na
gdelt_17474f88,en,Castore co - founder : If fans couldnt afford kits they wouldnt pay,2026-01-08 20:30:00,2026-01-08 20:30:00,2026-01-08 20:30:00,,,,0,0,0,0,0,0,na,na
gdelt_1758d32c,en,Commentary : Southeast Asian countries dont have much leverage in US trade talks,2025-07-02 10:45:00,2025-07-02 10:45:00,2025-07-02 10:45:00,,,,0,0,0,0,0,0,na,na
gdelt_179b2c71,ur,لاہور میں این اے 129 سمیت قومی اسمبلی کے چھ اور پنجاب اسمبلی کے سات حلقوں پر ضمنی انتخابات,2025-11-23 12:45:00,2025-11-23 12:45:00,2025-11-23 12:45:00,,,,0,0,0,0,0,0,na,na
gdelt_180eea03,en,"Ukraine finds new role as protector of US , Gulf allies amid Iran war",2026-03-14 04:00:00,2026-03-14 04:00:00,2026-03-14 04:00:00,,,,0,0,0,0,0,0,na,na
gdelt_182edb9b,en,Rising star Franjo von Allmen wins Olympic gold for Switzerland in men downhill,2026-02-07 23:00:00,2026-02-07 23:00:00,2026-02-07 23:00:00,,,,0,0,0,0,0,0,na,na
gdelt_18911244,de,Syriens Wiederaufbau : Ist Crowdfunding echte Hilfe oder PR ? – DW – 26 . 10 . 2025,2025-10-26 16:30:00,2025-10-26 16:30:00,2025-10-26 00:00:00,2025-01-01 00:00:00,year,2025,1,1,1,1,1,1,tie,tie
gdelt_18dbddf5,zh-cn,福州滨海快线开始载客运营 - 新华网,2025-09-29 17:15:00,2025-09-29 17:15:00,2025-09-29 17:15:00,,,,0,0,0,0,0,0,na,na
gdelt_193175d4,en,"Over 20 nations join EU , UN in opposing Israel illegal E1 settlement plan | Occupied East Jerusalem News",2025-08-22 14:00:00,2025-08-22 14:00:00,2025-08-22 14:00:00,,,,0,0,0,0,0,0,na,na
gdelt_1956643a,uk,Удар РФ по Києву : пошкоджено будівлю біля представництва ЄС – DW – 10 . 06 . 2025,2025-06-10 18:00:00,2025-06-10 18:00:00,2025-06-10 00:00:00,2025-01-01 00:00:00,year,2025,1,1,1,1,1,1,tie,tie
gdelt_1968f71a,en,Chad cuts ties with wildlife charity linked to Prince Harry,2025-10-08 13:30:00,2025-10-08 13:30:00,2025-10-08 13:30:00,,,,0,0,0,0,0,0,na,na
gdelt_1989a073,ru,В американской системе  Золотой купол  будет 4 уровня защиты – DW – 13 . 08 . 2025,2025-08-13 14:00:00,2025-08-13 14:00:00,2025-08-13 00:00:00,2025-01-01 00:00:00,year,2025,1,1,1,1,1,1,tie,tie
gdelt_19ee9fa8,zh-cn,金融监管总局 ： 养老理财产品试点地区扩大至全国 - 新华网,2025-10-31 12:45:00,2025-10-31 12:45:00,2025-10-31 12:45:00,,,,0,0,0,0,0,0,na,na
gdelt_1a078487,es,Ballet Nacional de China realiza presentación en Brasilia | Spanish . xinhuanet . com,2025-10-08 14:30:00,2025-10-08 14:30:00,2025-10-08 14:30:00,,,,0,0,0,0,0,0,na,na
gdelt_1a39dd82,fa,ماجرای اولین زنی که از انگلیس به لیگ حرفه‌ای فوتبال عربستان رفت : خیلی‌ها را رنجاندم,2025-10-13 10:00:00,2025-10-13 10:00:00,2025-10-13 10:00:00,,,,0,0,0,0,0,0,na,na
gdelt_1a5e97e2,ru,"Гибель проводника поезда : в ФРГ спорят , как побороть насилие",2026-02-10 04:00:00,2026-02-10 04:00:00,2026-02-10 04:00:00,,,,0,0,0,0,0,0,na,na
gdelt_1a640aea,en,The frog poison that killed Alexei Navalny likely lab - made,2026-02-17 04:45:00,2026-02-17 04:45:00,2026-02-17 04:45:00,,,,0,0,0,0,0,0,na,na
gdelt_1a79183b,ru,Аккаунт  Луизы Розовой  с критикой Путина оказался фейковым – DW – 11 . 08 . 2025,2025-08-11 19:15:00,2025-08-11 19:15:00,2025-08-11 00:00:00,2025-01-01 00:00:00,year,2025,1,1,1,1,1,1,tie,tie
gdelt_1ae61950,en,LGBT+ A Gay and a NonGay podcast hosts awed at award win,2025-07-04 20:00:00,2025-07-04 20:00:00,2025-07-04 20:00:00,,,,0,0,0,0,0,0,na,na
gdelt_1b198f8e,en,The Italian people made us smile in Gaza,2025-09-29 00:00:00,2025-09-29 00:00:00,2025-09-29 00:00:00,,,,0,0,0,0,0,0,na,na
gdelt_1b6377bd,en,Political backlash over Israeli fan ban at Villa Park . Plus : Are tactics making EPL dull ? ,2025-10-17 20:15:00,2025-10-17 20:15:00,2025-10-17 20:15:00,,,,0,0,0,0,0,0,na,na
gdelt_1b79cbcf,en,"Milei party wins high - stakes Argentina elections , early results show | News",2025-10-27 11:30:00,2025-10-27 11:30:00,2025-10-27 11:30:00,,,,0,0,0,0,0,0,na,na
gdelt_1b93d879,it,More Palestinians return to Gaza via Rafah as Israeli attacks continue,2026-02-11 17:45:00,2026-02-11 17:45:00,2026-02-05 00:00:00,,,,0,0,0,0,0,0,na,na
gdelt_1bab8128,en,"Earth climate more unbalanced than ever , WMO warns",2026-03-23 14:45:00,2026-03-23 14:45:00,2026-03-23 14:45:00,,,,0,0,0,0,0,0,na,na
gdelt_1bc67804,en,Matt Rhule fiery halftime speech in a blowout win a sign of Nebraska growing expectations,2025-09-12 21:00:00,2025-09-12 21:00:00,2025-09-12 21:00:00,,,,0,0,0,0,0,0,na,na
gdelt_1be77964,es,China acusa a EE . UU . de  doble moral  por nuevos aranceles – DW – 12 / 10 / 2025,2025-10-12 12:15:00,2025-10-12 12:15:00,2025-10-12 00:00:00,2025-01-01 00:00:00,year,12 / 10 / 2025,1,1,1,1,1,1,tie,tie
gdelt_1bf46c56,en,"Born in 1920 , married at 18 and living a medicine - free life at 105",2025-09-15 18:15:00,1920-09-15 00:00:00,1920-01-01 00:00:00,1920-01-01 00:00:00,year,in 1920,1,1,1,1,1,1,tie,tie
gdelt_1bfe18bc,en,"Storm Goretti brings 99mph winds and snow as 65 , 000 properties lose power",2026-01-09 07:30:00,2065-01-09 00:00:00,2026-01-09 07:30:00,,,,0,0,0,0,0,0,na,na
gdelt_1c0438ee,en,President of Madagascar flees to  safe location  amid deadly protests | Protests News,2025-10-14 09:00:00,2025-10-14 09:00:00,2025-10-14 09:00:00,,,,0,0,0,0,0,0,na,na
gdelt_1c4bd8cb,en,What to say on Mother Day after pregnancy or baby loss,2026-03-15 17:30:00,2026-03-15 17:30:00,2026-03-15 17:30:00,,,,0,0,0,0,0,0,na,na
gdelt_1c641f2c,en,Why is India so scared of my book on Kashmir that it has banned it ? ,2025-08-12 23:30:00,2025-08-12 23:30:00,2025-08-12 23:30:00,,,,0,0,0,0,0,0,na,na
gdelt_1c85504a,en,High Court sets aside acquittal of pair linked to LTA bribery case over trial judge failures,2026-03-24 15:15:00,2026-03-24 15:15:00,2026-03-24 15:15:00,,,,0,0,0,0,0,0,na,na
gdelt_1ce4365f,es,EEUU ataca narcolancha en el Pacífico y mueren tres personas – DW – 16 / 11 / 2025,2025-11-17 10:15:00,2025-11-17 10:15:00,2025-11-16 00:00:00,2025-01-01 00:00:00,year,16 / 11 / 2025,1,1,1,1,1,1,tie,tie
gdelt_1d04a42a,ur,پاکستانی اولمپک گولڈ میڈلسٹ ارشد ندیم کے کوچ سلمان بٹ پر تاحیات پابندی کیوں لگائی گئی ؟ ,2025-10-13 04:15:00,2025-10-13 04:15:00,2025-10-13 04:15:00,,,,0,0,0,0,0,0,na,na
gdelt_1d082126,en,Sale postmaster hailed  community champion  for smartphone help,2026-02-01 18:45:00,2026-02-01 18:45:00,2026-02-01 18:45:00,,,,0,0,0,0,0,0,na,na
gdelt_1d14d237,en,LIVE : Gaza City under  heaviest wave  of Israeli attacks since war began | Israel - Palestine conflict News,2025-09-20 06:00:00,2025-09-20 06:00:00,2025-09-20 06:00:00,,,,0,0,0,0,0,0,na,na
gdelt_1d38238b,en,"Bangladesh shuts universities , limits fuel sale as Iran war causes shortage",2026-03-09 15:45:00,2026-03-09 15:45:00,2026-03-09 15:45:00,,,,0,0,0,0,0,0,na,na
gdelt_1d3f35de,ko,REITs市场迎政策新指引 支持扩容扩募与资产创新 - 新华网,2025-09-22 12:00:00,2025-09-22 12:00:00,2025-09-22 12:00:00,,,,0,0,0,0,0,0,na,na
gdelt_1d414439,ru,"ЕС импортировал СПГ из России на 4 , 48 млрд евро – DW – 18 . 08 . 2025",2025-08-19 00:15:00,2025-08-19 00:15:00,2025-08-18 00:00:00,2025-01-01 00:00:00,year,2025,1,1,1,1,1,1,tie,tie
gdelt_1d6ed79f,zh-tw,正以驚人速度擴張的中國海軍會主宰海洋嗎 ？ - BBC News 中文,2025-09-01 15:00:00,2025-09-01 15:00:00,2025-09-01 15:00:00,,,,0,0,0,0,0,0,na,na
gdelt_1e0e39ec,en,Ian Watkins : Trial date set for two men charged with singer murder,2025-10-14 19:30:00,2025-10-14 19:30:00,2025-10-14 19:30:00,,,,0,0,0,0,0,0,na,na
gdelt_1e15f077,tr,Ali Yerlikayanın içişleri bakanlığı döneminde neler yaşandı ? ,2026-02-11 12:00:00,2026-02-11 12:00:00,2026-02-11 12:00:00,,,,0,0,0,0,0,0,na,na
gdelt_1e1ab984,en,San Francisco Giants to hire Tennessee head coach Tony Vitello as next manager : Sources,2025-10-23 02:15:00,2025-10-23 02:15:00,2025-10-23 02:15:00,,,,0,0,0,0,0,0,na,na
gdelt_1e5f9da9,es,"Altos del Golán son reconocidos internacionalmente como territorio sirio ocupado , dice representante chino ante ONU",2025-12-30 18:45:00,2025-12-30 18:45:00,2025-12-30 18:45:00,,,,0,0,0,0,0,0,na,na
gdelt_1e7e0b2b,el,Ουγγαρία : Φθηνή βενζίνη μόνο για ... ημεδαπούς,2026-03-26 23:00:00,2026-03-26 23:00:00,2026-03-26 23:00:00,,,,0,0,0,0,0,0,na,na
gdelt_1edf30c0,de,Israel - Iran - Krieg :  Erhebliche Zweifel  an Rechtmigkeit – DW – 06 . 07 . 2025,2025-07-06 22:15:00,2025-07-06 22:15:00,2025-07-06 00:00:00,2025-01-01 00:00:00,year,2025,1,1,1,1,1,1,tie,tie
gdelt_1f788b11,en,"Ukraine drone attacks kill three in Russia , cause fire at oil refinery",2025-08-02 22:30:00,2025-08-02 22:30:00,2025-08-02 22:30:00,,,,0,0,0,0,0,0,na,na
gdelt_1f887bd8,ko,  全网最忙五人组  背后藏了什么  鬼 ？- 新华网,2025-12-08 12:30:00,2025-12-08 12:30:00,2025-12-08 12:30:00,,,,0,0,0,0,0,0,na,na
gdelt_1fac18fb,pt,Como Trump está usando a  Teoria do Louco  para tentar mudar o mundo ( e está funcionando ) ,2025-07-07 07:30:00,2025-07-07 07:30:00,2025-01-01 00:00:00,,,,0,0,0,0,0,0,na,na
gdelt_1fcab9e8,en,How the NBA and hip - hop have inspired culture and each other for decades,2026-02-23 19:30:00,2026-02-23 19:30:00,2026-02-23 19:30:00,,,,0,0,0,0,0,0,na,na
gdelt_1fe499fd,en,Hyflux trial : Ex - CEO Olivia Lum lawyer grills lead investigation officer,2025-08-11 23:30:00,2025-08-11 23:30:00,2025-08-11 23:30:00,,,,0,0,0,0,0,0,na,na
gdelt_20355d75,en,Bears vs . 49ers live score updates : San Francisco leads Chicago at halftime on NFL  Sunday Night Football  ,2025-12-29 11:15:00,2025-12-29 11:15:00,2025-12-28 00:00:00,,,,0,0,0,0,0,0,na,na
gdelt_20c6b9be,en,Rubio says Gaza should not be permanently divided as Israel conducts  targeted strike  ,2025-10-26 08:00:00,2025-10-26 08:00:00,2025-10-26 08:00:00,,,,0,0,0,0,0,0,na,na
gdelt_20dffa3f,fr,RPDC : décès à 97 ans de lancien haut responsable Kim Yong Nam - Xinhua,2025-11-04 15:30:00,2025-11-04 15:30:00,2025-11-04 15:30:00,,,,0,0,0,0,0,0,na,na
gdelt_21607bf3,en,Ukraine security guarantees : What is Germany role ? – DW – 08 / 19 / 2025,2025-08-19 22:00:00,2025-08-19 22:00:00,2025-08-19 00:00:00,2025-01-01 00:00:00,year,08 / 19 / 2025,1,1,1,1,1,1,tie,tie
gdelt_21b65d4e,es,Marchan en Brasil para pedir amnistía para Bolsonaro – DW – 08 / 10 / 2025,2025-10-08 09:15:00,2025-10-08 09:15:00,2025-10-08 00:00:00,2025-01-01 00:00:00,year,08 / 10 / 2025,1,1,1,1,1,1,tie,tie
gdelt_21d62c8c,ko,云南出台2025年电商培育扶持政策 _ 新华网,2025-07-20 10:45:00,2025-07-20 10:45:00,2025-01-01 00:00:00,,,,0,0,0,0,0,0,na,na
gdelt_21e8667a,en,Popular Chinese brands bet big on US consumers despite tariff threats,2025-08-19 14:15:00,2025-08-19 14:15:00,2025-08-19 14:15:00,,,,0,0,0,0,0,0,na,na
gdelt_220c2081,ko,世界举重锦标赛落幕 福建省再添一位世界冠军 - 新华网,2025-10-13 15:30:00,2025-10-13 15:30:00,2025-10-13 15:30:00,,,,0,0,0,0,0,0,na,na
gdelt_22537e05,en,"Palestinian prisoners not being given adequate food , Israel top court says",2025-09-08 12:00:00,2025-09-08 12:00:00,2025-09-08 12:00:00,,,,0,0,0,0,0,0,na,na
gdelt_22b2c05f,ko,逐梦 · 中招进行时丨石家庄市第四十四中学 - 新华网河北频道 - 新华网,2025-07-03 17:15:00,2025-07-03 17:15:00,2025-07-03 17:15:00,,,,0,0,0,0,0,0,na,na
gdelt_23906473,es,Yacimiento petrolífero de Tarim registra generación solar de más de 2 . 000 millones de kWh,2025-12-28 22:30:00,2025-12-28 22:30:00,2025-12-28 22:30:00,,,,0,0,0,0,0,0,na,na
gdelt_247ac04f,fr,Russie : un enquêteur qualifie d  actes de terrorisme  les effondrements de ponts - Xinhua,2025-06-02 10:15:00,2025-06-02 10:15:00,2025-06-02 10:15:00,,,,0,0,0,0,0,0,na,na
gdelt_2487e83f,en,"Iranian official says around 2 , 000 people have been killed in unrest",2026-01-14 02:00:00,2026-01-14 02:00:00,2026-01-14 02:00:00,,,,0,0,0,0,0,0,na,na
gdelt_24f750d8,fa,چرا بریتانیا سرمایه‌گذاری در انرژی هسته‌ای را افزایش داده است ؟ ,2025-07-08 11:00:00,2025-07-08 11:00:00,2025-07-08 11:00:00,,,,0,0,0,0,0,0,na,na
gdelt_250f56ab,en,"Exclusive - Germany PSI Software nears takeover as investors circle , sources say",2025-10-10 03:45:00,2025-10-10 03:45:00,2025-10-10 03:45:00,,,,0,0,0,0,0,0,na,na
gdelt_252ba282,es,Gobierno chino propone creación de organización de cooperación global en IA,2025-07-27 08:15:00,2025-07-27 08:15:00,2025-07-27 08:15:00,,,,0,0,0,0,0,0,na,na
gdelt_25663e36,en,"Russia - Ukraine war : List of key events , day 1 , 423",2026-01-17 11:00:00,2026-01-17 11:00:00,2026-01-17 11:00:00,,,,0,0,0,0,0,0,na,na
gdelt_256cf90c,en,Do collagen supplements work to reduce signs of skin ageing ? ,2025-09-28 08:30:00,2025-09-28 08:30:00,2025-09-28 08:30:00,,,,0,0,0,0,0,0,na,na
gdelt_25c66ef4,en,More than just a flight : How to get the most out of Malaysia Airlines,2025-09-09 10:30:00,2025-09-09 10:30:00,2025-09-09 10:30:00,,,,0,0,0,0,0,0,na,na
gdelt_2665b13d,tr,Avustralya : Filistin devletini tanıyacağız – DW – 11 . 08 . 2025,2025-08-11 20:00:00,2025-08-11 20:00:00,2025-08-11 00:00:00,2025-01-01 00:00:00,year,2025,1,1,1,1,1,1,tie,tie
gdelt_26b9d6dc,es,"Ejército iraní promete hundir  buques enemigos  que entren al Golfo , según medios",2026-03-08 08:45:00,2026-03-08 08:45:00,2026-03-08 08:45:00,,,,0,0,0,0,0,0,na,na
gdelt_26d0bc37,en,Ecuadorean President Daniel Noboa unharmed after attack on his car,2025-10-08 10:00:00,2025-10-08 10:00:00,2025-10-08 10:00:00,,,,0,0,0,0,0,0,na,na
gdelt_26e5f408,hi,100 मीटर से ऊंची पहाड़ियों को ही अरावली मानने के मायने क्या ? – DW – 23 . 12 . 2025,2025-12-23 22:30:00,2025-12-23 22:30:00,2025-12-23 00:00:00,2025-01-01 00:00:00,year,23 . 12 . 2025,1,1,1,1,1,1,tie,tie
gdelt_271fef12,en,Tycoon Ong Beng Seng set to return to court for sentencing,2025-08-15 14:00:00,2025-08-15 14:00:00,2025-08-15 14:00:00,,,,0,0,0,0,0,0,na,na
gdelt_2738eae9,en,Bulgaria adopts euro amid celebration and anxiety over inflation,2026-01-01 22:45:00,2026-01-01 22:45:00,2026-01-01 22:45:00,,,,0,0,0,0,0,0,na,na
gdelt_274c4529,en,SNP and Greens join independence march ahead of Holyrood election,2026-03-29 06:00:00,2026-03-29 06:00:00,2026-03-01 00:00:00,,,,0,0,0,0,0,0,na,na
gdelt_27b6a9ed,ru,Шторм в Скандинавии : в Швеции погибли три человека – DW – 28 . 12 . 2025,2025-12-28 21:45:00,2025-12-28 21:45:00,2025-12-28 00:00:00,2025-01-01 00:00:00,year,2025,1,1,1,1,1,1,tie,tie
gdelt_27dc2aa8,en,Thai army accuses Cambodia of ceasefire violations but truce still holding,2025-07-29 12:30:00,2025-07-29 12:30:00,2025-07-29 12:30:00,,,,0,0,0,0,0,0,na,na
gdelt_28265005,zh-cn,信用卡业务转向精耕细作 多家银行关停旗下分中心 - 新华网,2025-08-19 10:30:00,2025-08-19 10:30:00,2025-08-01 00:00:00,,,,0,0,0,0,0,0,na,na
gdelt_282b2acc,es,"Festival Internacional del Globo 2025 en León , México | Spanish . xinhuanet . com",2025-11-16 12:45:00,2025-11-16 12:45:00,2025-01-01 00:00:00,2025-01-01 00:00:00,year,2025 en,1,1,1,1,1,1,tie,tie
gdelt_283a3543,en,Former Olympic coach Vicente Modahl denies child sex offences,2025-11-18 02:15:00,2025-11-18 02:15:00,2025-11-18 02:15:00,,,,0,0,0,0,0,0,na,na
gdelt_289bf2a0,fr,Etats - Unis : 4 morts et 5 blessés dans le chavirage dun bateau au large du sud de la Californie - Xinhua,2025-11-16 09:30:00,2025-11-16 09:30:00,2025-11-16 09:30:00,,,,0,0,0,0,0,0,na,na
gdelt_28b7ca3f,zh-cn,月光洒在哨位上 - 新华网,2025-10-07 13:00:00,2025-10-07 13:00:00,2025-10-07 13:00:00,,,,0,0,0,0,0,0,na,na
gdelt_28fc7303,hr,Kako raznolikost prehrane jača našu crijevnu floru – DW – 13 . 07 . 2025,2025-07-13 18:30:00,2025-07-13 18:30:00,2025-07-13 00:00:00,2025-01-01 00:00:00,year,2025,1,1,1,1,1,1,tie,tie
gdelt_291bc407,en,"Dodgers - Brewers Game 1 takeaways : Wild double play , Blake Snell brilliance highlight L . A . win",2025-10-14 12:30:00,2025-10-14 12:30:00,2025-10-14 12:30:00,,,,0,0,0,0,0,0,na,na
gdelt_2982c0fe,en,"New Law Society president Tan Cheng Han says dispute over presidency was  settled gracefully , unity restored",2026-01-05 19:45:00,2026-01-05 19:45:00,2026-01-05 19:45:00,,,,0,0,0,0,0,0,na,na
gdelt_2984837e,tr,Erken Avrupalılar neden koyu tenli ve saçlıydı ? – DW – 06 . 07 . 2025,2025-07-06 14:30:00,2025-07-06 14:30:00,2025-07-06 00:00:00,2025-01-01 00:00:00,year,2025,1,1,1,1,1,1,tie,tie
gdelt_29da6cf7,el,"Μπέρμπελ Μπας , το ανερχόμενο αστέρι του SPD – DW – 02 / 07 / 2025",2025-07-02 23:15:00,2025-07-02 23:15:00,2025-07-02 00:00:00,2025-01-01 00:00:00,year,02 / 07 / 2025,1,1,1,1,1,1,tie,tie
gdelt_2aad7ba4,en,"What Im hearing about the Penguin incredible , unexpected march toward the NHL playoffs",2026-03-18 03:30:00,2026-03-18 03:30:00,2026-03-01 00:00:00,,,,0,0,0,0,0,0,na,na
gdelt_2ac1ee62,en,Death toll from Indonesia landslides rises to 18,2025-11-17 20:30:00,2025-11-17 20:30:00,2025-11-17 20:30:00,,,,0,0,0,0,0,0,na,na
gdelt_2aee28c8,en,Ghana takes transatlantic slavery case to UN,2026-02-23 02:00:00,2026-02-23 02:00:00,2026-02-23 02:00:00,,,,0,0,0,0,0,0,na,na
gdelt_2b781934,en,"Russia - Ukraine war : List of key events , day 1 , 312",2025-09-28 10:30:00,2025-09-28 10:30:00,2025-09-28 10:30:00,,,,0,0,0,0,0,0,na,na
gdelt_2b9a1f69,en,"NASCAR great Greg Biffle , family among 7 killed in North Carolina plane crash",2025-12-19 07:30:00,2025-12-19 07:30:00,2025-12-19 07:30:00,,,,0,0,0,0,0,0,na,na
gdelt_2bab5f7c,hr,Lokalni izbori :  stakleni strop  francuske desnice ? ,2026-03-24 20:00:00,2026-03-24 20:00:00,2026-03-24 20:00:00,,,,0,0,0,0,0,0,na,na
gdelt_2bd73ec0,en,LIVE : Five die of hunger as Amnesty says Israel deliberately starving Gaza | Israel - Palestine conflict News,2025-08-18 18:45:00,2025-08-18 18:45:00,2025-08-18 18:45:00,,,,0,0,0,0,0,0,na,na
gdelt_2befae29,zh-cn,中国生物制药  得福组合  再发布新临床数据 _ 新华网江苏频道,2025-06-03 00:00:00,2025-06-03 00:00:00,2025-06-03 00:00:00,,,,0,0,0,0,0,0,na,na
gdelt_2bfbde06,en,Commentary : India state and central governments still arent speaking the same language,2025-07-04 11:30:00,2025-07-04 11:30:00,2025-07-04 11:30:00,,,,0,0,0,0,0,0,na,na
gdelt_2c08940a,ko,云南展台唱响  旅居云南 · 体育旅居  主旋律 _ 新华网,2025-09-15 12:30:00,2025-09-15 12:30:00,2025-09-15 12:30:00,,,,0,0,0,0,0,0,na,na
gdelt_2c3fab63,zh-cn,第三届东坡文化国际论坛在澄迈县开幕 - 新华网,2025-11-09 11:30:00,2025-11-09 11:30:00,2025-11-09 11:30:00,,,,0,0,0,0,0,0,na,na
gdelt_2c484849,sq,Stërvitja Rusi - Bjellorusi - Mobilizim ushtarak i fshehur ? – DW – 14 / 09 / 2025,2025-09-14 19:00:00,2025-09-14 19:00:00,2025-09-14 00:00:00,2025-01-01 00:00:00,year,14 / 09 / 2025,1,1,1,1,1,1,tie,tie
gdelt_2ccafab7,en,Israel launches new wave of attacks on southern and eastern Lebanon,2026-03-10 20:45:00,2026-03-10 20:45:00,2026-03-10 20:45:00,,,,0,0,0,0,0,0,na,na
gdelt_2cf4929f,fr,République de Corée : le nouveau président reçoit un briefing de sécurité du plus haut commandant militaire - Xinhua,2025-06-04 14:15:00,2025-06-04 14:15:00,2025-06-04 14:15:00,,,,0,0,0,0,0,0,na,na
gdelt_2cf5f43f,en,Murder arrest of woman after death of two children,2025-10-12 18:15:00,2025-10-12 18:15:00,2025-10-12 18:15:00,,,,0,0,0,0,0,0,na,na
gdelt_2d01ddf5,de,US - Drohnen - Krieg : Verfassungsgericht entlastet Deutschland – DW – 15 . 07 . 2025,2025-07-15 22:45:00,2025-07-15 22:45:00,2025-07-15 00:00:00,2025-01-01 00:00:00,year,2025,1,1,1,1,1,1,tie,tie
gdelt_2d38ae5c,fa,کشته شدن پرستار ۳۷ ساله به دست آیس ؛ فرماندار کالیفرنیا خواستار کناره‌گیری وزیر امنیت داخلی شد,2026-01-26 00:30:00,2026-01-26 00:30:00,2026-01-26 00:30:00,,,,0,0,0,0,0,0,na,na
gdelt_2de64558,en,Full moon over Singapore SG60 National Day Parade,2025-08-12 18:30:00,2025-08-12 18:30:00,2025-08-12 18:30:00,,,,0,0,0,0,0,0,na,na
gdelt_2e1d3d73,en,Multi - school campus remains shut due to heating problems,2026-01-08 22:00:00,2026-01-08 22:00:00,2026-01-08 22:00:00,,,,0,0,0,0,0,0,na,na
gdelt_2e2cf14b,en,Purdue Braden Smith sets all - time assists record in NCAA Tournament opener,2026-03-21 08:45:00,2026-03-21 08:45:00,2026-03-21 08:45:00,,,,0,0,0,0,0,0,na,na
gdelt_2e40b639,en,Trump cites Murdoch age to seek swift deposition in Epstein case,2025-07-29 04:00:00,2025-07-29 04:00:00,2025-07-29 04:00:00,,,,0,0,0,0,0,0,na,na
gdelt_2e4cce78,ko,诸暨村村都有法治审查员 - 新华网,2025-09-08 14:30:00,2025-09-08 14:30:00,2025-09-08 14:30:00,,,,0,0,0,0,0,0,na,na
gdelt_2e6f491c,ko,減肥 ： 印度廉價仿製藥或將重塑全球市場格局 - BBC News 中文,2026-03-19 14:30:00,2026-03-19 14:30:00,2026-03-19 14:30:00,,,,0,0,0,0,0,0,na,na
gdelt_2e938366,es,Órgano legislativo nacional de China celebra segunda reunión plenaria,2026-03-10 11:30:00,2026-03-10 11:30:00,2026-03-10 11:30:00,,,,0,0,0,0,0,0,na,na
gdelt_2f62b8e6,de,Rauer Ton zwischen united states und China beim Shangri - La Dialog – DW – 02 . 06 . 2025,2025-06-02 19:15:00,2025-06-02 19:15:00,2025-06-02 00:00:00,2025-01-01 00:00:00,year,2025,1,1,1,1,1,1,tie,tie
gdelt_2f9eff2e,so,BBC oo daaha ka qaaday akoonno baraha bulshada Soomaalida oo iska dhiga muwaadiniin dhab ah balse si kale u shaqeeya,2025-10-20 21:15:00,2025-10-20 21:15:00,2025-11-01 00:00:00,,,,0,0,0,0,0,0,na,na
gdelt_2faef83d,en,One killed in  riot  in Iraq Erbil after attack on Khor Mor gas field | Politics News,2025-11-30 13:00:00,2025-11-30 13:00:00,2025-11-30 13:00:00,,,,0,0,0,0,0,0,na,na
gdelt_3015dc58,en,US familie  mind blown  with cuts to solar rooftop funds | Renewable Energy News,2025-11-18 03:30:00,2025-11-18 03:30:00,2025-11-18 03:30:00,,,,0,0,0,0,0,0,na,na
gdelt_304efac0,en,Arctic sees hottest year since 1900 as climate crisis continues,2025-12-17 16:45:00,1900-12-17 00:00:00,1900-01-01 00:00:00,1900-01-01 00:00:00,year,since 1900,1,1,1,1,1,1,tie,tie
gdelt_30bf5c6a,fr,Le ministre allemand de la Défense rejette toute implication militaire dans le détroit dOrmuz - Xinhua,2026-03-16 22:45:00,2026-03-16 22:45:00,2026-03-16 22:45:00,,,,0,0,0,0,0,0,na,na
gdelt_31602f9f,zh-cn,  零关税  政策落地半年来为企减税2 . 3亿元 _ 新华网,2025-07-07 13:30:00,2025-07-07 13:30:00,2025-07-01 00:00:00,,,,0,0,0,0,0,0,na,na
gdelt_317da6b2,en,Danish PM says Greenland showdown at  decisive moment  after new Trump threats,2026-01-12 04:45:00,2026-01-12 04:45:00,2026-01-12 04:45:00,,,,0,0,0,0,0,0,na,na
gdelt_31cd9d63,pt,Pelo menos 35 pessoas morrem em naufrágio no Vietnã – DW – 20 / 07 / 2025,2025-07-20 19:15:00,2025-07-20 19:15:00,2025-07-20 00:00:00,2025-01-01 00:00:00,year,20 / 07 / 2025,1,1,1,1,1,1,tie,tie
gdelt_31fdc13c,en,Jay Vine wins Tour Down Under after two kangaroos cause mass crash,2026-01-26 11:15:00,2026-01-26 11:15:00,2026-01-26 11:15:00,,,,0,0,0,0,0,0,na,na
gdelt_3203d2e0,hr,Intel neće graditi tvornice u Njemačkoj – DW – 28 . 07 . 2025,2025-07-28 20:30:00,2025-07-28 20:30:00,2025-07-28 00:00:00,2025-01-01 00:00:00,year,2025,1,1,1,1,1,1,tie,tie
gdelt_322d7a38,es,"Joao Maldonado , el opositor nicaragüense que sobrevivió a 13 balazos en Costa Rica ( y otros casos que apuntan a presuntas operaciones contra disidentes en el exterior ) ",2025-07-14 22:45:00,2025-07-14 22:45:00,2025-07-01 00:00:00,,,,0,0,0,0,0,0,na,na
gdelt_323ce9f1,ur,پیروکاروں کے  نجی لمحات کی ویڈیوز ریکارڈ کر کے اُن سے نازیبا حرکات  کروانے والا خودساختہ مذہبی پیشوا گرفتار,2025-07-03 18:15:00,2025-07-03 18:15:00,2025-07-03 18:15:00,,,,0,0,0,0,0,0,na,na
gdelt_325c5483,en,"EU targets China imports , urging small parcel fee from 2026",2025-11-13 19:00:00,2026-11-13 00:00:00,2026-01-01 00:00:00,2026-01-01 00:00:00,year,from 2026,1,1,1,1,1,1,tie,tie
gdelt_32976a4a,en,"Thai and Cambodian leaders have agreed to renew a ceasefire after days of deadly clashes , Trump says",2025-12-13 03:00:00,2025-12-13 03:00:00,2025-12-13 03:00:00,,,,0,0,0,0,0,0,na,na
gdelt_32ae287f,en,Davey vows to fix communities at Lib Dem election campaign launch,2026-03-25 01:30:00,2026-03-25 01:30:00,2026-03-25 01:30:00,,,,0,0,0,0,0,0,na,na
gdelt_32e7e9a5,zh-cn,当辽超嘉年华邂逅海景足球场 ， 是怎样的美妙体验 ？- 新华网辽宁频道,2025-11-16 15:30:00,2025-11-16 15:30:00,2025-11-01 00:00:00,,,,0,0,0,0,0,0,na,na
gdelt_32f89068,es,Comienza en ONU conferencia para la solución de dos estados – DW – 28 / 07 / 2025,2025-07-29 00:30:00,2025-07-29 00:30:00,2025-07-28 00:00:00,2025-01-01 00:00:00,year,28 / 07 / 2025,1,1,1,1,1,1,tie,tie
gdelt_33052f50,en,"Tropical Storm Melissa takes aim at Caribbean , islands on alert",2025-10-23 15:00:00,2025-10-23 15:00:00,2025-10-23 15:00:00,,,,0,0,0,0,0,0,na,na
gdelt_33e86bcd,zh-cn,前7月江苏机电产品出口提速升级 _ 新华网江苏频道,2025-09-04 09:00:00,2025-09-04 09:00:00,2025-07-01 00:00:00,2025-07-01 00:00:00,month,7月,1,1,0,1,0,1,v2_better,v2_better
gdelt_33f14eed,en,Bad Bunny e Billie Eilish criticam o ICE ao receber o Grammy,2026-02-02 21:15:00,2026-02-02 21:15:00,2026-02-02 21:15:00,,,,0,0,0,0,0,0,na,na
gdelt_33f2f24a,en,"After three wins over Thunder , Spurs might already be the best team in the NBA",2025-12-26 21:00:00,2025-12-26 21:00:00,2025-12-26 21:00:00,,,,0,0,0,0,0,0,na,na
gdelt_342d7b8c,ko,国开新型政策性金融工具投放近1900亿元 - 新华网,2025-10-21 11:30:00,2025-10-21 11:30:00,2025-10-21 11:30:00,,,,0,0,0,0,0,0,na,na
gdelt_347c8756,en,"Scams and fraud drive claims against financial institutions to record high , says industry mediator",2025-09-24 15:30:00,2025-09-24 15:30:00,2025-09-24 15:30:00,,,,0,0,0,0,0,0,na,na
gdelt_348405d2,en,US Homeland Security sends more officers to Minneapolis after protests swell,2026-01-12 09:15:00,2026-01-12 09:15:00,2026-01-12 09:15:00,,,,0,0,0,0,0,0,na,na
gdelt_34b52c49,uk,"  Холодна ніч , бокал просекко . Чому українці фанатіють від пісень , які генерує ШІ",2025-11-30 21:30:00,2025-11-30 21:30:00,2025-11-30 21:30:00,,,,0,0,0,0,0,0,na,na
gdelt_34c8f714,pt,STF limita pagamento de  penduricalhos  para juízes e MP,2026-03-26 19:30:00,2026-03-26 19:30:00,2026-03-26 19:30:00,,,,0,0,0,0,0,0,na,na
gdelt_353cf10d,en,Iran war live : Trump again slams NATO lack of support for war on Tehran | US - Israel war on Iran News,2026-03-28 10:00:00,2026-03-28 10:00:00,2026-03-28 10:00:00,,,,0,0,0,0,0,0,na,na
gdelt_35822b1f,fr,Le Danemark annonce des investissements record dans le secteur spatial pour renforcer lautonomie de lEurope - Xinhua,2025-10-21 12:15:00,2025-10-21 12:15:00,2025-10-21 12:15:00,,,,0,0,0,0,0,0,na,na
gdelt_36841d49,uk,Росія вночі запустила по Україні майже 600 дронів і 48 ракет – DW – 28 . 09 . 2025,2025-09-28 18:00:00,2025-09-28 18:00:00,2025-09-28 00:00:00,2025-01-01 00:00:00,year,2025,1,1,1,1,1,1,tie,tie
gdelt_36c9664b,it,Potato Leek Gratin Recipe,2025-11-21 20:15:00,2025-11-21 20:15:00,2025-11-21 20:15:00,,,,0,0,0,0,0,0,na,na
gdelt_36dc75cf,en,US Treasury chief Bessent accuses India of profiteering on Russian oil,2025-08-20 04:30:00,2025-08-20 04:30:00,2025-08-20 04:30:00,,,,0,0,0,0,0,0,na,na
gdelt_37196dd3,mk,Трамп ја разреши спорната министерка за внатрешна безбедност,2026-03-06 17:45:00,2026-03-06 17:45:00,2026-03-06 17:45:00,,,,0,0,0,0,0,0,na,na
gdelt_3773c728,en,Jersey School Council meeting to focus on digital wellbeing,2025-10-08 16:15:00,2025-10-08 16:15:00,2025-10-08 16:15:00,,,,0,0,0,0,0,0,na,na
gdelt_3794ad59,tr,"12 Dev Adam  geri döndü : EuroBasket 2025 , Türk basketboluna ivme katabilir mi ? ",2025-09-16 05:00:00,2025-09-16 05:00:00,2025-01-01 00:00:00,2025-01-01 00:00:00,year,2025,1,1,1,1,1,1,tie,tie
gdelt_3799538e,en,Review of unpaid carer debts announced after damning report,2025-11-26 00:45:00,2025-11-26 00:45:00,2025-11-26 00:45:00,,,,0,0,0,0,0,0,na,na
gdelt_38487a9f,ko,北方冷意加深南方频刷气温新低 台风  风神  将影响华南沿海 - 新华网,2025-10-19 16:00:00,2025-10-19 16:00:00,2025-10-19 16:00:00,,,,0,0,0,0,0,0,na,na
gdelt_389e5f6d,en,More than 40 people killed as heavy rains trigger floods in Sri Lanka,2025-11-28 06:00:00,2025-11-28 06:00:00,2025-11-28 06:00:00,,,,0,0,0,0,0,0,na,na
gdelt_38cceaa0,da,PM Wong to deliver 2026 Budget Statement on Feb 12,2025-12-29 11:00:00,2025-12-29 11:00:00,2026-02-12 00:00:00,2026-01-01 00:00:00,year,2026,1,1,0,1,0,1,v2_better,v2_better
gdelt_393dde08,en,China manufacturing shrinks again in August amid US trade uncertainty,2025-08-31 11:45:00,2025-08-31 00:00:00,2025-08-01 00:00:00,2025-08-01 00:00:00,month,in August,1,1,1,1,1,1,tie,tie
gdelt_3959841e,uk,Умєров про дводенні переговори зі США : Маємо просування,2026-03-23 06:15:00,2026-03-23 06:15:00,2026-03-23 06:15:00,,,,0,0,0,0,0,0,na,na
gdelt_395e427f,nl,"Iran Khamenei rejects US nuclear demand , vows to keep enriching uranium",2025-06-04 15:45:00,2025-06-04 15:45:00,2025-06-04 15:45:00,,,,0,0,0,0,0,0,na,na
gdelt_398dc779,en,"Guyana holds election amid oil boom , tensions with Venezuela – DW – 09 / 02 / 2025",2025-09-02 14:45:00,2025-09-02 00:00:00,2025-09-02 00:00:00,2025-01-01 00:00:00,year,09 / 02 / 2025,1,1,1,1,1,1,tie,tie
gdelt_399b01df,en,Watch all of NFL Week 2 game highlights and drama from Sunday in one click,2025-09-15 23:45:00,2025-09-15 23:45:00,2025-09-14 00:00:00,,,,0,0,0,0,0,0,na,na
gdelt_3a2e76f9,ur,جڑواں بھائی ، دہرا قتل اور ایک جیسا ڈی این اے : وہ پیچیدہ مقدمہ جس میں قاتل کی شناخت معمہ بن گئی,2026-02-09 16:00:00,2026-02-09 16:00:00,2026-02-09 16:00:00,,,,0,0,0,0,0,0,na,na
gdelt_3a61b2a5,en,Badenoch to set out new rule to cut borrowing and taxes,2025-10-08 09:15:00,2025-10-08 09:15:00,2025-10-08 09:15:00,,,,0,0,0,0,0,0,na,na
gdelt_3a9859ba,pt,"As mensagens de Vorcaro com o poder : Ciro Nogueira , Lula e outros citados",2026-03-06 08:45:00,2026-03-06 08:45:00,2026-03-06 08:45:00,,,,0,0,0,0,0,0,na,na
gdelt_3ab3613d,en,Hereford food bank vows to continue despite setback,2025-11-03 15:30:00,2025-11-03 15:30:00,2025-11-03 15:30:00,,,,0,0,0,0,0,0,na,na
gdelt_3b26453f,es,  Descartada  acción militar de EE . UU . en México,2026-01-13 01:15:00,2026-01-13 01:15:00,2026-01-13 01:15:00,,,,0,0,0,0,0,0,na,na
gdelt_3b460386,en,"VCU knocks out UNC , completing one of largest comebacks in NCAA Tournament history",2026-03-20 11:45:00,2026-03-20 11:45:00,2026-03-20 11:45:00,,,,0,0,0,0,0,0,na,na
gdelt_3c7e73da,es,Especial : Capital de Ecuador celebra fiestas de fundación con desfiles y actividades culturales,2025-11-24 12:45:00,2025-11-24 12:45:00,2025-11-24 12:45:00,,,,0,0,0,0,0,0,na,na
gdelt_3caf6adb,en,Mother and baby homes : Sisters to fight against  unfair  redress scheme,2025-07-08 01:45:00,2025-07-08 01:45:00,2025-07-08 01:45:00,,,,0,0,0,0,0,0,na,na
gdelt_3cf4ae48,en,Germany news : Far - right AfD loses mayoral runoffs in NRW – DW – 09 / 29 / 2025,2025-09-29 16:30:00,2025-09-29 00:00:00,2025-09-29 00:00:00,2025-01-01 00:00:00,year,09 / 29 / 2025,1,1,1,1,1,1,tie,tie
gdelt_3d005e31,ru,FT : Зеленский 24 февраля объявит о выборах и референдуме,2026-02-11 18:30:00,2026-02-11 18:30:00,2024-02-01 00:00:00,,,,0,0,0,0,0,0,na,na
gdelt_3d03031e,en,Trump says US will send more weapons to Ukraine – DW – 07 / 08 / 2025,2025-07-08 19:00:00,2025-07-08 00:00:00,2025-07-08 00:00:00,2025-01-01 00:00:00,year,07 / 08 / 2025,1,1,1,1,1,1,tie,tie
gdelt_3d493783,en,The Caribbean islands that give you a passport if you buy a home,2025-07-28 09:15:00,2025-07-28 09:15:00,2025-07-28 09:15:00,,,,0,0,0,0,0,0,na,na
gdelt_3d5d9a9f,en,How Zohran Mamdani Won the NYC Mayoral Election,2025-11-05 12:45:00,2025-11-05 12:45:00,2025-11-05 12:45:00,,,,0,0,0,0,0,0,na,na
gdelt_3d9fb2b5,en,"Angels broaden managerial search , though Albert Pujols remains top choice",2025-10-17 06:45:00,2025-10-17 06:45:00,2025-10-17 06:45:00,,,,0,0,0,0,0,0,na,na
gdelt_3dd82f40,zh-cn,  工匠  变  大师  浙江武义  技能带头人  享受高层次人才待遇 - 新华网,2025-12-01 14:15:00,2025-12-01 14:15:00,2025-12-01 14:15:00,,,,0,0,0,0,0,0,na,na
gdelt_3e0c20bb,ru,Як набрати людей до Бундесверу ? Що радять експерти – DW – 10 . 11 . 2025,2025-11-11 03:30:00,2025-11-11 03:30:00,2025-11-10 00:00:00,2025-01-01 00:00:00,year,2025,1,1,1,1,1,1,tie,tie
gdelt_3e1ea93d,en,Levels of prejudice in Singapore remain unchanged from five years ago : IPS study,2025-07-29 00:00:00,2020-07-29 00:00:00,2025-07-29 00:00:00,,,,0,0,0,0,0,0,na,na
gdelt_3e268ba7,ur,مولای ادریس : مراکش کا  مقدس  قصبہ جس کے کچھ حصوں میں آج بھی غیرمسلموں کا داخلہ ممنوع ہے,2025-08-11 17:45:00,2025-08-11 17:45:00,2025-08-11 17:45:00,,,,0,0,0,0,0,0,na,na
gdelt_3e612f5f,en,India steps up defence self - reliance by backing startups and easing arms procurement,2025-08-27 18:15:00,2025-08-27 18:15:00,2025-08-27 18:15:00,,,,0,0,0,0,0,0,na,na
gdelt_3e7d8cf3,en,Stop avoiding your bank balance and other ways to manage your money better,2025-10-31 10:30:00,2025-10-31 10:30:00,2025-10-31 10:30:00,,,,0,0,0,0,0,0,na,na
gdelt_3e97a8d0,en,Philippines begins clean - up after powerful twin quakes,2025-10-11 16:00:00,2025-10-11 16:00:00,2025-10-11 16:00:00,,,,0,0,0,0,0,0,na,na
gdelt_3eeb6418,en,Singapore International Film Festival kicks off at the Sands Theatre,2025-11-27 00:30:00,2025-11-27 00:30:00,2025-11-27 00:30:00,,,,0,0,0,0,0,0,na,na
gdelt_3f258b26,en,"LIVE : 21 in Gaza killed by Israeli attacks today , hospitals plead for fuel | Israel - Palestine conflict News",2025-06-08 19:30:00,2025-06-08 19:30:00,2025-06-08 19:30:00,2025-06-08 00:00:00,day,today,1,1,1,1,1,1,tie,tie
gdelt_3fa98a73,ta,முகப்பு - BBC News தமிழ்,2025-11-24 23:15:00,2025-11-24 23:15:00,2025-11-24 23:15:00,,,,0,0,0,0,0,0,na,na
gdelt_3faf3888,ru,Известный немецкий дирижер получил в Кремле орден Дружбы – DW – 05 . 11 . 2025,2025-11-05 22:00:00,2025-11-05 22:00:00,2025-11-05 00:00:00,2025-01-01 00:00:00,year,2025,1,1,1,1,1,1,tie,tie
gdelt_3fb94552,en,Wales maternity services under strain as report finds insufficient staffing levels,2026-02-25 22:30:00,2026-02-25 22:30:00,2026-02-25 22:30:00,,,,0,0,0,0,0,0,na,na
gdelt_3fb97289,en,Rob Reiner : Six classic movies from the  big - hearted geniu director,2025-12-15 21:15:00,2025-12-15 21:15:00,2025-12-15 21:15:00,,,,0,0,0,0,0,0,na,na
gdelt_3fd83114,vi,  Nỗi sợ trên đường phố : người Venezuela trước tương lai bất định,2026-01-08 17:45:00,2026-01-08 17:45:00,2026-01-08 17:45:00,,,,0,0,0,0,0,0,na,na
gdelt_3fecd544,ko,我国285家仲裁委员会累计办理仲裁案件500多万件 - 新华网,2025-09-30 11:15:00,2025-09-30 11:15:00,2025-09-30 11:15:00,,,,0,0,0,0,0,0,na,na
gdelt_400a8f75,en,Syed Harun Alhabsyi on guidelines to support students with special needs,2026-03-06 12:30:00,2026-03-06 12:30:00,2026-03-06 12:30:00,,,,0,0,0,0,0,0,na,na
gdelt_40119a86,en,Mariah Carey Singapore concert at Arena @ Expo,2025-10-14 02:15:00,2025-10-14 02:15:00,2025-10-14 02:15:00,,,,0,0,0,0,0,0,na,na
gdelt_40326d4d,zh-cn,美育润古城 绍兴美术馆开馆 - 新华网,2026-02-10 21:45:00,2026-02-10 21:45:00,2026-02-10 21:45:00,,,,0,0,0,0,0,0,na,na
gdelt_4064fda4,en,Indonesia starts implementing social media restrictions for children under 16,2026-03-28 14:30:00,2026-03-28 14:30:00,2026-03-28 14:30:00,,,,0,0,0,0,0,0,na,na
gdelt_40bf5ae9,sw,Putin :  Tunashinda vita vya haki  nchini Ukraine – DW – 30 . 09 . 2025,2025-09-30 13:00:00,2025-09-30 00:00:00,2025-09-30 00:00:00,2025-01-01 00:00:00,year,2025,1,1,1,1,1,1,tie,tie
gdelt_40db2d1b,pt,Kast : quem é o aliado de Bolsonaro que foi eleito presidente do Chile,2025-12-17 04:30:00,2025-12-17 04:30:00,2025-12-01 00:00:00,,,,0,0,0,0,0,0,na,na
gdelt_41049e19,en,Global energy transformation takes centre stage at India Energy Week,2026-01-28 00:30:00,2026-01-28 00:30:00,2026-01-28 00:30:00,,,,0,0,0,0,0,0,na,na
gdelt_4137e9ef,en,CJ McCollum showed the Wizards how to make beautiful music with a lead conductor,2025-11-26 20:45:00,2025-11-26 20:45:00,2025-11-26 20:45:00,,,,0,0,0,0,0,0,na,na
gdelt_4144835c,ja,中国国産自動車部品を積んだ 「 中欧班列 」、 黒竜江省ハルビンを出発,2025-12-21 10:30:00,2025-12-21 10:30:00,2025-12-21 10:30:00,,,,0,0,0,0,0,0,na,na
gdelt_4195bc98,zh-cn, 《 澄迈县城市更新专项规划 （ 2025 - 2035年 ）》 发布 - 新华网,2026-03-23 09:00:00,2035-03-23 00:00:00,2025-01-01 00:00:00,2025-01-01 00:00:00,year,2025,1,1,0,1,0,1,v2_better,v2_better
gdelt_41ac8b82,en,How to Cook Tofu Better - NYT Cooking,2025-12-30 02:45:00,2025-12-30 02:45:00,2025-12-30 02:45:00,,,,0,0,0,0,0,0,na,na
gdelt_424b2a11,en,NDP 2025 : Heartland sites announced for Singapore 60th birthday celebration,2025-07-08 18:15:00,2025-07-08 18:15:00,2025-01-01 00:00:00,2025-01-01 00:00:00,year,2025,1,1,1,1,1,1,tie,tie
gdelt_4264c2c9,fr,La Chine souhaite la stabilité en Iran ( porte - parole ) - Xinhua,2026-01-12 17:45:00,2026-01-12 17:45:00,2026-01-12 17:45:00,,,,0,0,0,0,0,0,na,na
gdelt_429dcd61,zh-cn,甘肃省全面提升12345热线服务质效 - 新华网,2025-11-24 11:15:00,2025-11-24 11:15:00,2025-11-24 11:15:00,,,,0,0,0,0,0,0,na,na
gdelt_429ff283,ar,الجريمة في ألمانيا : ما مدى خطورتها الحقيقية ؟ – DW – 2025 / 9 / 21,2025-09-21 14:45:00,2025-09-21 14:45:00,2025-09-21 00:00:00,2025-01-01 00:00:00,year,2025 / 9 / 21,1,1,1,1,1,1,tie,tie
gdelt_42f2c28e,zh-cn,兰合铁路草滩特大桥第一片梁成功架设 - 新华网,2025-08-17 12:30:00,2025-08-17 12:30:00,2025-08-17 12:30:00,,,,0,0,0,0,0,0,na,na
gdelt_4324bf2c,en,Met Police chief gives phone firms deadline over thefts,2026-03-12 00:30:00,2026-03-12 00:30:00,2026-03-12 00:30:00,,,,0,0,0,0,0,0,na,na
gdelt_43318918,da,Grieving dad makes plea after Bedford killer driver jailed,2025-10-19 16:45:00,2025-10-19 16:45:00,2025-10-19 16:45:00,,,,0,0,0,0,0,0,na,na
gdelt_435d4c43,hi,जर्मनी से सीरिया लौट रहे हैं शरणार्थी लेकिन संख्या कम – DW – 07 . 09 . 2025,2025-09-07 19:30:00,2025-09-07 19:30:00,2025-09-07 00:00:00,2025-01-01 00:00:00,year,2025,1,1,1,1,1,1,tie,tie
gdelt_43b6f7b9,en,Only 13 survivors from capsized boat carrying 74 refugees off Libya,2025-09-18 05:00:00,2025-09-18 05:00:00,2025-09-18 05:00:00,,,,0,0,0,0,0,0,na,na
gdelt_43f5b46f,ko,云南省交通部门全力筑牢汛期安全防线 _ 新华网,2025-07-04 13:15:00,2025-07-04 13:15:00,2025-07-04 13:15:00,,,,0,0,0,0,0,0,na,na
gdelt_44dd0f04,en,"Trump moves to fire Fed governor , escalating effort to control central bank",2025-08-27 02:15:00,2025-08-27 02:15:00,2025-08-27 02:15:00,,,,0,0,0,0,0,0,na,na
gdelt_451f455d,de,"US seizes Olina tanker in Caribbean , fifth vessel taken in Venezuela blockade",2026-01-10 01:15:00,2026-01-10 01:15:00,2026-01-10 01:15:00,,,,0,0,0,0,0,0,na,na
gdelt_454eccd9,ru,Сирийская криминальная семья из Штутгарта покинула Германию – DW – 21 . 10 . 2025,2025-10-21 13:00:00,2025-10-21 13:00:00,2025-10-21 00:00:00,2025-01-01 00:00:00,year,2025,1,1,1,1,1,1,tie,tie
gdelt_457faaaa,ko,"中 허베이 , 올림픽 시설 활용해  빙설 경제  박차 ... 산업 클러스터 생산액 3조원 넘어 - Xinhua",2025-12-14 10:00:00,2025-12-14 10:00:00,2025-12-14 10:00:00,,,,0,0,0,0,0,0,na,na
gdelt_45a50762,zh-cn,凤冈 ： 打通人才通道 让优质医疗惠及基层 - 新华网,2026-03-26 18:30:00,2026-03-26 18:30:00,2026-03-26 18:30:00,,,,0,0,0,0,0,0,na,na
gdelt_460963ae,en,Hiroshima marks 80 years since atomic bombing as US - Russia nuclear tensions rise,2025-08-06 12:15:00,1945-08-06 12:15:00,2025-08-06 12:15:00,,,,0,0,0,0,0,0,na,na
gdelt_461e3935,en,Xi Jinping anticorruption drive sweeps up senior Chinese military chiefs | Xi Jinping News,2026-03-18 10:45:00,2026-03-18 10:45:00,2026-03-18 10:45:00,,,,0,0,0,0,0,0,na,na
gdelt_46671182,es,Londres anuncia visita de Estado de Trump en Septiembre – DW – 14 / 07 / 2025,2025-07-14 09:00:00,2025-07-14 09:00:00,2025-07-14 00:00:00,2025-01-01 00:00:00,year,14 / 07 / 2025,1,1,1,1,1,1,tie,tie
gdelt_466bdffa,ur,  خدا سے بات  کے لیے اے آئی کا استعمال :  اپنے عمل پر توجہ دو اور نتیجے کی فکر چھوڑ دو  ,2025-10-21 20:15:00,2025-10-21 20:15:00,2025-10-21 20:15:00,,,,0,0,0,0,0,0,na,na
gdelt_46a084a9,en,Ukraine deploys units to five Middle East countries to intercept drones,2026-03-20 23:30:00,2026-03-20 23:30:00,2026-03-20 23:30:00,,,,0,0,0,0,0,0,na,na
gdelt_46a5634a,en,FBI raids homes after two National Guard members shot near White House,2025-11-28 07:00:00,2025-11-28 07:00:00,2025-11-28 07:00:00,,,,0,0,0,0,0,0,na,na
gdelt_46aa1da0,tr,Suriye ordusundan Halepteki sivillere tahliye çağrısı – DW – 08 . 01 . 2026,2026-01-08 19:45:00,2026-01-08 19:45:00,2026-01-08 00:00:00,2026-01-01 00:00:00,year,2026,1,1,1,1,1,1,tie,tie
gdelt_46acad6d,uk,"Один заражає всіх . Хто такі суперпоширювачі , що запускають епідемії",2026-02-01 19:45:00,2026-02-01 19:45:00,2026-02-01 19:45:00,,,,0,0,0,0,0,0,na,na
gdelt_46c4877a,zh-cn,伊拉克举行国民议会选举 - 新华网,2025-11-12 07:00:00,2025-11-12 07:00:00,2025-11-12 07:00:00,,,,0,0,0,0,0,0,na,na
gdelt_46f9c8af,en,Pakistan : Five dead in suicide bombing on paramilitary headquarters,2025-11-24 15:30:00,2025-11-24 15:30:00,2025-11-24 15:30:00,,,,0,0,0,0,0,0,na,na
gdelt_473d93db,es,Rusia declara  extremista  al grupo de punk Pussy Riot – DW – 15 / 12 / 2025,2025-12-15 21:15:00,2025-12-15 21:15:00,2025-12-15 00:00:00,2025-01-01 00:00:00,year,15 / 12 / 2025,1,1,1,1,1,1,tie,tie
gdelt_481f4aa0,zh-cn,苏州 ： 多措并举打造就业友好型城市 _ 新华网江苏频道,2025-06-09 12:45:00,2025-06-09 12:45:00,2025-06-09 12:45:00,,,,0,0,0,0,0,0,na,na
gdelt_4833dd22,zh-cn,辽宁 ： 为期三年消费环境提升工程启动 - 新华网辽宁频道,2025-08-05 13:15:00,2025-08-05 13:15:00,2025-08-01 00:00:00,,,,0,0,0,0,0,0,na,na
gdelt_489d1af6,ne,दलाई लामा का ट्रस्ट तय करेगा उनका उत्तराधिकारी – DW – 02 . 07 . 2025,2025-07-02 14:45:00,2025-07-02 14:45:00,2025-07-02 00:00:00,2025-01-01 00:00:00,year,2025,1,1,1,1,1,1,tie,tie
gdelt_48bb49fe,fr,"Chine : création de 6 , 95 millions demplois urbains au premier semestre , 58 % de son objectif annuel atteint - Xinhua",2025-07-22 16:15:00,2025-07-22 16:15:00,2025-07-22 16:15:00,,,,0,0,0,0,0,0,na,na
gdelt_48d87613,en,Acropolis closes as Greece sizzles under another severe heatwave,2025-07-08 21:00:00,2025-07-08 21:00:00,2025-07-08 21:00:00,,,,0,0,0,0,0,0,na,na
gdelt_492c70b5,es,Comentario : Se necesitan esfuerzos conjuntos para garantizar estabilidad y sostenibilidad de los vínculos económicos China - EE . UU . ,2026-03-15 20:00:00,2026-03-15 20:00:00,2026-03-15 20:00:00,,,,0,0,0,0,0,0,na,na
gdelt_49e5b599,en,Milton Keynes cinema The Point to be demolished for new flats,2025-07-09 22:45:00,2025-07-09 22:45:00,2025-07-09 22:45:00,,,,0,0,0,0,0,0,na,na
gdelt_4a19025f,id,Berhemat : Perang Iran Menekan Investasi Teluk,2026-03-19 03:30:00,2026-03-19 03:30:00,2026-03-19 03:30:00,,,,0,0,0,0,0,0,na,na
gdelt_4ab25447,zh-cn,人大常委会丨报告显示我国城乡要素流动更加顺畅 - 新华网,2025-12-23 01:30:00,2025-12-23 01:30:00,2025-12-23 01:30:00,,,,0,0,0,0,0,0,na,na
gdelt_4acc7be8,ko, 《 科学 》 杂志发表我国科研新成果 为精准医学提供新工具 - 新华网,2026-01-02 21:45:00,2026-01-02 21:45:00,2026-01-02 21:45:00,,,,0,0,0,0,0,0,na,na
gdelt_4b06abf0,fr,Le Parlement européen reporte lapprobation de laccord commercial UE - Etats - Unis après les menaces tarifaires de Trump liées au Groenland - Xinhua,2026-01-22 08:30:00,2026-01-22 08:30:00,2026-01-22 08:30:00,,,,0,0,0,0,0,0,na,na
gdelt_4b09a0a1,es,General israelí : línea de repliegue en Gaza es la frontera – DW – 07 / 12 / 2025,2025-12-08 06:45:00,2025-12-08 06:45:00,2025-12-07 00:00:00,2025-01-01 00:00:00,year,07 / 12 / 2025,1,1,1,1,1,1,tie,tie
gdelt_4b3e1409,nl,Howard Sapers | Al Jazeera,2026-03-23 01:15:00,2026-03-23 01:15:00,2026-03-19 00:00:00,,,,0,0,0,0,0,0,na,na
gdelt_4b75b8e6,en,"US war on Iran will end  soon , Trump tells Axios",2026-03-12 03:45:00,2026-03-12 03:45:00,2026-03-12 03:45:00,,,,0,0,0,0,0,0,na,na
gdelt_4b80d61f,en,Chicago Stars unveil plans for NWSL performance center in Bannockburn,2026-01-07 00:15:00,2026-01-07 00:15:00,2026-01-07 00:15:00,,,,0,0,0,0,0,0,na,na
gdelt_4b8ae319,en,DBS named world best private bank at global awards,2026-03-20 21:15:00,2026-03-20 21:15:00,2026-03-20 21:15:00,,,,0,0,0,0,0,0,na,na
gdelt_4b9f3cb4,en,Brazilian Supreme Court justice calls Bolsonaro the leader of coup attempt,2025-09-10 04:30:00,2025-09-10 04:30:00,2025-09-10 04:30:00,,,,0,0,0,0,0,0,na,na
gdelt_4ba1ede8,sw,Msaada wa Ulaya barani Afrika haujafikia lengo lake – DW – 20 . 11 . 2025,2025-11-20 19:00:00,2025-11-20 00:00:00,2025-11-20 00:00:00,2025-01-01 00:00:00,year,2025,1,1,1,1,1,1,tie,tie
gdelt_4bba33fe,fr,La République de Corée réaffirme sa souveraineté sur les îlots Dokdo contre une récente revendication de la PM japonaise - Xinhua,2025-12-10 10:15:00,2025-12-10 10:15:00,2025-12-06 00:00:00,,,,0,0,0,0,0,0,na,na
gdelt_4bfb0871,en,EU says China confirms Nexperia chip export resumptions,2025-11-09 06:30:00,2025-11-09 06:30:00,2025-11-09 06:30:00,,,,0,0,0,0,0,0,na,na
gdelt_4c1614d8,en,Why you get constipated when you travel – and how to prevent it from ruining your holiday,2025-12-14 08:30:00,2025-12-14 08:30:00,2025-12-14 08:30:00,,,,0,0,0,0,0,0,na,na
gdelt_4c73f17a,zh-cn,2025年六五环境日河北省主场活动在邯郸举办 - 新华网河北频道 - 新华网,2025-06-04 14:15:00,2025-06-04 00:00:00,2025-01-01 00:00:00,2025-01-01 00:00:00,year,2025年,1,1,1,1,1,1,tie,tie
gdelt_4c9c1e09,fa,بحران کم‌آبی در ایران ؛ « تا ۱۰ روز آینده باران نمی‌بارد » ,2025-11-09 22:00:00,2025-11-09 22:00:00,2025-10-30 22:00:00,,,,0,0,0,0,0,0,na,na
gdelt_4cb7e85b,en,"Ireland picks new president , polls indicate win for pro - Palestine candidate",2025-10-25 01:00:00,2025-10-25 01:00:00,2025-10-25 01:00:00,,,,0,0,0,0,0,0,na,na
gdelt_4cc693b9,et,"Trump kupokelewa kishujaa Israel , kuhutubia Knesset – DW – 13 . 10 . 2025",2025-10-13 11:30:00,2025-10-13 11:30:00,2025-10-13 00:00:00,2025-01-01 00:00:00,year,2025,1,1,1,1,1,1,tie,tie
gdelt_4cd92e8e,zh-cn,中国外长敦促美国管控贸易分歧 称中美关系迎  关键一年  ,2026-03-08 21:15:00,2026-03-08 21:15:00,2026-03-01 00:00:00,,,,0,0,0,0,0,0,na,na
gdelt_4cef8670,en,"Iran war live : US , Israel attack ignites worst trade disruption in 80 years | US - Israel war on Iran News",2026-03-27 05:00:00,1946-03-27 05:00:00,2026-03-27 05:00:00,,,,0,0,0,0,0,0,na,na
gdelt_4d2910a9,en,"Manchester United agree Bryan Mbeumo deal , medical expected this weekend",2025-07-20 10:30:00,2025-07-20 10:30:00,2025-07-20 10:30:00,,,,0,0,0,0,0,0,na,na
gdelt_4d4631ec,sw,"Ujerumani , nchi zingine zaadhimisha Siku ya Wanawake Duniani",2026-03-09 01:00:00,2026-03-09 01:00:00,2026-03-09 01:00:00,,,,0,0,0,0,0,0,na,na
gdelt_4dc00d0f,sw,Mataifa ya Afrika yanavyohaha kunusuru raia wao kupigana vita,2026-03-16 22:45:00,2026-03-16 22:45:00,2026-03-16 22:45:00,,,,0,0,0,0,0,0,na,na
gdelt_4dee7b0e,ru,Cаммит ШОС принял итоговую декларацию без упоминания Украины – DW – 01 . 09 . 2025,2025-09-02 01:30:00,2025-09-02 01:30:00,2025-09-01 00:00:00,2025-01-01 00:00:00,year,2025,1,1,1,1,1,1,tie,tie
gdelt_4e1cb19e,zh-cn,江苏三市进入中国城市科技创业评价前十 _ 新华网江苏频道,2025-09-28 10:00:00,2025-09-28 10:00:00,2025-09-28 10:00:00,,,,0,0,0,0,0,0,na,na
gdelt_4e67e413,en,Newcastle Women remember Wembley match 30 years on,2025-09-10 15:30:00,1995-09-10 15:30:00,2025-09-10 15:30:00,,,,0,0,0,0,0,0,na,na
gdelt_4e6f4605,pl,Karol Nawrocki wygrał wybory prezydenckie – DW – 02 . 06 . 2025,2025-06-02 14:30:00,2025-06-02 14:30:00,2025-06-02 00:00:00,2025-01-01 00:00:00,year,2025,1,1,1,1,1,1,tie,tie
gdelt_4e83a579,en,Gaza medical students help health system decimated by Israel war | Israel - Palestine conflict News,2025-11-16 05:45:00,2025-11-16 05:45:00,2025-11-16 05:45:00,,,,0,0,0,0,0,0,na,na
gdelt_4f3d5b20,ca,"Alba financial difficulties due to fraud , leader claims",2026-02-23 19:30:00,2026-02-23 19:30:00,2026-02-19 00:00:00,,,,0,0,0,0,0,0,na,na
gdelt_4f4f3490,en,"As Argentina preps for World Cup title defense , Messi is still front and center",2025-12-31 20:00:00,2025-12-31 20:00:00,2025-12-31 20:00:00,,,,0,0,0,0,0,0,na,na
gdelt_4f61e7a6,en,"Bee attack leaves three in critical condition and dozens injured in Aurillac , France",2025-07-08 20:30:00,2025-07-08 20:30:00,2025-07-08 20:30:00,,,,0,0,0,0,0,0,na,na
gdelt_4f89789b,en,"Ferocious Seahawks overwhelm 49ers , advance to NFC Championship Game",2026-01-18 13:15:00,2026-01-18 13:15:00,2026-01-18 13:15:00,,,,0,0,0,0,0,0,na,na
gdelt_4fe571cb,ru,ЕС обсуждает санкции против портов Грузии и Индонезии,2026-02-10 08:30:00,2026-02-10 08:30:00,2026-02-10 08:30:00,,,,0,0,0,0,0,0,na,na
gdelt_4ff849c4,es,"Coalición gobernante de Japón aseguraría mayoría de escaños en la Cámara Baja , según sondeo de NHK",2026-02-08 22:15:00,2026-02-08 22:15:00,2026-02-08 22:15:00,,,,0,0,0,0,0,0,na,na
gdelt_501c8973,en,"EU launches probe into Grok AI feature creating deepfakes of women , minors",2026-01-27 01:45:00,2026-01-27 01:45:00,2026-01-27 01:45:00,,,,0,0,0,0,0,0,na,na
gdelt_50aa093f,es,Balotaje en Portugal le da triunfo a la izquierda,2026-02-09 07:00:00,2026-02-09 07:00:00,2026-02-01 00:00:00,,,,0,0,0,0,0,0,na,na
gdelt_50dac366,zh-cn,  桥头堡  倾听大湾区潮声 - 新华网,2025-12-07 14:00:00,2025-12-07 14:00:00,2025-12-07 14:00:00,,,,0,0,0,0,0,0,na,na
gdelt_513284ab,en,Israel returns 30 bodies of slain Palestinians as new strikes hit Gaza,2025-11-01 06:30:00,2025-11-01 06:30:00,2025-11-01 06:30:00,,,,0,0,0,0,0,0,na,na
gdelt_513909cb,zh-cn,在美丽之洲感受多彩的人类文明之光 第三届  良渚论坛  观察 - 新华网,2025-10-21 10:00:00,2025-10-21 10:00:00,2025-10-21 10:00:00,,,,0,0,0,0,0,0,na,na
gdelt_516d4659,en,"US State Department starts firing 1 , 300 employees as part of Trump shake - up",2025-07-12 07:45:00,2025-07-12 07:45:00,2025-07-12 07:45:00,,,,0,0,0,0,0,0,na,na
gdelt_51c36945,zh-cn,海南省打造  清凉游  多样玩法 ， 让游客清凉度夏 - 新华网,2025-08-10 10:00:00,2025-08-10 10:00:00,2025-08-10 10:00:00,,,,0,0,0,0,0,0,na,na
gdelt_521d841b,ko,福建顺昌 ： 高龄津贴  免申即享  暖人心 - 新华网,2026-03-24 13:00:00,2026-03-24 13:00:00,2026-03-24 13:00:00,,,,0,0,0,0,0,0,na,na
gdelt_52766576,vi,Ông Trump công bố thuế mới cho Việt Nam : 20 % là cao hay thấp ? ,2025-07-03 16:30:00,2025-07-03 16:30:00,2025-07-03 16:30:00,,,,0,0,0,0,0,0,na,na
gdelt_5282717f,zh-cn,伊朗外长 ： 美国谈论  谈判  无异于承认  失败 - 新华网,2026-03-26 12:00:00,2026-03-26 12:00:00,2026-03-26 12:00:00,,,,0,0,0,0,0,0,na,na
gdelt_52d1e2b7,ko,"자판기에서 나오는 책 ... 中 홍콩 , 스마트 기술로 북 크로싱 열기  UP - Xinhua",2026-02-10 11:15:00,2026-02-10 11:15:00,2026-02-10 11:15:00,,,,0,0,0,0,0,0,na,na
gdelt_535fd375,en,Three candidates to contest Irish presidential election,2025-09-24 21:00:00,2025-09-24 21:00:00,2025-09-24 21:00:00,,,,0,0,0,0,0,0,na,na
gdelt_53826fba,en,"Eastside Culture Crawl en Vancouver , Canadá | Spanish . xinhuanet . com",2025-11-24 17:45:00,2025-11-24 17:45:00,2025-11-24 17:45:00,,,,0,0,0,0,0,0,na,na
gdelt_538ca345,en,"Despite tariffs , it still America first for Asia legacy automakers",2025-07-15 09:15:00,2025-07-15 09:15:00,2025-07-15 09:15:00,,,,0,0,0,0,0,0,na,na
gdelt_53a8188a,en,"Kim Jong Un tours nuclear sub plant , slams US - South Korea  threat : Report",2025-12-25 08:00:00,2025-12-25 08:00:00,2025-12-25 08:00:00,,,,0,0,0,0,0,0,na,na
gdelt_53c8b8a7,en,Lancashire County Council mixes up village street sign mileages,2025-08-13 20:15:00,2025-08-13 20:15:00,2025-08-13 20:15:00,,,,0,0,0,0,0,0,na,na
gdelt_541367d9,en,LIVE : Israel blamed for  catastrophe of epic proportion amid Gaza famine | Israel - Palestine conflict News,2025-07-30 03:30:00,2025-07-30 03:30:00,2025-07-30 03:30:00,,,,0,0,0,0,0,0,na,na
gdelt_544a59a0,ca,Kim Jong - un llega a Pekín para asistir a desfile militar – DW – 02 / 09 / 2025,2025-09-02 18:00:00,2025-09-02 18:00:00,2025-09-02 00:00:00,2025-01-01 00:00:00,year,02 / 09 / 2025,1,1,1,1,1,1,tie,tie
gdelt_545d95f2,en,Thousands of kites once filled the skies above India cities . Today the tradition is dying out,2026-03-27 20:15:00,2026-03-27 20:15:00,2026-03-27 20:15:00,2026-03-27 00:00:00,day,Today,1,1,1,1,1,1,tie,tie
gdelt_548ac6df,en,"Mandel Mailbag : Nick Saban future , Penn State pressure , top non - SEC / Big Ten games",2025-07-16 18:15:00,2025-07-16 18:15:00,2025-07-16 18:15:00,,,,0,0,0,0,0,0,na,na
gdelt_54cacee5,en,"Bagpuss film  will be faithful to original , Birmingham producer says",2025-09-10 15:30:00,2025-09-10 15:30:00,2025-09-10 15:30:00,,,,0,0,0,0,0,0,na,na
gdelt_54ce563a,en,British Grand Prix : Lewis Hamilton says Ferrari was  most difficult car Ive driven in these conditions  ,2025-07-07 09:45:00,2025-07-07 09:45:00,2025-07-07 09:45:00,,,,0,0,0,0,0,0,na,na
gdelt_54d5cc9a,zh-cn,衢州灵活就业人员公积金实缴占比全省第一 - 新华网,2025-08-05 14:15:00,2025-08-05 14:15:00,2025-08-05 14:15:00,,,,0,0,0,0,0,0,na,na
gdelt_550acf3a,en,Call for stronger safeguards in cosmetic treatments law,2025-11-23 21:45:00,2025-11-23 21:45:00,2025-11-23 21:45:00,,,,0,0,0,0,0,0,na,na
gdelt_55b3fc8a,zh-cn,美国再在委内瑞拉扣押一艘油轮 委 ： 严重国际海盗行为 – DW – 2025年12月21日,2025-12-22 00:15:00,2025-12-21 00:00:00,2025-12-21 00:00:00,2025-12-21 00:00:00,day,2025年12月21日,1,1,1,1,1,1,tie,tie
gdelt_55eceab1,de,Best Restaurants in NYC,2025-06-03 14:30:00,2025-06-03 14:30:00,2025-06-03 14:30:00,,,,0,0,0,0,0,0,na,na
gdelt_55fccf6c,no,Trump says not planning US strikes on Venezuela,2025-11-01 11:00:00,2025-11-01 11:00:00,2025-10-29 00:00:00,,,,0,0,0,0,0,0,na,na
gdelt_55ffcd9f,de,Weltpremiere : Mexikaner bestimmen die Richter des Landes – DW – 02 . 06 . 2025,2025-06-02 19:15:00,2025-06-02 19:15:00,2025-06-02 00:00:00,2025-01-01 00:00:00,year,2025,1,1,1,1,1,1,tie,tie
gdelt_5641f47e,es,30 años de paz : Guatemala sigue en conflicto con el pasado – DW – 16 / 12 / 2025,2025-12-17 01:15:00,2025-12-17 01:15:00,2025-12-16 00:00:00,2025-01-01 00:00:00,year,16 / 12 / 2025,1,1,1,1,1,1,tie,tie
gdelt_565e3493,en,Treason trial begins for South Sudan VP Machar as  unity government  breaks | Politics News,2025-09-22 19:15:00,2025-09-22 19:15:00,2025-09-22 19:15:00,,,,0,0,0,0,0,0,na,na
gdelt_567a5dba,en,"Taipei knife attack : Suspect began planning assault as early as April 2024 , police say",2025-12-22 17:30:00,2024-04-22 00:00:00,2024-04-01 00:00:00,2024-04-01 00:00:00,month,April 2024,1,1,1,1,1,1,tie,tie
gdelt_56f75417,tr,Yerleşimcilerin Filistinlileri Batı Şeriadan kovma planları,2025-08-12 11:30:00,2025-08-12 11:30:00,2025-08-12 11:30:00,,,,0,0,0,0,0,0,na,na
gdelt_570e9db9,en,Prosecutors to seek death penalty for alleged Charlie Kirk shooter,2025-09-17 07:00:00,2025-09-17 07:00:00,2025-09-17 07:00:00,,,,0,0,0,0,0,0,na,na
gdelt_5720d7f9,en,South Korea fires warning shots as North Korean ship crosses sea boundary | Border Disputes News,2025-09-26 14:00:00,2025-09-26 14:00:00,2025-09-26 14:00:00,,,,0,0,0,0,0,0,na,na
gdelt_5769ca12,en,"Three people , including officers , killed in explosion in Russia Moscow | Russia - Ukraine war News",2025-12-24 16:30:00,2025-12-24 16:30:00,2025-12-24 16:30:00,,,,0,0,0,0,0,0,na,na
gdelt_579abee3,zh-cn,第三届中国铁路文化收藏博览会在京开幕 - 新华网,2025-09-28 12:00:00,2025-09-28 12:00:00,2025-09-28 12:00:00,,,,0,0,0,0,0,0,na,na
gdelt_57afce3b,sw,"Mzozo kati ya Israel na Palestina : Kwanini mji wa Jerusalem ni mji mtakatifu kwa Waislamu , Wakristo na Wayahudi",2025-11-12 07:00:00,2025-11-12 07:00:00,2025-11-12 07:00:00,,,,0,0,0,0,0,0,na,na
gdelt_583c4b18,ko,GDP 3경원 육박 ... 글로벌 관점에서 바라본 2025년 中 경제 성과 - Xinhua,2026-02-09 16:00:00,2026-02-09 16:00:00,2026-02-09 16:00:00,,,,0,0,0,0,0,0,na,na
gdelt_584b55bf,en,Daughter of taxi driver Masrob Ali killed in Bolton crash  in shock  ,2026-01-12 23:15:00,2026-01-12 23:15:00,2026-01-12 23:15:00,,,,0,0,0,0,0,0,na,na
gdelt_586fdb70,fa,صدها گروه‌ بشردوستانه از اسرائیل خواستند از « کمک‌ها به عنوان نوعی سلاح » در غزه استفاده نکند,2025-08-14 14:45:00,2025-08-14 14:45:00,2025-08-14 14:45:00,,,,0,0,0,0,0,0,na,na
gdelt_5870ba1d,en,Israeli settlers torch homes and vehicles in Palestinian West Bank villages,2025-11-18 05:15:00,2025-11-18 05:15:00,2025-11-18 05:15:00,,,,0,0,0,0,0,0,na,na
gdelt_58fe98f4,en,Turkish  threat  talked up in Israel as Netanyahu focuses on new alliances | Politics News,2026-02-24 04:00:00,2026-02-24 04:00:00,2026-02-24 04:00:00,,,,0,0,0,0,0,0,na,na
gdelt_590174f1,en,Reform united kingdom hopefuls vie to share spotlight with Farage,2025-09-07 11:00:00,2025-09-07 11:00:00,2025-09-07 11:00:00,,,,0,0,0,0,0,0,na,na
gdelt_59399eb5,pl,Jak zapobiegać demencji . Rady ekspertów – DW – 21 . 09 . 2025,2025-09-21 19:30:00,2025-09-21 19:30:00,2025-09-21 00:00:00,2025-01-01 00:00:00,year,2025,1,1,1,1,1,1,tie,tie
gdelt_5963613f,sw,Kwa nini kuenea kwa magonjwa kutoka kwa wanyama kwenda kwa binadamu kunakuwa rahisi zaidi na hatari zaidi,2026-01-06 19:00:00,2026-01-06 19:00:00,2026-01-06 19:00:00,,,,0,0,0,0,0,0,na,na
gdelt_59ea78ac,zh-cn,赴美学生签总量下降 ， 印度骤减近一半 – DW – 2025年10月8日,2025-10-08 16:15:00,2025-10-08 00:00:00,2025-10-08 00:00:00,2025-10-08 00:00:00,day,2025年10月8日,1,1,1,1,1,1,tie,tie
gdelt_5a1a2597,en,Australian PM announces intelligence review as country mourns Bondi attack,2025-12-21 14:30:00,2025-12-21 14:30:00,2025-12-21 14:30:00,,,,0,0,0,0,0,0,na,na
gdelt_5a341a17,ko,广播剧 《 三毛之父  张乐平 》 上线 - 新华网,2025-09-05 19:00:00,2025-09-05 19:00:00,2025-09-05 19:00:00,,,,0,0,0,0,0,0,na,na
gdelt_5a398ef6,en,Why FIFA 2026 World Cup draw is at the heart of a Kennedy Center controversy,2025-11-26 00:15:00,2026-11-26 00:00:00,2026-01-01 00:00:00,2026-01-01 00:00:00,year,2026,1,1,1,1,1,1,tie,tie
gdelt_5a39bd06,en,Trump backs arrest of California governor suing over Guard deployment to LA protests,2025-06-10 05:45:00,2025-06-10 05:45:00,2025-06-10 05:45:00,,,,0,0,0,0,0,0,na,na
gdelt_5a9b029e,en,Photographer to recreate childhood River Spey trip in dad canoe,2025-07-06 18:30:00,2025-07-06 18:30:00,2025-07-06 18:30:00,,,,0,0,0,0,0,0,na,na
gdelt_5aadbae1,en,Trump welcomes Venezuela Maria Corina Machado in closed - door meeting | Donald Trump News,2026-01-16 10:30:00,2026-01-16 10:30:00,2026-01-16 10:30:00,,,,0,0,0,0,0,0,na,na
gdelt_5b12b45e,ru,Еврокомиссия утвердила кредит Украине на 90 млрд евро,2026-01-14 23:00:00,2026-01-14 23:00:00,2026-01-14 23:00:00,,,,0,0,0,0,0,0,na,na
gdelt_5b26ea1c,en,"Detained migrants deprived of medicines , report says",2025-07-08 14:30:00,2025-07-08 14:30:00,2025-07-08 14:30:00,,,,0,0,0,0,0,0,na,na
gdelt_5b2d6e05,pl,Media publiczne pod presją . Reporterzy Bez Granic ostrzegają – DW – 21 . 07 . 2025,2025-07-22 00:30:00,2025-07-22 00:30:00,2025-07-21 00:00:00,2025-01-01 00:00:00,year,2025,1,1,1,1,1,1,tie,tie
gdelt_5b3ba617,ro,Berlinale faces difficult balancing act in Gaza debate,2026-02-24 01:00:00,2026-02-24 01:00:00,2026-02-24 01:00:00,,,,0,0,0,0,0,0,na,na
gdelt_5b46ed95,pt,Israel e Irã atacam infraestrutura - chave no Oriente Médio,2026-03-08 19:15:00,2026-03-08 19:15:00,2026-03-08 19:15:00,,,,0,0,0,0,0,0,na,na
gdelt_5b6b0a71,en,"The Open 2025 live updates : Round 3 latest including tee times , predictions , how to watch",2025-07-19 15:30:00,2025-07-19 15:30:00,2025-01-01 00:00:00,2025-01-01 00:00:00,year,2025,1,1,1,1,1,1,tie,tie
gdelt_5bc94648,uk,Зеленський відповів Трампу і назвав умови для виборів – DW – 09 . 12 . 2025,2025-12-10 04:30:00,2025-12-10 04:30:00,2025-12-09 00:00:00,2025-01-01 00:00:00,year,2025,1,1,1,1,1,1,tie,tie
gdelt_5c484a7c,ko,中 지난해 가전제품 · 통신기기 소매판매액 모두 210조원 넘어 - Xinhua,2026-01-22 08:30:00,2026-01-22 08:30:00,2026-01-22 08:30:00,,,,0,0,0,0,0,0,na,na
gdelt_5c54542b,en,"Zambia vs Senegal : Preview , time and what to know about di Wafcon Group A game",2025-07-09 20:45:00,2025-07-09 20:45:00,2025-07-09 20:45:00,,,,0,0,0,0,0,0,na,na
gdelt_5c550a66,ko,海南上半年推广新能源汽车5 . 97万辆 - 新华网,2025-08-03 11:00:00,2025-08-03 11:00:00,2025-01-01 00:00:00,2025-01-01 00:00:00,month,上半年,1,1,0,1,0,1,v2_better,v2_better
gdelt_5c7a4cbd,en,Global wine production recovers slightly after terrible 2024 – DW – 11 / 12 / 2025,2025-11-12 18:15:00,2024-11-12 00:00:00,2025-11-12 00:00:00,2024-01-01 00:00:00,year,2024,1,1,1,0,1,0,v1_better,v1_better
gdelt_5cde261e,en,"All living hostages return to Israel , Trump to give speech – DW – 10 / 13 / 2025",2025-10-13 18:00:00,2025-10-13 00:00:00,2025-10-13 00:00:00,2025-01-01 00:00:00,year,10 / 13 / 2025,1,1,1,1,1,1,tie,tie
gdelt_5d0a1795,en,"Louvre heist : Suspectes arrested over theft of jewels , prosecutor says",2025-10-26 19:00:00,2025-10-26 19:00:00,2025-10-26 19:00:00,,,,0,0,0,0,0,0,na,na
gdelt_5d23c667,en,What in Our Queue ?  Goal for One  and More - The New York Times,2025-10-23 04:00:00,2025-10-23 04:00:00,2025-10-23 04:00:00,,,,0,0,0,0,0,0,na,na
gdelt_5d2f9fd0,en,Singapore production of vegetables and seafood fell in 2024,2025-06-05 19:30:00,2024-06-05 00:00:00,2024-01-01 00:00:00,2024-01-01 00:00:00,year,in 2024,1,1,1,1,1,1,tie,tie
gdelt_5d957872,en,"Steve Kerr expresses gratitude for Steph Curry , highly successful journey with Warriors",2025-12-21 20:00:00,2025-12-21 20:00:00,2025-12-21 20:00:00,,,,0,0,0,0,0,0,na,na
gdelt_5da78e89,uk,До Вашингтона прибула делегація України – DW – 03 . 06 . 2025,2025-06-03 17:45:00,2025-06-03 17:45:00,2025-06-03 00:00:00,2025-01-01 00:00:00,year,2025,1,1,1,1,1,1,tie,tie
gdelt_5dbd4d75,en,Coroner rules Labour politician Hefin David took his own life,2026-01-20 00:15:00,2026-01-20 00:15:00,2026-01-20 00:15:00,,,,0,0,0,0,0,0,na,na
gdelt_5e28571f,en,"Europe tops global arms imports , SIPRI reports",2026-03-09 19:30:00,2026-03-09 19:30:00,2026-03-09 19:30:00,,,,0,0,0,0,0,0,na,na
gdelt_5e475fc5,tr,Myanmar – DW,2025-12-29 05:30:00,2025-12-29 05:30:00,2025-12-29 05:30:00,,,,0,0,0,0,0,0,na,na
gdelt_5e807c56,en,Meta flirty AI chatbot lured a retiree to New York . He never made it home,2025-08-15 15:45:00,2025-08-15 15:45:00,2025-08-15 15:45:00,,,,0,0,0,0,0,0,na,na
gdelt_5ecd68bb,en,Cornwall gardens turn storm - felled tree into pouncing fox sculpture,2025-09-15 20:00:00,2025-09-15 20:00:00,2025-09-15 20:00:00,,,,0,0,0,0,0,0,na,na
gdelt_5ed150d6,zh-cn,综述｜瑞士各界批评美国关税政策  荒谬  危险 - 新华网,2025-08-05 11:00:00,2025-08-05 11:00:00,2025-08-05 11:00:00,,,,0,0,0,0,0,0,na,na
gdelt_5f4f6e1d,en,"Buc - ee , BBQ and Broadway : How the parents of Vanderbilt Australian punter are living their best life",2025-09-14 00:30:00,2025-09-14 00:30:00,2025-09-14 00:30:00,,,,0,0,0,0,0,0,na,na
gdelt_602c0760,en,Palestinian students strike as Israel bans access to West Bank teachers,2026-01-14 21:00:00,2026-01-14 21:00:00,2026-01-14 21:00:00,,,,0,0,0,0,0,0,na,na
gdelt_60616be5,uk,Брюссель перегляне візові директиви для росіян – DW – 15 . 09 . 2025,2025-09-16 07:30:00,2025-09-16 07:30:00,2025-09-15 00:00:00,2025-01-01 00:00:00,year,2025,1,1,1,1,1,1,tie,tie
gdelt_60c3d4b0,en,Tan See Leng on threshold for Silver Support scheme,2026-01-13 13:45:00,2026-01-13 13:45:00,2026-01-13 13:45:00,,,,0,0,0,0,0,0,na,na
gdelt_60fb9e5e,so,Trump oo dalalka Yurub ku tilmaamay  kuwo daxaleystay  iyo hoggaamiyeyaal  daciif ah  ,2025-12-10 11:00:00,2025-12-10 11:00:00,2025-12-10 11:00:00,,,,0,0,0,0,0,0,na,na
gdelt_6105c77d,en,Will killings by immigration agents cause another US government shutdown ? | Donald Trump News,2026-01-30 01:15:00,2026-01-30 01:15:00,2026-01-30 01:15:00,,,,0,0,0,0,0,0,na,na
gdelt_610fa904,en,Trump live news : US president says  framework  reached for Greenland deal | Donald Trump News,2026-01-22 06:15:00,2026-01-22 06:15:00,2026-01-22 06:15:00,,,,0,0,0,0,0,0,na,na
gdelt_61795038,ko,浙派名师千里赴滇送教 _ 新华网,2025-09-28 18:30:00,2025-09-28 18:30:00,2025-09-28 18:30:00,,,,0,0,0,0,0,0,na,na
gdelt_61aad280,es,UE no descarta contramedidas a los aranceles de Trump – DW – 13 / 07 / 2025,2025-07-13 09:45:00,2025-07-13 09:45:00,2025-07-13 00:00:00,2025-01-01 00:00:00,year,13 / 07 / 2025,1,1,1,1,1,1,tie,tie
gdelt_61acf105,en,"College football bowl game weekly guide : Michigan , Texas , cereal and mayonnaise",2025-12-29 21:30:00,2025-12-29 21:30:00,2025-12-29 21:30:00,,,,0,0,0,0,0,0,na,na
gdelt_61c6f31d,fr,Xi Jinping visite un parc dinnovation en technologies de linformation à Beijing - Xinhua,2026-02-09 14:00:00,2026-02-09 14:00:00,2026-02-09 14:00:00,,,,0,0,0,0,0,0,na,na
gdelt_61e1d7d4,en,"Iran war live : Tehran vows to use powerful missiles , rejects Trump talks | US - Israel war on Iran News",2026-03-10 16:00:00,2026-03-10 16:00:00,2026-03-10 16:00:00,,,,0,0,0,0,0,0,na,na
gdelt_61efb896,bn,"খবর , সর্বশেষ খবর , ব্রেকিং নিউজ | News , latest news , breaking news",2025-11-24 23:15:00,2025-11-24 23:15:00,2025-11-24 23:15:00,,,,0,0,0,0,0,0,na,na
gdelt_6254d5ed,zh-cn,骑好  小电驴 ， 这些规则您都清楚吗 ？ - 新华网,2025-12-08 12:30:00,2025-12-08 12:30:00,2025-12-08 12:30:00,,,,0,0,0,0,0,0,na,na
gdelt_62902537,en,Nurse struck off for sexually assaulting colleague at work,2025-09-03 02:00:00,2025-09-03 02:00:00,2025-09-03 02:00:00,,,,0,0,0,0,0,0,na,na
gdelt_62a58887,en,Some alternative therapies owners are using for their pets,2025-07-03 12:30:00,2025-07-03 12:30:00,2025-07-03 12:30:00,,,,0,0,0,0,0,0,na,na
gdelt_62e09654,en,EU freezes US trade deal over tariffs uncertainty,2026-02-24 01:00:00,2026-02-24 01:00:00,2026-02-24 01:00:00,,,,0,0,0,0,0,0,na,na
gdelt_6333fe2e,en,Palestinians  squeezed  as Israel moves beyond  yellow line  in Gaza City | Israel - Palestine conflict News,2025-11-21 05:15:00,2025-11-21 05:15:00,2025-11-21 05:15:00,,,,0,0,0,0,0,0,na,na
gdelt_633b7c8b,es,"Retorno de Taiwan a China es resultado de victoria en Segunda Guerra Mundial y parte de orden internacional de posguerra , dice cancillería china",2025-08-19 10:30:00,2025-08-19 10:30:00,2025-08-01 00:00:00,,,,0,0,0,0,0,0,na,na
gdelt_6351f7b1,en,Over 95 % of migrant workers polled satisfied with working and living in Singapore : MOM,2025-08-22 01:00:00,2025-08-22 01:00:00,2025-08-22 01:00:00,,,,0,0,0,0,0,0,na,na
gdelt_6390588d,es,Australia y UE finalizan acuerdo de libre comercio | Spanish . xinhuanet . com,2026-03-24 13:45:00,2026-03-24 13:45:00,2026-03-24 13:45:00,,,,0,0,0,0,0,0,na,na
gdelt_63b2cefc,en,"Grab driver moved off while 75 - year - old passenger was boarding vehicle , causing knee fracture",2026-02-16 12:45:00,2026-02-16 12:45:00,2026-02-01 00:00:00,,,,0,0,0,0,0,0,na,na
gdelt_63cf827e,en,Commentary : Nurul Izzah deserves better than being in her father Anwar shadow,2025-07-09 06:30:00,2025-07-09 06:30:00,2025-07-09 06:30:00,,,,0,0,0,0,0,0,na,na
gdelt_63f13e1a,en,Deadly protests and clashes in Syria – what happened and what next ? | Protests News,2025-12-30 01:15:00,2025-12-30 01:15:00,2025-12-30 01:15:00,,,,0,0,0,0,0,0,na,na
gdelt_63f33167,es,India inspecciona interruptores de combustible de Boeing – DW – 15 / 07 / 2025,2025-07-15 17:45:00,2025-07-15 17:45:00,2025-07-15 00:00:00,2025-01-01 00:00:00,year,15 / 07 / 2025,1,1,1,1,1,1,tie,tie
gdelt_64ab2952,zh-cn,新华全媒头条|  广货  何以行天下 ？ 解码从  中国制造  向  中国创造  转型的广东样本 - 新华网,2026-02-02 14:15:00,2026-02-02 14:15:00,2026-02-02 14:15:00,,,,0,0,0,0,0,0,na,na
gdelt_64b28271,zh-cn,超1100万张彩云券拉动消费逾145亿元 _ 新华网,2026-01-26 11:30:00,2026-01-26 11:30:00,2026-01-26 11:30:00,,,,0,0,0,0,0,0,na,na
gdelt_64e1425e,ko,未上市先评级 ESG重塑企业市值管理逻辑 - 新华网,2025-11-17 10:30:00,2025-11-17 10:30:00,2025-11-17 10:30:00,,,,0,0,0,0,0,0,na,na
gdelt_655f7f5a,en,"Boroughbridge grandmother grows 4 , 000 trees in her back garden",2025-08-04 16:00:00,2025-08-04 16:00:00,2025-08-04 16:00:00,,,,0,0,0,0,0,0,na,na
gdelt_65aadc0d,uk,Детонація боєприпасів на Київщині : пошкоджено залізницю – DW – 14 . 09 . 2025,2025-09-14 19:15:00,2025-09-14 19:15:00,2025-09-14 00:00:00,2025-01-01 00:00:00,year,2025,1,1,1,1,1,1,tie,tie
gdelt_6702ffb4,ur,پُرتشدد مظاہرے ، قتل کے واقعات اور الزامات : بنگلہ دیش اور انڈیا کے تعلقات میں  تاریخی بحران  شدید تر کیوں ہوتا جا رہا ہے ؟ ,2025-12-24 17:15:00,2025-12-24 17:15:00,2025-12-24 17:15:00,,,,0,0,0,0,0,0,na,na
gdelt_6717939d,en,US : Trump hosts Syria new ruler in dramatic turnaround – DW – 11 / 10 / 2025,2025-11-11 04:00:00,2025-11-11 04:00:00,2025-11-10 00:00:00,2025-01-01 00:00:00,year,11 / 10 / 2025,1,1,1,1,1,1,tie,tie
gdelt_674a6c6c,es,Transacciones en línea de China aumentan durante vacaciones por Fiesta de la Primavera,2026-02-25 10:15:00,2026-02-25 10:15:00,2026-02-25 10:15:00,,,,0,0,0,0,0,0,na,na
gdelt_67610dc0,ko,전통 춤에서 스트리트댄스까지 ... 中에서 펼쳐진 로봇  춤 대결 - Xinhua,2025-08-05 14:15:00,2025-08-05 14:15:00,2025-08-05 14:15:00,,,,0,0,0,0,0,0,na,na
gdelt_67b49f70,en,Singapore raises building height limits near airports following review,2025-08-05 14:00:00,2025-08-05 14:00:00,2025-08-05 14:00:00,,,,0,0,0,0,0,0,na,na
gdelt_67ea84d5,en,"Netanyahu , Trump discuss forced transfer of Palestinians out of Gaza",2025-07-08 18:45:00,2025-07-08 18:45:00,2025-07-08 18:45:00,,,,0,0,0,0,0,0,na,na
gdelt_682f8035,en,Eight killed in explosion near Red Fort in India Delhi,2025-11-11 15:45:00,2025-11-11 15:45:00,2025-11-11 15:45:00,,,,0,0,0,0,0,0,na,na
gdelt_686a7df9,sw,Mahakama Kuu Tanzania yatupilia mbali mapingamizi ya Lissu – DW – 22 . 09 . 2025,2025-09-22 23:00:00,2025-09-22 00:00:00,2025-09-22 00:00:00,2025-01-01 00:00:00,year,2025,1,1,1,1,1,1,tie,tie
gdelt_68862675,en,The development plan for Blackhawks prospect Anton Frondell upcoming season in Sweden,2025-09-12 22:00:00,2025-09-12 22:00:00,2025-09-12 22:00:00,,,,0,0,0,0,0,0,na,na
gdelt_68a8d7d5,ko,福州 ： 垃圾综合治理助力城市绿色发展 - 新华网,2025-09-14 19:45:00,2025-09-14 19:45:00,2025-09-14 19:45:00,,,,0,0,0,0,0,0,na,na
gdelt_68bf392f,en,Russia hits main Ukrainian government building for first time - follow live,2025-09-07 16:15:00,2025-09-07 16:15:00,2025-09-07 16:15:00,,,,0,0,0,0,0,0,na,na
gdelt_68f50560,en,Beverage container return points to be set up within 5 - minute walk of most HDB residents,2026-02-06 13:45:00,2026-05-06 00:00:00,2026-05-01 00:00:00,,,,0,0,0,0,0,0,na,na
gdelt_68fdb073,en,Bluetongue : Disease has serious consequences for farmers,2025-12-01 20:00:00,2025-12-01 20:00:00,2025-12-01 20:00:00,,,,0,0,0,0,0,0,na,na
gdelt_6930d3de,en,Keir Starmer orders investigation into MI5 over false evidence,2025-09-16 20:30:00,2025-09-16 20:30:00,2025-09-16 20:30:00,,,,0,0,0,0,0,0,na,na
gdelt_695c2b5c,en,Eagles - Bills takeaways : Defense carries Philadelphia past Josh Allen in thriller,2025-12-29 10:15:00,2025-12-29 10:15:00,2025-12-29 10:15:00,,,,0,0,0,0,0,0,na,na
gdelt_69652dc2,en,China sends coast guard to disputed islands amid rising tensions with Japan,2025-11-16 22:00:00,2025-11-16 22:00:00,2025-11-16 22:00:00,,,,0,0,0,0,0,0,na,na
gdelt_6977bce3,en,LIVE : Israel troops launch new ground invasion over Gaza  yellow line  | Israel - Palestine conflict News,2025-11-22 05:15:00,2025-11-22 05:15:00,2025-11-22 05:15:00,,,,0,0,0,0,0,0,na,na
gdelt_698789d4,en,  Enormous pain in my heart : Palestinian evictions mount in East Jerusalem | Israel - Palestine conflict News,2026-01-18 16:00:00,2026-01-18 16:00:00,2026-01-18 16:00:00,,,,0,0,0,0,0,0,na,na
gdelt_69965b8c,en,Australian telco giant Optus slapped with US$66 million fine over  appalling  conduct,2025-09-24 20:00:00,2025-09-24 20:00:00,2025-09-24 20:00:00,,,,0,0,0,0,0,0,na,na
gdelt_6a06cd62,ko,"  시원한 물총싸움 어때 ? 中 산둥성 , 다양한 콘텐츠로 여름철 관광객 사로잡아 - Xinhua",2025-09-07 15:45:00,2025-09-07 15:45:00,2025-09-07 15:45:00,,,,0,0,0,0,0,0,na,na
gdelt_6a079432,en,"UK tightens student visa rules to curb abuse , critics warn genuine students affected",2025-12-24 12:30:00,2025-12-24 12:30:00,2025-12-24 12:30:00,,,,0,0,0,0,0,0,na,na
gdelt_6a0b8f4b,en,Commentary : Hollywood has lost the plot on telling stories,2025-08-03 06:45:00,2025-08-03 06:45:00,2025-08-03 06:45:00,,,,0,0,0,0,0,0,na,na
gdelt_6a16e710,en,BBC  determined to fight  Trump lawsuit over Panorama documentary | Donald Trump News,2025-11-18 00:15:00,2025-11-18 00:15:00,2025-11-18 00:15:00,,,,0,0,0,0,0,0,na,na
gdelt_6a41368f,zh-cn,中共四中全会 ： 习式反腐12年后为何高层官员  越反越腐 ？ - BBC News 中文,2025-10-21 12:30:00,2025-10-21 12:30:00,2025-10-21 12:30:00,,,,0,0,0,0,0,0,na,na
gdelt_6a5b507a,tr,Güney Kıbrıstan Türkiye - AB ilişkileri için şartlı destek – DW – 12 . 11 . 2025,2025-11-13 02:30:00,2025-11-13 02:30:00,2025-11-12 00:00:00,2025-01-01 00:00:00,year,2025,1,1,1,1,1,1,tie,tie
gdelt_6a6777df,en,"Collin Murray - Boyle first NBA road trip : Overpacking , an illness and a nap value",2025-11-17 19:30:00,2025-11-17 19:30:00,2025-11-17 19:30:00,,,,0,0,0,0,0,0,na,na
gdelt_6b499316,en,"Demand for home hospice services rising faster than manpower , say providers",2025-08-15 18:00:00,2025-08-15 18:00:00,2025-08-15 18:00:00,,,,0,0,0,0,0,0,na,na
gdelt_6bd2e033,zh-cn,云南省2026年上半年中小学教师资格考试1月9日起报名 _ 新华网,2025-12-30 10:15:00,2025-12-30 10:15:00,2026-01-09 00:00:00,2026-01-09 00:00:00,day,1月9日,1,1,0,1,0,1,v2_better,v2_better
gdelt_6c2fb0bd,en,EU - China relations hit rock bottom before Beijing summit – DW – 07 / 15 / 2025,2025-07-22 15:45:00,2025-07-15 00:00:00,2025-07-15 00:00:00,2025-01-01 00:00:00,year,07 / 15 / 2025,1,1,1,1,1,1,tie,tie
gdelt_6c7152ac,en,"Atletico Madrid 5 Tottenham 2 – A brutal substitution , calamitous defending , what now for Spurs ? ",2026-03-11 07:45:00,2026-03-11 07:45:00,2026-03-11 07:45:00,,,,0,0,0,0,0,0,na,na
gdelt_6c813027,uk,"Прапор Росії чи Словенії ? Скандал з Гороховським і Monobank , що збурив соцмережі",2026-03-12 04:30:00,2026-03-12 04:30:00,2026-03-12 04:30:00,,,,0,0,0,0,0,0,na,na
gdelt_6d62fb4a,es,Enfoque en China : Provincia china de Hebei restablece electricidad y carreteras tras fuertes lluvias,2025-08-03 10:30:00,2025-08-03 10:30:00,2025-08-03 10:30:00,,,,0,0,0,0,0,0,na,na
gdelt_6e01399a,fa,ترامپ : مدل پیشنهادی تحریم‌های شدید علیه روسیه شاید شامل ایران هم بشود,2025-11-17 18:30:00,2025-11-17 18:30:00,2025-11-17 18:30:00,,,,0,0,0,0,0,0,na,na
gdelt_6e6729c4,en,Tan Kiat How on mobile coverage gaps on MRT network,2026-03-06 11:15:00,2026-03-06 11:15:00,2026-03-06 11:15:00,,,,0,0,0,0,0,0,na,na
gdelt_6e7512bb,en,Tunisia : Amnesty flags  horrific  abuses against migrants – DW – 11 / 06 / 2025,2025-11-06 22:30:00,2025-11-06 00:00:00,2025-11-06 00:00:00,2025-01-01 00:00:00,year,11 / 06 / 2025,1,1,1,1,1,1,tie,tie
gdelt_6e779324,id,Nasib Kuda Delman dan Harapan RUU Kesejahteraan Hewan – DW – 31 . 10 . 2025,2025-10-31 14:00:00,2025-10-31 14:00:00,2025-10-31 00:00:00,2025-01-01 00:00:00,year,2025,1,1,1,1,1,1,tie,tie
gdelt_6eedb61e,en,Jamie Forbes : Inquiry into tortured Aberdeen man flat fall death is delayed,2026-01-12 21:00:00,2026-01-12 21:00:00,2026-01-12 21:00:00,,,,0,0,0,0,0,0,na,na
gdelt_6f12e48b,en,"LIVE : Israel yet to reply to Gaza ceasefire ; almost 19 , 000 children killed | Israel - Palestine conflict News",2025-08-20 14:00:00,2025-08-20 14:00:00,2025-08-20 14:00:00,,,,0,0,0,0,0,0,na,na
gdelt_6f1589b0,en,"Sudan food aid at risk of running dry , UN warns",2026-01-17 01:15:00,2026-01-17 01:15:00,2026-01-17 01:15:00,,,,0,0,0,0,0,0,na,na
gdelt_6f1ca4a7,en,The Mel Brooks Questionnaire : Rob Reiner,2025-09-16 02:15:00,2025-09-16 02:15:00,2025-09-16 02:15:00,,,,0,0,0,0,0,0,na,na
gdelt_6f649ea4,en,Eni Aluko wins Joey Barton libel case over posts on X,2026-03-10 22:45:00,2026-03-10 22:45:00,2026-03-10 22:45:00,,,,0,0,0,0,0,0,na,na
gdelt_6ffb9f6e,en,"The New York Times News Quiz , Feb . 6 , 2026",2026-02-07 20:15:00,2026-06-07 00:00:00,2026-02-01 00:00:00,2026-01-01 00:00:00,year,"6 , 2026",1,1,1,1,1,1,tie,tie
gdelt_700754e1,sw,WHO : Serikali zapaswa kutanua tiba mpya za VVU – DW – 01 . 12 . 2025,2025-12-01 21:00:00,2025-12-01 00:00:00,2025-12-01 00:00:00,2025-01-01 00:00:00,year,2025,1,1,1,1,1,1,tie,tie
gdelt_703c2d5f,unknown,ප්‍රධාන පුවත් - BBC News සිංහල,2025-11-24 23:15:00,2025-11-24 23:15:00,2025-11-24 23:15:00,,,,0,0,0,0,0,0,na,na
gdelt_70b5e0cb,en,From Big Four accountant to barbecue pitmaster,2025-10-07 12:15:00,2025-10-07 12:15:00,2025-10-07 12:15:00,,,,0,0,0,0,0,0,na,na
gdelt_70de3128,sw,E3 yajiandaa kwa mazungumzo ya nyuklia na Iran – DW – 20 . 07 . 2025,2025-07-21 02:45:00,2025-07-21 00:00:00,2025-07-20 00:00:00,2025-01-01 00:00:00,year,2025,1,1,1,1,1,1,tie,tie
gdelt_714cff9e,bg,Kой спря ескалатора на Тръмп ? – DW – 25 . 09 . 2025,2025-09-25 23:00:00,2025-09-25 23:00:00,2025-09-25 00:00:00,2025-01-01 00:00:00,year,2025,1,1,1,1,1,1,tie,tie
gdelt_715527e7,en,World Cup 2026 – what were hearing : United States wants to host Copa America 2028,2025-12-01 20:00:00,2025-12-01 20:00:00,2026-01-01 00:00:00,2026-01-01 00:00:00,year,2026,1,1,0,1,0,1,v2_better,v2_better
gdelt_71a97e47,en,US will provide insurance for ships in Gulf amid Iranian attacks : Trump,2026-03-04 04:45:00,2026-03-04 04:45:00,2026-03-04 04:45:00,,,,0,0,0,0,0,0,na,na
gdelt_71b0d721,ko,推动更多科技成果走向生产线 - 新华网,2026-03-27 13:30:00,2026-03-27 13:30:00,2026-03-27 13:30:00,,,,0,0,0,0,0,0,na,na
gdelt_720c4682,en,Allan Thursby appears in court charged with Jay Cartmell death,2026-03-26 23:15:00,2026-03-26 23:15:00,2026-03-26 23:15:00,,,,0,0,0,0,0,0,na,na
gdelt_72119fe7,tr,İranda protestolar : Görgü tanıkları yaşananları BBCye anlattı,2026-01-13 10:30:00,2026-01-13 10:30:00,2026-01-13 10:30:00,,,,0,0,0,0,0,0,na,na
gdelt_722710fc,en,Tributes after record - breaking football boss Roly Howard dies,2025-11-24 04:00:00,2025-11-24 04:00:00,2025-11-24 04:00:00,,,,0,0,0,0,0,0,na,na
gdelt_72ab88e5,en,"Woman dies in knife attack at Yishun block , incident involved a dispute",2025-09-24 11:00:00,2025-09-24 11:00:00,2025-09-24 11:00:00,,,,0,0,0,0,0,0,na,na
gdelt_72e1ffc4,uk,Угорщина оскаржує в суді ЄС заборону імпорту газу з Росії,2026-02-03 05:15:00,2026-02-03 05:15:00,2026-02-03 05:15:00,,,,0,0,0,0,0,0,na,na
gdelt_72e482c2,en,US pursuing third oil tanker near Venezuela reports – DW – 12 / 21 / 2025,2025-12-22 06:15:00,2025-12-22 06:15:00,2025-12-21 00:00:00,2025-01-01 00:00:00,year,12 / 21 / 2025,1,1,1,1,1,1,tie,tie
gdelt_732183a6,zh-cn,为大局服务 、 为人民司法 、 为法治担当 广东检察机关以高质效办案服务高质量发展 - 新华网,2026-01-27 02:45:00,2026-01-27 02:45:00,2026-01-27 02:45:00,,,,0,0,0,0,0,0,na,na
gdelt_737ee542,zh-cn,搬进暖心房屋 过上舒心日子 - 新华网,2025-10-29 10:45:00,2025-10-29 10:45:00,2025-10-29 10:45:00,,,,0,0,0,0,0,0,na,na
gdelt_73aac7fd,en,Demonstrators call for governor resignation after deadly Rio police raid | Crime News,2025-11-01 15:30:00,2025-11-01 15:30:00,2025-11-01 15:30:00,,,,0,0,0,0,0,0,na,na
gdelt_73b0296e,zh-cn,大学新生 ： 如何在入学第一年应对孤独感 ？ - BBC News 中文,2025-11-04 11:15:00,2025-11-04 11:15:00,2025-11-01 00:00:00,,,,0,0,0,0,0,0,na,na
gdelt_73e3f795,pt,Poesia consegue desativar mecanismos de segurança de IA – DW – 21 / 12 / 2025,2025-12-21 20:45:00,2025-12-21 20:45:00,2025-12-21 00:00:00,2025-01-01 00:00:00,year,21 / 12 / 2025,1,1,1,1,1,1,tie,tie
gdelt_7447ac1f,tr,Lufthansa yarın greve gidiyor,2026-02-11 19:15:00,2026-02-11 19:15:00,2026-02-12 19:15:00,,,,0,0,0,0,0,0,na,na
gdelt_747cf19c,en,Tributes paid to Norfolk men who died after going missing on Yr Wyddfa,2026-02-22 22:45:00,2026-02-22 22:45:00,2026-02-01 00:00:00,,,,0,0,0,0,0,0,na,na
gdelt_749ba702,sq,"Merz , ai që e kuptonte Trump - in , sërish një kritik ndaj tij",2026-03-17 06:15:00,2026-03-17 06:15:00,2026-03-17 06:15:00,,,,0,0,0,0,0,0,na,na
gdelt_749def2d,uk,Зеленський : Важлива підтримка Італії в мирних переговорах – DW – 09 . 12 . 2025,2025-12-10 04:30:00,2025-12-10 04:30:00,2025-12-09 00:00:00,2025-01-01 00:00:00,year,2025,1,1,1,1,1,1,tie,tie
gdelt_74bdde2e,zh-cn,降低对中国依赖性 ： 欧澳达成自贸协定 确保原材料供应,2026-03-24 20:00:00,2026-03-24 20:00:00,2026-03-24 20:00:00,,,,0,0,0,0,0,0,na,na
gdelt_74e903b0,zh-cn,长三角  数据合作群  换新  群主  江苏轮值成果沉甸甸 _ 新华网江苏频道,2025-10-20 11:15:00,2025-10-20 11:15:00,2025-10-20 11:15:00,,,,0,0,0,0,0,0,na,na
gdelt_74f15774,zh-cn,三亚交警开展交通安全专题教育活动 - 新华网,2025-07-04 09:00:00,2025-07-04 09:00:00,2025-07-04 09:00:00,,,,0,0,0,0,0,0,na,na
gdelt_753749a2,en,Oldfield Road in Westbury closed to allow for major gas works,2025-11-24 18:15:00,2025-11-24 18:15:00,2025-11-24 18:15:00,,,,0,0,0,0,0,0,na,na
gdelt_755b48b6,en,2026 MLB Franchise Rankings : Dodgers overtake Yankees as No . 1 team of past 25 years,2026-03-12 18:15:00,2026-03-12 00:00:00,2026-01-01 00:00:00,2026-01-01 00:00:00,year,2026,1,1,1,1,1,1,tie,tie
gdelt_7575c9f3,pl,Wojna i zbrojenia : protesty w Niemczech coraz głośniejsze – DW – 28 . 09 . 2025,2025-09-28 16:30:00,2025-09-28 16:30:00,2025-09-28 00:00:00,2025-01-01 00:00:00,year,2025,1,1,1,1,1,1,tie,tie
gdelt_7579f071,ru,Мерц : За дронами над ФРГ может стоять Россия – DW – 05 . 10 . 2025,2025-10-06 07:15:00,2025-10-06 07:15:00,2025-10-05 00:00:00,2025-01-01 00:00:00,year,2025,1,1,1,1,1,1,tie,tie
gdelt_75c423ed,de,China reagiert harsch auf Hegseth - Äußerung – DW – 01 . 06 . 2025,2025-06-01 20:45:00,2025-06-01 20:45:00,2025-06-01 00:00:00,2025-01-01 00:00:00,year,2025,1,1,1,1,1,1,tie,tie
gdelt_7605dd57,ru,Война в Украине : магнитные экстракторы спасают жизни раненых украинских солдат,2025-07-02 13:45:00,2025-07-02 13:45:00,2025-07-02 13:45:00,,,,0,0,0,0,0,0,na,na
gdelt_761e1ce7,en,Myanmar : Rakhine state in dire straits as conflict rages on – DW – 12 / 16 / 2025,2025-12-17 01:30:00,2025-12-17 01:30:00,2025-12-16 00:00:00,2025-01-01 00:00:00,year,12 / 16 / 2025,1,1,1,1,1,1,tie,tie
gdelt_7620f212,en,Zelensky leaves White House unscathed as he buys more time,2025-08-19 11:30:00,2025-08-19 11:30:00,2025-08-19 11:30:00,,,,0,0,0,0,0,0,na,na
gdelt_766cefb4,en,Cuba begins recovery efforts after second grid collapse in a week,2026-03-23 00:30:00,2026-03-16 00:30:00,2026-03-16 00:30:00,,,,0,0,0,0,0,0,na,na
gdelt_766d19ae,cy,Saif al - Islam Gaddafi auawa,2026-02-04 12:15:00,2026-02-04 12:15:00,2026-02-04 12:15:00,,,,0,0,0,0,0,0,na,na
gdelt_7688d0ed,zh-cn,2026年铁路春运火车票开售 - 新华网,2026-01-19 12:00:00,2026-01-19 00:00:00,2026-01-01 00:00:00,2026-01-01 00:00:00,year,2026年,1,1,1,1,1,1,tie,tie
gdelt_76a6df37,en,Iran prosecutor pledges  decisive response  if protests create insecurity | Protests News,2025-12-31 18:15:00,2025-12-31 18:15:00,2025-12-31 18:15:00,,,,0,0,0,0,0,0,na,na
gdelt_76c0061c,en,How to watch 2025 Heisman Trophy Ceremony : Fernando Mendoza favorite among 4 finalists,2025-12-13 20:45:00,2025-12-13 20:45:00,2025-01-01 00:00:00,2025-01-01 00:00:00,year,2025,1,1,1,1,1,1,tie,tie
gdelt_7751188b,en,Man from Sarawak syndicate jailed for harvesting Singapore bank accounts for illegal use,2025-12-12 17:45:00,2025-12-12 17:45:00,2025-12-12 17:45:00,,,,0,0,0,0,0,0,na,na
gdelt_779e57d4,en,Recently recaptured Ecuador drug lord  Fito  accepts US extradition request | Drugs News,2025-07-12 15:45:00,2025-07-12 15:45:00,2025-07-12 15:45:00,,,,0,0,0,0,0,0,na,na
gdelt_77e4ba55,en,"Ukraine says Russian strikes wound 9 , Poland scrambles planes",2025-09-28 13:45:00,2025-09-28 13:45:00,2025-09-28 13:45:00,,,,0,0,0,0,0,0,na,na
gdelt_77f6b4f7,et,"Uganda kupiga kura Alhamisi , Museveni akijiandaa kurejea",2026-01-14 20:00:00,2026-01-14 20:00:00,2026-01-14 20:00:00,,,,0,0,0,0,0,0,na,na
gdelt_77f9672d,en,Israel intercepts Freedom Flotilla Coalition vessels en route to Gaza,2025-10-08 14:30:00,2025-10-08 14:30:00,2025-10-08 14:30:00,,,,0,0,0,0,0,0,na,na
gdelt_782dc2b7,en,Meet married York couple who are star BBC Weather Watchers,2025-11-17 17:15:00,2025-11-17 17:15:00,2025-11-17 17:15:00,,,,0,0,0,0,0,0,na,na
gdelt_784e3b5b,fr,50ème anniversaire de la Marche verte au Maroc – DW – 06 / 11 / 2025,2025-11-06 20:15:00,2025-11-06 20:15:00,2025-11-06 00:00:00,2025-01-01 00:00:00,year,06 / 11 / 2025,1,1,1,1,1,1,tie,tie
gdelt_78eb7d00,en,"LTA investigating technical issues causing inaccurate bus timings on transport apps , bus stop displays",2026-01-21 12:30:00,2026-01-21 12:30:00,2026-01-21 12:30:00,,,,0,0,0,0,0,0,na,na
gdelt_79165783,fa,چرا دعوا بر سر نقشه حوزه‌های انتخاباتی در آمریکا تا این حد بالا گرفته است ؟ ,2025-08-25 17:00:00,2025-08-25 17:00:00,2025-08-25 17:00:00,,,,0,0,0,0,0,0,na,na
gdelt_794198ff,en,Wimbledon 2025 results : Cameron Norrie beats Nicolas Jarry to keep British interest going at All England Club,2025-07-07 03:15:00,2025-07-07 00:00:00,2025-01-01 00:00:00,2025-01-01 00:00:00,year,2025,1,1,1,1,1,1,tie,tie
gdelt_79423618,zh-cn,江苏特高压直流输送功率创新高 _ 新华网江苏频道,2026-03-15 10:00:00,2026-03-15 10:00:00,2026-03-15 10:00:00,,,,0,0,0,0,0,0,na,na
gdelt_79741933,en,Hong Kong stocks lifted by Nvidia rally on mixed day in Asia,2025-07-16 13:30:00,2025-07-16 13:30:00,2025-07-16 13:30:00,,,,0,0,0,0,0,0,na,na
gdelt_79b45afa,zh-cn,2025年服贸会健康卫生服务专题推介会召开 - 新华网,2025-06-09 01:00:00,2025-06-09 00:00:00,2025-01-01 00:00:00,2025-01-01 00:00:00,year,2025年,1,1,1,1,1,1,tie,tie
gdelt_79c89f5a,ur,بشار الاسد کے دور میں سیاسی قیدی بنائی گئی شامی ماؤں کو اپنے بچوں کی تلاش :  ایسی خواتین بھی ہیں جنھوں نے تین یا چار بچے کھوئے  ,2026-01-11 22:30:00,2026-01-11 22:30:00,2026-01-11 22:30:00,,,,0,0,0,0,0,0,na,na
gdelt_7a0645ea,en,  Corruption is a hydra : Ukraine rocked by another high - profile sacking | News,2025-12-02 23:45:00,2025-12-02 23:45:00,2025-12-02 23:45:00,,,,0,0,0,0,0,0,na,na
gdelt_7a68d570,tr,Demirtaş ve Kavala ile ilgili Konsey süreci ne aşamada ? – DW – 05 . 11 . 2025,2025-11-05 18:45:00,2025-11-05 18:45:00,2025-11-05 00:00:00,2025-01-01 00:00:00,year,2025,1,1,1,1,1,1,tie,tie
gdelt_7b1732d1,en,Commentary : Trade wars destroy the planet,2025-12-12 07:00:00,2025-12-12 07:00:00,2025-12-12 07:00:00,,,,0,0,0,0,0,0,na,na
gdelt_7b7312bf,en,Japan ruling LDP preparing for leadership vote to replace Shigeru Ishiba,2025-09-08 22:00:00,2025-09-08 22:00:00,2025-09-08 22:00:00,,,,0,0,0,0,0,0,na,na
gdelt_7b735c55,zh-cn,委内瑞拉 ： 关于马杜罗被捕及美国  接管  该国计划 ， 我们目前已知什么 ？ ,2026-01-04 20:30:00,2026-01-04 20:30:00,2026-01-04 20:30:00,,,,0,0,0,0,0,0,na,na
gdelt_7b92fd4e,sl,"Ko će vladati Venecuelom : Dve žene , dva sveta",2026-01-12 21:15:00,2026-01-12 21:15:00,2026-01-12 21:15:00,,,,0,0,0,0,0,0,na,na
gdelt_7b93a92e,ar,ياسمين ناصر : شيف أردنية تبتكر وصفات تساعد الغزيين على تحضير الطعام في ظل المكونات المحدودة,2025-09-14 16:15:00,2025-09-14 16:15:00,2025-09-14 16:15:00,,,,0,0,0,0,0,0,na,na
gdelt_7b9f7770,hr,Vučićeve  rasklimane  spoljno - političke stolice,2026-03-26 17:30:00,2026-03-26 17:30:00,2026-03-26 17:30:00,,,,0,0,0,0,0,0,na,na
gdelt_7bb4b86c,zh-cn,北京发布暴雨红色预警信号 关闭所有景区 - 新华网,2025-07-29 14:15:00,2025-07-29 14:15:00,2025-07-29 14:15:00,,,,0,0,0,0,0,0,na,na
gdelt_7bd62ed4,en,Sentosa unveils plan to cool key visitor areas by 4°C without air - conditioning,2025-10-27 17:30:00,2025-10-27 17:30:00,2025-10-27 17:30:00,,,,0,0,0,0,0,0,na,na
gdelt_7be872ed,hr,Njemačka i Japan žele se zajedno naoružavati,2026-03-24 20:00:00,2026-03-24 20:00:00,2026-09-01 00:00:00,,,,0,0,0,0,0,0,na,na
gdelt_7c5c9475,zh-cn,书局 、 印局 、 无界 解锁敦煌文化新地标 - 新华网,2025-10-12 21:00:00,2025-10-12 21:00:00,2025-10-12 21:00:00,,,,0,0,0,0,0,0,na,na
gdelt_7c600470,en,Primer ministro canadiense visitará China | Spanish . xinhuanet . com,2026-01-12 21:15:00,2026-01-12 21:15:00,2026-01-12 21:15:00,,,,0,0,0,0,0,0,na,na
gdelt_7c6ce624,zh-cn,60年前开启的这项报道 ， 我们代代接力 - 新华网河南频道,2026-02-08 14:30:00,1966-02-08 14:30:00,2026-02-08 14:30:00,,,,0,0,0,0,0,0,na,na
gdelt_7c740c8b,zh-cn,秸秆变饲草 环保又增收 - 新华网,2025-11-06 14:00:00,2025-11-06 14:00:00,2025-11-06 14:00:00,,,,0,0,0,0,0,0,na,na
gdelt_7cb0ef6a,fa,گزارش‌ها از کشته شدن سیف الاسلام ، پسر معمر قذافی و سرکوب‌گر اعتراضات لیبی,2026-02-04 06:15:00,2026-02-04 06:15:00,2026-02-04 06:15:00,,,,0,0,0,0,0,0,na,na
gdelt_7cd937cb,en,LIVE : Syria army shells SDF positions in Aleppo neighbourhoods | Armed Groups News,2026-01-08 21:00:00,2026-01-08 21:00:00,2026-01-08 21:00:00,,,,0,0,0,0,0,0,na,na
gdelt_7cf28858,es,El Pentágono ordena más misiles para guerra en Medio Oriente,2026-03-26 12:15:00,2026-03-26 12:15:00,2026-03-26 12:15:00,,,,0,0,0,0,0,0,na,na
gdelt_7d167e46,zh-cn,2025年温州S1线客运量突破2100万人次 - 新华网,2026-01-08 19:45:00,0001-01-08 19:45:00,2025-01-01 00:00:00,,,,0,0,0,0,0,0,na,na
gdelt_7d2fa53f,en,"F1 secret Barcelona test and what we learned : An early favorite , and two concerns",2026-01-31 22:45:00,2026-01-31 22:45:00,2026-01-28 00:00:00,,,,0,0,0,0,0,0,na,na
gdelt_7dbcb21a,es,Israel lanza segundo ataque contra Irán,2026-03-01 23:00:00,2026-03-01 23:00:00,2026-03-01 23:00:00,,,,0,0,0,0,0,0,na,na
gdelt_7dc43276,en,Lim Boon Heng retires as NTUC Enterprise chairman at EGM ; says he takes  ultimate responsibility  for failed Income - Allianz deal,2025-10-30 16:15:00,2025-10-30 16:15:00,2025-10-30 16:15:00,,,,0,0,0,0,0,0,na,na
gdelt_7dcd7316,en,Pendeford industrial unit criminal damage sees four arrested,2025-08-26 23:15:00,2025-08-26 23:15:00,2025-08-26 23:15:00,,,,0,0,0,0,0,0,na,na
gdelt_7de6f1c7,hi,कैसी है भारत की पहली स्वदेशी सेमीकंडक्टर चिप  विक्रम  – DW – 02 . 09 . 2025,2025-09-02 21:30:00,2025-09-02 21:30:00,2025-09-02 00:00:00,2025-01-01 00:00:00,year,2025,1,1,1,1,1,1,tie,tie
gdelt_7de8e53a,en,How Labubu seller Pop Mart seized a cultural moment to make billions,2025-09-24 13:30:00,2025-09-24 13:30:00,2025-09-24 13:30:00,,,,0,0,0,0,0,0,na,na
gdelt_7e1187f4,en,"Woman charged with spitting water while on a train , remanded at IMH",2026-01-28 10:45:00,2026-01-28 10:45:00,2026-01-28 10:45:00,,,,0,0,0,0,0,0,na,na
gdelt_7e38187d,es,"China está dispuesta a hacer nuevas contribuciones a gobernanza marítima global , dice canciller chino",2026-03-26 08:45:00,2026-03-26 08:45:00,2026-03-01 00:00:00,,,,0,0,0,0,0,0,na,na
gdelt_7e4d8e08,en,Cyber attack shuts Nuneaton school for a few days,2026-01-06 17:30:00,2026-01-06 17:30:00,2026-01-06 17:30:00,,,,0,0,0,0,0,0,na,na
gdelt_7ea7dff9,es,"México busca plan para avanzar en soberanía en gas natural y dejar de depender de EEUU , dice Sheinbaum",2025-08-19 10:30:00,2025-08-19 10:30:00,2025-08-19 10:30:00,,,,0,0,0,0,0,0,na,na
gdelt_7ebe0adc,en,Syria fighting live : Government says four - day ceasefire with SDF reached | ISIL / ISIS News,2026-01-21 06:00:00,2026-01-21 06:00:00,2026-01-21 06:00:00,,,,0,0,0,0,0,0,na,na
gdelt_7f086b96,en,Jayden Daniel mother after latest injury to Commanders QB :  Stop manifesting RGIII on my son  ,2025-10-21 01:15:00,2025-10-21 01:15:00,2025-10-21 01:15:00,,,,0,0,0,0,0,0,na,na
gdelt_7f13506e,en,Trump calls on Fed board to take control from Powell over interest rates,2025-08-02 04:00:00,2025-08-02 04:00:00,2025-08-02 04:00:00,,,,0,0,0,0,0,0,na,na
gdelt_7faa6191,fr,Chine : lorgane législatif national conclut une session de son comité permanent - Xinhua,2025-12-28 14:30:00,2025-12-28 14:30:00,2025-12-28 14:30:00,,,,0,0,0,0,0,0,na,na
gdelt_8026532e,tl,RSAF aerial display at Singapore 2025 National Day Parade,2025-08-11 10:45:00,2025-08-11 10:45:00,2025-01-01 00:00:00,2025-01-01 00:00:00,year,2025,1,1,1,1,1,1,tie,tie
gdelt_802d232e,ur,  گوریلا جنگ کا وسیع تجربہ  رکھنے والے افغان طالبان کے پاس کون سے ہتھیار ہیں اور کیا وہ پاکستان کے خلاف روایتی جنگ کے متحمل ہو سکتے ہیں ؟ ,2026-02-23 21:15:00,2026-02-23 21:15:00,2026-02-23 21:15:00,,,,0,0,0,0,0,0,na,na
gdelt_80335b25,fr,La publication par Donald Trump dune image suggérant le contrôle des Etats - Unis sur le Groenland est irrespectueuse ( PM groenlandais ) - Xinhua,2026-01-21 11:15:00,2026-01-21 11:15:00,2026-01-21 11:15:00,,,,0,0,0,0,0,0,na,na
gdelt_8064d010,zh-cn,全省多地进入秋收时间 ， 积极应对阴雨天气 _ 新华网江苏频道,2025-10-16 09:30:00,2025-10-16 09:30:00,2025-10-16 09:30:00,,,,0,0,0,0,0,0,na,na
gdelt_809a42dc,bg,Какво може да научи България от Норвегия ? ,2026-02-25 22:15:00,2026-02-25 22:15:00,2026-02-23 00:00:00,,,,0,0,0,0,0,0,na,na
gdelt_80d16cae,ko,政协甘肃省十三届四次会议举行第二次全体会议 - 新华网,2026-01-27 10:30:00,2026-01-27 10:30:00,2026-01-27 10:30:00,,,,0,0,0,0,0,0,na,na
gdelt_80f34d0b,ko,山海携手 宁夏同心县赴闽推介农特产品 - 新华网,2025-07-14 21:30:00,2025-07-14 21:30:00,2025-07-14 21:30:00,,,,0,0,0,0,0,0,na,na
gdelt_81035949,en,"LIVE :  Worst - case scenario of famine  unfolding in Gaza , IPC report finds | Israel - Palestine conflict News",2025-07-29 22:30:00,2025-07-29 22:30:00,2025-07-29 22:30:00,,,,0,0,0,0,0,0,na,na
gdelt_81134897,hr,Njemačka tehnologija : sateliti za otkrivanje šumskih požara – DW – 21 . 07 . 2025,2025-07-21 17:30:00,2025-07-21 17:30:00,2025-07-21 00:00:00,2025-01-01 00:00:00,year,2025,1,1,1,1,1,1,tie,tie
gdelt_818abc6f,ru,IHR : На протестах в Иране погибли не менее 648 человек,2026-01-13 09:30:00,2026-01-13 09:30:00,2026-01-13 09:30:00,,,,0,0,0,0,0,0,na,na
gdelt_818ee742,zh-cn,2025深圳网络安全宣传周圆满举行 增强网络安全意识和防护能力 - 新华网,2025-09-22 17:15:00,2025-09-22 00:00:00,2025-01-01 00:00:00,2025-01-01 00:00:00,year,2025,1,1,1,1,1,1,tie,tie
gdelt_81cfc15d,zh-cn,落叶不扫 ， 景美情暖 _ 新华网江苏频道,2025-12-02 10:15:00,2025-12-02 10:15:00,2025-12-02 10:15:00,,,,0,0,0,0,0,0,na,na
gdelt_81d708a2,en,South Africa summons new US ambassador over  undiplomatic remark | Donald Trump News,2026-03-12 07:30:00,2026-03-12 07:30:00,2026-03-12 07:30:00,,,,0,0,0,0,0,0,na,na
gdelt_81f8903a,en,Amazon delivery and logistics will get an AI boost,2025-06-05 05:00:00,2025-06-05 05:00:00,2025-06-05 05:00:00,,,,0,0,0,0,0,0,na,na
gdelt_82b156af,en,N Korea says S Korea  cannot be a diplomatic partner  as US drills continue | News,2025-08-20 11:00:00,2025-08-20 11:00:00,2025-08-20 11:00:00,,,,0,0,0,0,0,0,na,na
gdelt_82ceee81,de,Deutsche Bahn and sheep : A German summer travel adventure – DW – 07 / 27 / 2025,2025-07-27 19:00:00,2025-07-27 19:00:00,2025-07-27 00:00:00,2025-01-01 00:00:00,year,07 / 27 / 2025,1,1,1,1,1,1,tie,tie
gdelt_837210a8,ar,بزفّة طبول عراقية وبصحبة سبايدرمان مصري … كيف شجع آباء أطفالهم في أول أيام الدراسة ؟ ,2025-09-26 01:30:00,2025-09-26 01:30:00,2025-09-26 01:30:00,,,,0,0,0,0,0,0,na,na
gdelt_838149fb,en,Cuban official accuses US of  piracy  against sanctioned Caribbean island | Oil and Gas News,2026-01-25 18:15:00,2026-01-25 18:15:00,2026-01-25 18:15:00,,,,0,0,0,0,0,0,na,na
gdelt_83ba137a,fr,Trump affirme que lIran est en train de négocier avec les Etats - Unis - Xinhua,2026-02-01 13:15:00,2026-02-01 13:15:00,2026-02-01 13:15:00,,,,0,0,0,0,0,0,na,na
gdelt_841d4c03,en,US - backed GHF  aid mission  in Gaza ends – a timeline of violence | Israel - Palestine conflict News,2025-11-26 00:15:00,2025-11-26 00:15:00,2025-11-26 00:15:00,,,,0,0,0,0,0,0,na,na
gdelt_84283a93,en,Hepatitis od A do E – DW – 28 . 07 . 2025,2025-07-28 21:45:00,2025-07-28 00:00:00,2025-07-28 00:00:00,2025-01-01 00:00:00,year,2025,1,1,1,1,1,1,tie,tie
gdelt_843418fc,en,France threatens to block funds for India over climate inaction,2026-03-17 10:00:00,2026-03-17 10:00:00,2026-03-17 10:00:00,,,,0,0,0,0,0,0,na,na
gdelt_8436e4a8,fr,Reform united kingdom se retire dun documentaire de la BBC après une polémique sur le montage de propos de Trump ( BBC ) - Xinhua,2025-11-13 08:00:00,2025-11-13 08:00:00,2025-11-13 08:00:00,,,,0,0,0,0,0,0,na,na
gdelt_84675e53,en,Baby died in Scarborough  after midwives dismissed concerns  ,2025-07-20 18:00:00,2025-07-20 18:00:00,2025-07-20 18:00:00,,,,0,0,0,0,0,0,na,na
gdelt_84c1b243,en,Tottenham set to turn to Nottingham Forest Morgan Gibbs - White,2025-07-10 23:30:00,2025-07-10 23:30:00,2025-07-10 23:30:00,,,,0,0,0,0,0,0,na,na
gdelt_84f659e3,zh-cn,第21届东盟华商会将在云南德宏举办 _ 新华网,2025-06-09 21:15:00,2025-06-09 21:15:00,2025-06-09 21:15:00,,,,0,0,0,0,0,0,na,na
gdelt_85013f5f,ca,Milicia iraquí reivindica 28 ataques contra  bases enemigas  | Spanish . xinhuanet . com,2026-03-03 18:15:00,2026-03-03 18:15:00,2026-03-03 18:15:00,,,,0,0,0,0,0,0,na,na
gdelt_85092b1b,fa,بولسنارو به علت سکسکه تحت درمان قرار گرفت,2025-12-29 11:00:00,2025-12-29 11:00:00,2025-12-29 11:00:00,,,,0,0,0,0,0,0,na,na
gdelt_85313762,es,Especial : Miles de colombianos se reúnen para disfrutar del II Festival de Tai Chi y Qigong en Bogotá,2025-08-24 08:45:00,2025-08-24 08:45:00,2025-08-24 08:45:00,,,,0,0,0,0,0,0,na,na
gdelt_8533c859,en,Booming World Cup ticket prices outstrip everything except the Super Bowl,2025-10-03 02:45:00,2025-10-03 02:45:00,2025-10-03 02:45:00,,,,0,0,0,0,0,0,na,na
gdelt_85a30c9a,es,Trump exige  negociación inmediata  para comprar Groenlandia,2026-01-22 02:45:00,2026-01-22 02:45:00,2026-01-22 02:45:00,,,,0,0,0,0,0,0,na,na
gdelt_85d6d305,en,Liverpool John Lennon Airport : Snow and ice closes runway,2026-01-05 18:45:00,2026-01-05 18:45:00,2026-01-05 18:45:00,,,,0,0,0,0,0,0,na,na
gdelt_86463aa2,nl,Pakistan : 3 transgender women shot dead in Karachi – DW – 09 / 22 / 2025,2025-09-23 01:00:00,2025-09-23 01:00:00,2025-09-22 00:00:00,2025-01-01 00:00:00,year,09 / 22 / 2025,1,1,1,1,1,1,tie,tie
gdelt_86a01bdc,en,Brentford transfers : Jordan Henderson says he can still improve after signing two - year deal,2025-07-15 21:00:00,2025-02-15 00:00:00,2025-02-01 00:00:00,,,,0,0,0,0,0,0,na,na
gdelt_8720998b,ko,浙江台州 ： 餐厨垃圾资源化利用再获新突破 - 新华网,2026-02-10 17:15:00,2026-02-10 17:15:00,2026-02-10 17:15:00,,,,0,0,0,0,0,0,na,na
gdelt_8725208c,en,Midwife says weight loss surgery helped him cope with new role,2025-08-24 22:00:00,2025-08-24 22:00:00,2025-08-24 22:00:00,,,,0,0,0,0,0,0,na,na
gdelt_8742095d,fr,La Chine rejette les accusations américaines concernant la COVID - 19 et souligne son engagement envers lOMS et le multilatéralisme - Xinhua,2026-01-27 10:30:00,2026-01-27 10:30:00,2026-01-27 10:30:00,,,,0,0,0,0,0,0,na,na
gdelt_87542720,ko,中 인공지능 응용 본격화 ... 산업 · 소비 전 분야로 확산 - Xinhua,2025-09-02 10:15:00,2025-09-02 10:15:00,2025-09-02 10:15:00,,,,0,0,0,0,0,0,na,na
gdelt_8777e2f3,sw,AU yabaini dosari kubwa katika uchaguzi wa Tanzania – DW – 06 . 11 . 2025,2025-11-06 20:00:00,2025-11-06 00:00:00,2025-11-06 00:00:00,2025-01-01 00:00:00,year,2025,1,1,1,1,1,1,tie,tie
gdelt_878a1f4f,en,ASEAN economic ministers reaffirm commitment to speed up integration,2025-09-23 22:00:00,2025-09-23 22:00:00,2025-09-23 22:00:00,,,,0,0,0,0,0,0,na,na
gdelt_87ef36b9,en,Grace Fu responds to clarifications sought on Coastal Protection and Other Amendments Bill,2026-03-06 18:00:00,2026-03-06 18:00:00,2026-03-06 18:00:00,,,,0,0,0,0,0,0,na,na
gdelt_883ec815,en,"Remembrance Sunday : How does the Premier League mark it , and why do some see it as controversial ? ",2025-11-08 14:15:00,2025-11-02 00:00:00,2025-11-02 00:00:00,,,,0,0,0,0,0,0,na,na
gdelt_8880597b,pt,Kuwait diz que vários caças dos EUA caíram em seu território,2026-03-02 19:30:00,2026-03-02 19:30:00,2026-03-02 19:30:00,,,,0,0,0,0,0,0,na,na
gdelt_891e7822,en,Trump African summit was a masterclass in modern colonial theatre | Donald Trump,2025-07-11 21:15:00,2025-07-11 21:15:00,2025-07-11 21:15:00,,,,0,0,0,0,0,0,na,na
gdelt_8948e15d,fr,75 % des Japonais désapprouvent les frappes américano - israéliennes en Iran ( sondage ) - Xinhua,2026-03-15 18:00:00,2026-03-15 18:00:00,2026-03-15 18:00:00,,,,0,0,0,0,0,0,na,na
gdelt_89667a9e,zh-cn,在奋进新征程中凝聚强大精神力量 - 新华网,2025-12-29 12:30:00,2025-12-29 12:30:00,2025-12-29 12:30:00,,,,0,0,0,0,0,0,na,na
gdelt_8987ec98,mk,Украина : Избори во воени услови - само ако е безбедно – DW – 15 . 12 . 2025,2025-12-15 17:00:00,2025-12-15 17:00:00,2025-12-15 00:00:00,2025-01-01 00:00:00,year,2025,1,1,1,1,1,1,tie,tie
gdelt_89ff913a,en,"All the victims of Swiss bar fire now identified , Swiss police say",2026-01-05 06:30:00,2026-01-05 06:30:00,2026-01-05 06:30:00,,,,0,0,0,0,0,0,na,na
gdelt_8a27cfc0,ur,ٹرمپ کے ایچ ون بی ویزے سے متعلق حکمنامے پر اُلجھن ، خوف اور مستقبل کی فکر :  جوانی امریکہ میں گزار دی لیکن لگتا ہے اسے میری ضرورت نہیں  ,2025-09-22 02:00:00,2025-09-22 02:00:00,2025-09-22 02:00:00,,,,0,0,0,0,0,0,na,na
gdelt_8b105f80,sv,Zamfara kidnapping : Nigeria bandits kill 38 hostages even after ransom paid,2025-07-28 22:45:00,2025-07-28 22:45:00,2025-07-28 22:45:00,,,,0,0,0,0,0,0,na,na
gdelt_8b406d30,es,"México envía dos buques con ayuda humanitaria a Cuba pese a tensiones con EEUU , confirma cancillería",2026-02-09 13:00:00,2026-02-09 13:00:00,2026-02-01 00:00:00,,,,0,0,0,0,0,0,na,na
gdelt_8b4e7c30,en,Vivian Balakrishnan expresses Singapore concerns about Gaza to Israeli leaders,2025-11-06 23:30:00,2025-11-06 23:30:00,2025-11-06 23:30:00,,,,0,0,0,0,0,0,na,na
gdelt_8b774a68,zh-cn,溧阳考古发现  最早的江南 _ 新华网江苏频道,2025-11-17 08:00:00,2025-11-17 08:00:00,2025-11-17 08:00:00,,,,0,0,0,0,0,0,na,na
gdelt_8b8d5754,en,North Korea says  shameles US making mockery of UN,2026-01-12 19:00:00,2026-01-12 19:00:00,2026-01-12 19:00:00,,,,0,0,0,0,0,0,na,na
gdelt_8b9d2a82,ko,今年前10个月云南农产品出口164 . 4亿元 _ 新华网,2025-12-07 10:00:00,2025-12-07 10:00:00,2025-12-07 10:00:00,,,,0,0,0,0,0,0,na,na
gdelt_8c070918,en,"LIVE : Israel kills over 40 in Gaza , aid agencies urge immediate ceasefire | Israel - Palestine conflict News",2025-08-04 22:15:00,2040-08-04 00:00:00,2025-08-04 22:15:00,,,,0,0,0,0,0,0,na,na
gdelt_8c153e77,en,Sikhs flock to see rare outing of ancient holy book in Edinburgh,2025-11-17 16:30:00,2025-11-17 16:30:00,2025-11-17 16:30:00,,,,0,0,0,0,0,0,na,na
gdelt_8c2006c4,vi,Người vô gia cư : Ông Trump chụp tôi ngồi cạnh lều - rồi xe ủi ập đến,2025-08-17 15:45:00,2025-08-17 15:45:00,2025-08-17 15:45:00,,,,0,0,0,0,0,0,na,na
gdelt_8c2aa7f8,so,"Waa kuma Mojtaba Khamenei , ninka laga yaabo in uu noqdo hugaamiyaha ruuxigaha ee cusub ee Iran ? ",2026-03-06 07:15:00,2026-03-06 07:15:00,2026-03-06 07:15:00,,,,0,0,0,0,0,0,na,na
gdelt_8c66c4cb,zh-cn,为健康中国建设贡献  甘肃力量  ​ 甘肃省积极探索中医药  三位一体  融合发展新模式 - 新华网,2025-08-24 10:15:00,2025-08-24 10:15:00,2025-08-24 10:15:00,,,,0,0,0,0,0,0,na,na
gdelt_8c67b00e,en,"Tour de France key takeaways : Impact of Pogacar dominance , the majesty of Ventoux , hopes for 2026 edition",2025-07-30 05:00:00,2026-07-30 00:00:00,2026-01-01 00:00:00,2026-01-01 00:00:00,year,2026,1,1,1,1,1,1,tie,tie
gdelt_8c8fcd10,es,"Alemania , Francia y Reino Unido dispuestos contra Irán",2026-03-02 08:45:00,2026-03-02 08:45:00,2026-03-02 08:45:00,,,,0,0,0,0,0,0,na,na
gdelt_8d1c6b7f,en,Dutch court bans xAI Grok from generating nonconsensual nude images | Technology News,2026-03-27 05:00:00,2026-03-27 05:00:00,2026-03-27 05:00:00,,,,0,0,0,0,0,0,na,na
gdelt_8d5bb5ef,en,Hankley Common habitat fears after wildfire sweeps through,2025-07-14 05:45:00,2025-07-14 05:45:00,2025-07-14 05:45:00,,,,0,0,0,0,0,0,na,na
gdelt_8dc09301,uk,ГШ ЗСУ : Атаковано Ільський НПЗ у Краснодарському краї РФ – DW – 07 . 09 . 2025,2025-09-07 19:45:00,2025-09-07 19:45:00,2025-09-07 00:00:00,2025-01-01 00:00:00,year,2025,1,1,1,1,1,1,tie,tie
gdelt_8dc4c0cc,es,Secretario general del PLD de Japón dimitirá tras derrota electoral,2025-09-02 18:45:00,2025-09-02 18:45:00,2025-09-02 18:45:00,,,,0,0,0,0,0,0,na,na
gdelt_8dd94659,en,Leading Hamas official makes first comments since Israeli attack in Qatar,2025-09-18 09:30:00,2025-09-18 09:30:00,2025-09-18 09:30:00,,,,0,0,0,0,0,0,na,na
gdelt_8debcc04,id,  Das crazy  jadi Ungkapan Gaul Terpopuler Remaja Jerman 2025 – DW – 20 . 10 . 2025,2025-10-20 16:45:00,2025-10-20 16:45:00,2025-10-20 00:00:00,2025-01-01 00:00:00,year,2025,1,1,1,1,1,1,tie,tie
gdelt_8e0ef6bc,en,Singaporean filmmaker behind sci - fi comedy We Can Save The World !!! on the challenges of making a movie in Singapore,2025-09-06 10:15:00,2025-09-06 10:15:00,2025-09-03 00:00:00,,,,0,0,0,0,0,0,na,na
gdelt_8e574c27,pl, „ Die Welt : dlaczego bez konferencji Dobrindta i Siemoniaka ? – DW – 10 . 06 . 2025,2025-06-10 17:00:00,2025-06-10 17:00:00,2025-06-10 00:00:00,2025-01-01 00:00:00,year,2025,1,1,1,1,1,1,tie,tie
gdelt_8e73f628,sw,Kwa nini Maduro alifungwa macho na kuzibwa masikio alipokamatwa ? ,2026-01-07 00:00:00,2026-01-07 00:00:00,2026-01-07 00:00:00,,,,0,0,0,0,0,0,na,na
gdelt_8e8901eb,zh-cn,共话中国经济新机遇丨专访 ： 中国市场对瑞士企业重要性更加凸显 访瑞士中心董事会主席戴尚贤 - 新华网,2025-11-16 11:00:00,2025-11-16 11:00:00,2025-11-16 11:00:00,,,,0,0,0,0,0,0,na,na
gdelt_8eb2c89d,es,China se opone a sanciones británicas contra empresas chinas bajo pretexto  relacionado con Rusia  ,2026-03-02 18:00:00,2026-03-02 18:00:00,2026-03-01 00:00:00,,,,0,0,0,0,0,0,na,na
gdelt_8ec70823,ro,Izolare totală : regimul dur al închisorilor franceze – DW – 03 . 08 . 2025,2025-08-03 19:15:00,2025-08-03 19:15:00,2025-08-03 00:00:00,2025-01-01 00:00:00,year,2025,1,1,1,1,1,1,tie,tie
gdelt_8edf04e6,en,Wan Yang customer losses hit S$1 . 29 million ; 4 businesses step in to offer complimentary treatments,2026-01-26 12:30:00,2026-01-26 12:30:00,2026-01-26 12:30:00,,,,0,0,0,0,0,0,na,na
gdelt_8eefb6f9,zh-cn,聊天机器人惹祸 ， 马斯克旗下公司致歉 - 新华网,2025-07-13 15:45:00,2025-07-13 15:45:00,2025-07-13 15:45:00,,,,0,0,0,0,0,0,na,na
gdelt_8ef70414,sq,Izraeli konfirmon fillimin e ofensivës tokësore në Gazë – DW – 16 / 09 / 2025,2025-09-17 00:00:00,2025-09-17 00:00:00,2025-09-16 00:00:00,2025-01-01 00:00:00,year,16 / 09 / 2025,1,1,1,1,1,1,tie,tie
gdelt_8f411a82,zh-cn,超9亿人次 ！ 2025年铁路暑运发送旅客创新高 - 新华网,2025-09-02 11:15:00,2025-09-02 00:00:00,2025-01-01 00:00:00,2025-01-01 00:00:00,year,2025年,1,1,1,1,1,1,tie,tie
gdelt_8f8d84ab,en,"Christmas TV highlights 2025 : Stranger Things , Amandaland and Strictly Come Dancing",2025-12-22 09:30:00,2025-12-22 09:30:00,2025-01-01 00:00:00,2025-01-01 00:00:00,year,2025,1,1,1,1,1,1,tie,tie
gdelt_8fc66826,zh-cn,  理响  开麦 ， 杭州富阳解锁理论宣讲  破圈密码 - 新华网,2025-06-05 21:00:00,2025-06-05 21:00:00,2025-06-05 21:00:00,,,,0,0,0,0,0,0,na,na
gdelt_90639796,de,Singapore : Life underground,2025-08-29 11:30:00,2025-08-29 11:30:00,2025-08-29 11:30:00,,,,0,0,0,0,0,0,na,na
gdelt_9063cdf6,en,Rasmus Hojlund : Manchester United striker available for £30m,2025-08-03 09:00:00,2025-08-03 09:00:00,2025-08-03 09:00:00,,,,0,0,0,0,0,0,na,na
gdelt_907362d1,so,Maamulka Trump oo bilaabay in uu shaqada ka ruqseeyo suxufiiyinta VOA,2025-08-31 23:30:00,2025-08-31 23:30:00,2025-11-01 00:00:00,,,,0,0,0,0,0,0,na,na
gdelt_90d97d38,en,"Ukraine : Zelenskyy to meet US , European officials in Berlin – DW – 12 / 14 / 2025",2025-12-14 16:45:00,2025-12-14 16:45:00,2025-12-14 00:00:00,2025-01-01 00:00:00,year,12 / 14 / 2025,1,1,1,1,1,1,tie,tie
gdelt_90f28e3c,en,Deep Dive - Best of : Silent expectations and fatal outcomes - the suicide risk men face,2025-12-25 09:00:00,2025-12-25 09:00:00,2025-12-25 09:00:00,,,,0,0,0,0,0,0,na,na
gdelt_911a9d72,ru,Во Франции проголосовали за бан соцсетей для детей до 15 лет,2026-01-27 12:00:00,2026-01-27 12:00:00,2026-01-27 12:00:00,,,,0,0,0,0,0,0,na,na
gdelt_911d756c,en,"Spain : 4 dead , several injured in Madrid building collapse – DW – 10 / 08 / 2025",2025-10-08 12:45:00,2025-10-08 00:00:00,2025-10-08 00:00:00,2025-01-01 00:00:00,year,10 / 08 / 2025,1,1,1,1,1,1,tie,tie
gdelt_91464d14,ru,Экономический совет ХДС призвал повысить пенсионный возраст – DW – 28 . 12 . 2025,2025-12-29 02:15:00,2025-12-29 02:15:00,2025-12-28 00:00:00,2025-01-01 00:00:00,year,2025,1,1,1,1,1,1,tie,tie
gdelt_918fd6ff,en,Singapore conveys need for more aid to Gaza in meetings with Israeli leaders,2025-11-06 21:45:00,2025-11-06 21:45:00,2025-11-06 21:45:00,,,,0,0,0,0,0,0,na,na
gdelt_91b87bdd,en,Chinese aircraft carrier Shandong arrives in Hong Kong,2025-07-03 12:00:00,2025-07-03 12:00:00,2025-07-03 12:00:00,,,,0,0,0,0,0,0,na,na
gdelt_91ca6dd1,en,Aldi to raise wages for second time this year,2026-02-26 09:00:00,2026-02-26 09:00:00,2026-02-26 09:00:00,2026-01-01 00:00:00,year,this year,1,1,1,1,1,1,tie,tie
gdelt_91f0c7cf,tr,"İran savaşı , Kim Jong Unun  nükleer tercihini pekiştirebilir  ",2026-03-19 14:15:00,2026-03-19 14:15:00,2026-03-19 14:15:00,,,,0,0,0,0,0,0,na,na
gdelt_92009db3,en,Commentary :  Treat us like we treat you  – Trump latest sectoral tariffs are a warning Southeast Asia must heed,2025-10-03 08:15:00,2025-10-03 08:15:00,2025-10-01 00:00:00,,,,0,0,0,0,0,0,na,na
gdelt_921800ca,pl,Wicekanclerz Niemiec : UE przygotuje odpowiedź na cła Trumpa – DW – 13 . 07 . 2025,2025-07-13 22:00:00,2025-07-13 22:00:00,2025-07-13 00:00:00,2025-01-01 00:00:00,year,2025,1,1,1,1,1,1,tie,tie
gdelt_92183d80,ko,默多克王朝正在如何重塑權力繼承格局 - BBC News 中文,2025-12-28 12:45:00,2025-12-28 12:45:00,2025-12-28 12:45:00,,,,0,0,0,0,0,0,na,na
gdelt_926f803a,en,"Re - grading Sam Darnold , Milton Williams and the top 2025 NFL free - agent contracts",2025-11-13 20:15:00,2025-11-13 00:00:00,2025-01-01 00:00:00,2025-01-01 00:00:00,year,2025,1,1,1,1,1,1,tie,tie
gdelt_92849eda,zh-cn,加沙战争 ： 两年之后 ， 以色列与哈马斯会把握停战的机会吗 ？ - BBC News 中文,2025-10-08 14:30:00,2025-10-08 14:30:00,2025-10-01 00:00:00,,,,0,0,0,0,0,0,na,na
gdelt_92eb0034,id,RI Jadi Juara 1 Negara Ekspansi Tambang Batu Bara di ASEAN – DW – 04 . 08 . 2025,2025-08-04 14:30:00,2025-08-04 14:30:00,2025-08-04 00:00:00,2025-01-01 00:00:00,year,2025,1,1,1,1,1,1,tie,tie
gdelt_9300ae96,tr,Hipersonik füze yarışı kızışıyor : Batı geride mi kalıyor ? ,2025-08-24 16:30:00,2025-08-24 16:30:00,2025-08-20 00:00:00,,,,0,0,0,0,0,0,na,na
gdelt_934ac1c9,ro,"Analiză : Moldova și România , punte de sprijin pentru Ucraina – DW – 22 . 12 . 2025",2025-12-22 23:15:00,2025-12-22 23:15:00,2025-12-22 00:00:00,2025-01-01 00:00:00,year,2025,1,1,1,1,1,1,tie,tie
gdelt_9364191c,en,Crypto investors with funds in defunct Tokenize Xchange left in limbo amid police probe,2025-08-25 06:45:00,2025-08-25 06:45:00,2025-08-25 06:45:00,,,,0,0,0,0,0,0,na,na
gdelt_936489ba,en,India : Cyclone Montha brings heavy rains and strong winds – DW – 10 / 29 / 2025,2025-10-29 11:45:00,2025-10-29 00:00:00,2025-10-29 00:00:00,2025-01-01 00:00:00,year,10 / 29 / 2025,1,1,1,1,1,1,tie,tie
gdelt_9377c213,en,Unification Church leader arrested in S Korean ex - first lady bribery case,2025-09-23 19:00:00,2025-09-23 19:00:00,2025-09-23 19:00:00,,,,0,0,0,0,0,0,na,na
gdelt_937cc29d,sw,Trump asema makubaliano ya amani ya Ukraine yanakaribia – DW – 29 . 12 . 2025,2025-12-29 13:15:00,2025-12-29 00:00:00,2025-12-29 00:00:00,2025-01-01 00:00:00,year,2025,1,1,1,1,1,1,tie,tie
gdelt_9390f1cc,nl,"US weighs strikes on cartels in Venezuela , F - 35 warplanes deploy : Reports",2025-09-06 13:30:00,2025-09-06 13:30:00,2025-09-06 13:30:00,,,,0,0,0,0,0,0,na,na
gdelt_93ca087a,en,Nugget Nikola Jokić scores 52 points through three quarters in win over Clippers,2025-11-13 21:00:00,2025-11-13 21:00:00,2025-11-13 21:00:00,,,,0,0,0,0,0,0,na,na
gdelt_93fd3450,hr,Crna Gora : Crkva čuva ratnog zločinca Pavla Đurišića – DW – 10 . 8 . 2025 . ,2025-08-10 18:45:00,2025-08-10 18:45:00,2025-08-10 00:00:00,2025-01-01 00:00:00,year,2025,1,1,1,1,1,1,tie,tie
gdelt_9408df13,ru,Роскомнадзор отказался разблокировать Roblox в России,2026-01-12 23:45:00,2026-01-12 23:45:00,2026-01-12 23:45:00,,,,0,0,0,0,0,0,na,na
gdelt_94ab289f,es,Black Friday : 5 dicas práticas para você fugir de fraudes – DW – 23 / 11 / 2025,2025-11-23 23:45:00,2025-11-23 23:45:00,2025-11-23 00:00:00,2025-01-01 00:00:00,year,23 / 11 / 2025,1,1,1,1,1,1,tie,tie
gdelt_94c94b39,uk,Віткофф і Кушнер збираються знову поїхати до Путіна,2026-01-15 00:00:00,2026-01-15 00:00:00,2026-01-15 00:00:00,,,,0,0,0,0,0,0,na,na
gdelt_95180fab,en,Iran says moment for  effective  nuclear talks with US not yet reached | Nuclear Energy News,2025-08-21 00:00:00,2025-08-21 00:00:00,2025-08-21 00:00:00,,,,0,0,0,0,0,0,na,na
gdelt_952ab67b,fr,Le ministère chinois des AE met en garde contre la remise en cause par le Japon de lordre international daprès - guerre - Xinhua,2026-02-15 10:00:00,2026-02-15 10:00:00,2026-02-15 10:00:00,,,,0,0,0,0,0,0,na,na
gdelt_952d8de0,sq,OBSH : Mbi një miliardë njerëz në botë me sëmundje psikike – DW – 08 / 09 / 2025,2025-09-08 14:45:00,2025-09-08 14:45:00,2025-09-08 00:00:00,2025-01-01 00:00:00,year,08 / 09 / 2025,1,1,1,1,1,1,tie,tie
gdelt_953702bd,en,Pritam Singh responds to motion on his suitability as Leader of the Opposition,2026-01-14 17:45:00,2026-01-14 17:45:00,2026-01-14 17:45:00,,,,0,0,0,0,0,0,na,na
gdelt_956285d9,ko,2025年浙江省  最美家庭  发布 - 新华网,2025-11-06 20:15:00,2025-11-06 20:15:00,2025-01-01 00:00:00,,,,0,0,0,0,0,0,na,na
gdelt_95d5012b,en,Journal 17 H TU ( 02 . 07 . 2025 ) – DW – 02 / 07 / 2025,2025-07-03 04:45:00,2025-02-07 00:00:00,2025-02-07 00:00:00,2025-01-01 00:00:00,year,2025,1,1,1,1,1,1,tie,tie
gdelt_95e07769,bg,До Осака и назад : ЕКСПО 2025 през погледа на един българин – DW – 21 . 09 . 2025,2025-09-21 23:15:00,2025-09-21 23:15:00,2025-09-21 00:00:00,2025-01-01 00:00:00,year,2025,1,1,1,1,1,1,tie,tie
gdelt_9622a110,vi,BBC thăm trung tâm kháng chiến Tây Tạng giữa cuộc đối đầu của Đạt Lai Lạt Ma với Trung Quốc,2025-07-04 14:00:00,2025-07-04 14:00:00,2025-07-01 00:00:00,,,,0,0,0,0,0,0,na,na
gdelt_96e8b8ca,es,Palacio de Potala a la luz de la mañana | Spanish . xinhuanet . com,2026-02-19 10:45:00,2026-02-19 10:45:00,2026-02-01 00:00:00,,,,0,0,0,0,0,0,na,na
gdelt_975ca585,en,Airbnb  party cabin  set to replace Rhos - on - Sea  prison watchtower  ,2026-03-10 20:15:00,2026-03-10 20:15:00,2026-03-10 20:15:00,,,,0,0,0,0,0,0,na,na
gdelt_975ce137,en,T20 World Cup 2026 :  India vs Pakistan becoming a political rivalry rather than sporting one  ,2026-02-16 04:00:00,2026-02-16 00:00:00,2026-01-01 00:00:00,2026-01-01 00:00:00,year,2026,1,1,1,1,1,1,tie,tie
gdelt_9767edc2,en,"Man , 81 , seriously injured after being hit by car on New Year Day",2026-01-06 22:45:00,1981-01-06 00:00:00,2026-01-01 00:00:00,,,,0,0,0,0,0,0,na,na
gdelt_976eaf73,uk,  Рамштайн - 32 : Німеччина надала Україні два Patriot й IRIS - T – DW – 16 . 12 . 2025,2025-12-16 23:45:00,2025-12-16 23:45:00,2025-12-16 00:00:00,2025-01-01 00:00:00,year,2025,1,1,1,1,1,1,tie,tie
gdelt_9777f86d,en,"LIVE : Israel kills 73 aid seekers in Gaza , issues evacuation threat | Israel - Palestine conflict News",2025-07-20 23:30:00,2025-07-20 23:30:00,2025-07-20 23:30:00,,,,0,0,0,0,0,0,na,na
gdelt_97945b73,en,"Kugler Resigns From Fed , Opening Door to Trump Appointment",2025-08-02 08:00:00,2025-08-02 08:00:00,2025-08-02 08:00:00,,,,0,0,0,0,0,0,na,na
gdelt_97abb809,uk,Британія відповіла РФ на висилку працівника свого посольства,2026-02-03 00:15:00,2026-02-03 00:15:00,2026-02-03 00:15:00,,,,0,0,0,0,0,0,na,na
gdelt_97e9d9ca,en,  Great meeting : Key takeaways from Trump - Mamdani White House meeting | Donald Trump News,2025-11-22 16:15:00,2025-11-22 16:15:00,2025-11-22 16:15:00,,,,0,0,0,0,0,0,na,na
gdelt_982101d0,cy,  I was fined £100 for a poo my dog didnt do  ,2025-10-29 16:00:00,2025-10-29 16:00:00,2025-01-01 00:00:00,,,,0,0,0,0,0,0,na,na
gdelt_986e8850,en,"Inspired by sail engineering , these blinds offer both shelter and sanctuary",2025-09-08 10:45:00,2025-09-08 10:45:00,2025-09-08 10:45:00,,,,0,0,0,0,0,0,na,na
gdelt_98adca47,ko,科学管理  更年  可以  更美 - 新华网,2026-03-26 16:15:00,2026-03-26 16:15:00,2026-03-26 16:15:00,,,,0,0,0,0,0,0,na,na
gdelt_98c66c55,en,LA Olympic chief  deeply regret flirty Maxwell emails in Epstein files,2026-02-01 12:00:00,2026-02-01 12:00:00,2026-02-01 12:00:00,,,,0,0,0,0,0,0,na,na
gdelt_98d0a63e,fa,پاپ لئو شدیدترین انتقاد خود از ترامپ را مطرح کرد,2025-11-06 09:15:00,2025-11-06 09:15:00,2025-11-06 09:15:00,,,,0,0,0,0,0,0,na,na
gdelt_994468da,en,Beachgoers disappointed after crocodile sighting halts water activities at Sentosa beaches,2026-02-01 16:00:00,2026-02-01 16:00:00,2026-02-01 16:00:00,,,,0,0,0,0,0,0,na,na
gdelt_9977ce96,zh-cn,甘肃省预警发布中心首次启动预警靶向发布 - 新华网,2025-08-20 12:15:00,2025-08-20 12:15:00,2025-08-20 12:15:00,,,,0,0,0,0,0,0,na,na
gdelt_999935fd,en,Border agents involved in fatal shooting of Alex Pretti in Minneapolis placed on leave,2026-01-29 11:30:00,2026-01-29 11:30:00,2026-01-29 11:30:00,,,,0,0,0,0,0,0,na,na
gdelt_999e0c85,fr,"Indonésie : 15 morts et 19 blessés dans un accident de bus dans la ville de Semarang , dans l  île de Java - Xinhua",2025-12-22 13:30:00,2025-12-22 13:30:00,2025-12-22 13:30:00,,,,0,0,0,0,0,0,na,na
gdelt_99cb88c8,en,"  Like a bomb went off : Fears linger over Indonesia 30 , 000 community - run oil wells amid efforts to regulate them",2025-10-03 08:15:00,2025-10-03 08:15:00,2025-10-03 08:15:00,,,,0,0,0,0,0,0,na,na
gdelt_99cfd749,fi,Zelenskyy eyes invite to Trump - Putin talks in Budapest,2025-10-20 19:45:00,2025-10-20 19:45:00,2025-10-20 19:45:00,,,,0,0,0,0,0,0,na,na
gdelt_9a2e05e5,en,Thailand Election 2026 : Foreign policy in spotlight as leaders look outward amid shifting world,2026-02-07 12:45:00,2026-02-07 12:45:00,2026-01-01 00:00:00,2026-01-01 00:00:00,year,2026,1,1,1,1,1,1,tie,tie
gdelt_9a94038b,sl,Možemo li i virtualno stvoriti „ prave  prijatelje ? – DW – 26 . 10 . 2025,2025-10-26 19:45:00,2025-10-26 19:45:00,2025-10-26 00:00:00,2025-01-01 00:00:00,year,2025,1,1,1,1,1,1,tie,tie
gdelt_9ab43174,hi,"ऑफिस ही नहीं , किचन का काम भी आसान कर रहा एआई – DW – 23 . 12 . 2025",2025-12-23 17:30:00,2025-12-23 17:30:00,2025-12-23 00:00:00,2025-01-01 00:00:00,year,2025,1,1,1,1,1,1,tie,tie
gdelt_9b6ba15a,hu,A menos cerveza ... Heineken recortará hasta 6 . 000 empleos,2026-02-11 19:00:00,2026-02-11 19:00:00,2026-02-11 19:00:00,,,,0,0,0,0,0,0,na,na
gdelt_9bcffb78,ko,昆明 ： 山水人文共生辉 文旅融合绘新景 _ 新华网,2026-01-22 13:30:00,2026-01-22 13:30:00,2026-01-22 13:30:00,,,,0,0,0,0,0,0,na,na
gdelt_9be5282f,en,US agency blames faulty engineering for Titanic sub disaster,2025-10-16 15:00:00,2025-10-16 15:00:00,2025-10-16 15:00:00,,,,0,0,0,0,0,0,na,na
gdelt_9c1dc4d7,en,"Nepal sets March 5 vote , restrictions eased as interim govt takes charge | Elections News",2025-09-13 17:00:00,2025-03-05 00:00:00,2026-03-05 00:00:00,2025-03-05 00:00:00,day,March 5,1,1,1,0,1,0,v1_better,v1_better
gdelt_9c23f1f7,en,The 26 - year - old helping babies and children with hearing loss,2026-03-26 11:30:00,2026-03-26 11:30:00,2026-03-01 00:00:00,,,,0,0,0,0,0,0,na,na
gdelt_9c5d6a75,en,China displays military might at Victory Day parade marking 80 years since World War II,2025-09-03 22:00:00,1945-09-03 22:00:00,2025-09-03 22:00:00,,,,0,0,0,0,0,0,na,na
gdelt_9c97c227,tr,Suriye paradan iki sıfır atıyor – DW – 24 . 08 . 2025,2025-08-24 18:45:00,2025-08-24 18:45:00,2025-08-24 00:00:00,2025-01-01 00:00:00,year,2025,1,1,1,1,1,1,tie,tie
gdelt_9d401006,no,Massive sinkhole opens up outside Bangkok hospital,2025-09-25 18:15:00,2025-09-25 18:15:00,2025-09-25 18:15:00,,,,0,0,0,0,0,0,na,na
gdelt_9d995a55,fr,Chine : le métro de Guangzhou accepte les cartes bancaires internationales sans contact - Xinhua,2025-10-13 13:30:00,2025-10-13 13:30:00,2025-10-13 13:30:00,,,,0,0,0,0,0,0,na,na
gdelt_9de2680c,en,PSG vs Tottenham live updates : Van de Ven scores opening goal in UEFA Super Cup,2025-08-14 04:00:00,2025-08-14 04:00:00,2025-08-14 04:00:00,,,,0,0,0,0,0,0,na,na
gdelt_9defbc4a,ko,无人食材超市点亮便民生活 - 新华网河南频道,2025-12-22 10:15:00,2025-12-22 10:15:00,2025-12-22 10:15:00,,,,0,0,0,0,0,0,na,na
gdelt_9df87da0,en,"NASA , in rare move , cuts space station mission short after astronaut medical issue",2026-01-09 11:45:00,2026-01-09 11:45:00,2026-01-09 11:45:00,,,,0,0,0,0,0,0,na,na
gdelt_9dff5a4e,de,News kompakt : Ukraine begrt US - Gesandten Keith Kellogg – DW – 14 . 07 . 2025,2025-07-14 15:30:00,2025-07-14 15:30:00,2025-07-14 00:00:00,2025-01-01 00:00:00,year,2025,1,1,1,1,1,1,tie,tie
gdelt_9e476f1b,ru,Axios : Трамп усомнился в способности повлиять на Путина – DW – 14 . 09 . 2025,2025-09-14 19:30:00,2025-09-14 19:30:00,2025-09-14 00:00:00,2025-01-01 00:00:00,year,2025,1,1,1,1,1,1,tie,tie
gdelt_9e751567,zh-cn,徐州援疆 ： 经济小组团  精准招商培育边疆特色产业链 _ 新华网江苏频道,2025-07-02 18:45:00,2025-07-02 18:45:00,2025-07-02 18:45:00,,,,0,0,0,0,0,0,na,na
gdelt_9f06ba34,en,Trump says Coca - Cola to switch to cane sugar in US,2025-07-17 12:15:00,2025-07-17 12:15:00,2025-07-17 12:15:00,,,,0,0,0,0,0,0,na,na
gdelt_9f1b7935,zh-cn,仁怀自助服务厅解决上班族请假痛点 - 新华网,2025-07-22 16:45:00,2025-07-22 16:45:00,2025-07-22 16:45:00,,,,0,0,0,0,0,0,na,na
gdelt_9f1c02d5,es,"Paisaje de Ulsan , en República de Corea | Spanish . xinhuanet . com",2025-08-24 13:00:00,2025-08-24 13:00:00,2025-08-24 13:00:00,,,,0,0,0,0,0,0,na,na
gdelt_9f1decf0,it,Dutch police use water cannon to disperse anti - immigration protestors,2025-09-21 01:15:00,2025-09-21 01:15:00,2025-09-21 01:15:00,,,,0,0,0,0,0,0,na,na
gdelt_9f34e529,en,"Sudan RSF committing war crimes in Darfur , says Amnesty | Sudan war News",2025-11-25 11:45:00,2025-11-25 11:45:00,2025-11-25 11:45:00,,,,0,0,0,0,0,0,na,na
gdelt_9f69ec65,en,Bolsonaro son blasts top Brazilian court official over assets freeze | Politics News,2025-07-22 12:00:00,2025-07-22 12:00:00,2025-07-22 12:00:00,,,,0,0,0,0,0,0,na,na
gdelt_9f7b3e44,en,Las Vegas GP practice disrupted by loose manhole cover investigations,2025-11-22 02:15:00,2025-11-22 02:15:00,2025-11-22 02:15:00,,,,0,0,0,0,0,0,na,na
gdelt_9f7c9c77,en,Algeria bill seeks to criminalise French colonial rule : What to know,2025-12-21 20:00:00,2025-12-21 20:00:00,2025-12-21 20:00:00,,,,0,0,0,0,0,0,na,na
gdelt_9f893257,uk,У Чехії перевіряють  слід РФ  у підпалі заводу дронів,2026-03-24 00:00:00,2026-03-24 00:00:00,2026-03-24 00:00:00,,,,0,0,0,0,0,0,na,na
gdelt_9fec1a09,ru,Украинские беспилотники атаковали Северную Осетию,2026-01-18 20:30:00,2026-01-18 20:30:00,2026-01-18 20:30:00,,,,0,0,0,0,0,0,na,na
gdelt_9ff8b7ae,zh-cn,路网协同 ， 畅享新基建  一路生花 _ 新华网江苏频道,2025-10-07 13:00:00,2025-10-07 13:00:00,2025-10-07 13:00:00,,,,0,0,0,0,0,0,na,na
gdelt_a00894e0,ar,دراسة : من لا يمارسون الجنس أذكى من غيرهم ! – DW – 2025 / 9 / 25,2025-09-25 18:15:00,2025-09-25 18:15:00,2025-09-25 00:00:00,2025-01-01 00:00:00,year,2025 / 9 / 25,1,1,1,1,1,1,tie,tie
gdelt_a00f0591,en,Iran condemns  racist mentality  behind US travel ban | Donald Trump News,2025-06-07 18:30:00,2025-06-07 18:30:00,2025-06-07 18:30:00,,,,0,0,0,0,0,0,na,na
gdelt_a01dc8cf,en,Nick Goepper was  lost . Then the three - time Olympic medalist had a wild idea,2026-01-26 22:15:00,2026-01-26 22:15:00,2026-01-26 22:15:00,,,,0,0,0,0,0,0,na,na
gdelt_a0a66bd7,en,NI weather : Met Office issue new ice warning across NI,2026-01-28 15:15:00,2026-01-28 15:15:00,2026-01-28 15:15:00,,,,0,0,0,0,0,0,na,na
gdelt_a0a6b426,da,Killer left partner to die after attacking her at Chester home,2026-02-26 05:15:00,2026-02-26 05:15:00,2026-02-26 05:15:00,,,,0,0,0,0,0,0,na,na
gdelt_a0a6d129,ca,Delegación del PCCh visita Brasil | Spanish . xinhuanet . com,2025-06-09 00:15:00,2025-06-09 00:15:00,2025-06-09 00:15:00,,,,0,0,0,0,0,0,na,na
gdelt_a0a9cba5,en,Minneapolis shooting : What we know about death of Alex Pretti,2026-01-25 14:00:00,2026-01-25 14:00:00,2026-01-21 00:00:00,,,,0,0,0,0,0,0,na,na
gdelt_a0baa08f,en,Palestinians forced into lockdown as Israel West Bank assault continues | Israel - Palestine conflict News,2025-11-29 08:45:00,2025-11-29 08:45:00,2025-11-29 08:45:00,,,,0,0,0,0,0,0,na,na
gdelt_a0ec34ca,zh-cn,美欧联合研发的新一代海洋监测卫星发射升空 - 新华网,2025-11-17 19:45:00,2025-11-17 19:45:00,2025-11-17 19:45:00,,,,0,0,0,0,0,0,na,na
gdelt_a107fad9,en,Stranded walkers rescued from rough sea at Lyme Regis,2025-09-15 07:00:00,2025-09-15 07:00:00,2025-09-15 07:00:00,,,,0,0,0,0,0,0,na,na
gdelt_a1c46024,pt,"Quem é Zohran Mamdani , o prefeito eleito de Nova York – DW – 05 / 11 / 2025",2025-11-05 17:15:00,2025-11-05 17:15:00,2025-11-05 00:00:00,2025-01-01 00:00:00,year,05 / 11 / 2025,1,1,1,1,1,1,tie,tie
gdelt_a1f170b9,en,Thailand influential ex - premier Thaksin Shinawatra leaves country amid turmoil,2025-09-05 06:45:00,2025-09-05 06:45:00,2025-09-05 06:45:00,,,,0,0,0,0,0,0,na,na
gdelt_a208e18f,fr,La Chine est prête à apporter de nouvelles contributions à la gouvernance marine mondiale ( ministre des AE ) - Xinhua,2026-03-26 11:00:00,2026-03-26 11:00:00,2026-03-26 11:00:00,,,,0,0,0,0,0,0,na,na
gdelt_a2133d95,en,"US tariff rate to hit 15 % or more for some nations , Greer says",2026-02-26 02:15:00,2026-02-26 02:15:00,2026-02-26 02:15:00,,,,0,0,0,0,0,0,na,na
gdelt_a2160e72,en,Trump says no imminent plans to penalise China for buying Russian oil,2025-08-16 11:45:00,2025-08-16 11:45:00,2025-08-16 11:45:00,,,,0,0,0,0,0,0,na,na
gdelt_a27021b5,en,Redditch e - scooter crash victim tells government  do not legalise them  ,2026-02-16 19:45:00,2026-02-16 19:45:00,2026-02-16 19:45:00,,,,0,0,0,0,0,0,na,na
gdelt_a2eb1c2a,ur,بلیک ستمبر : کیا 1970 میں فلسطینیوں کے  قتل عام  میں ضیاالحق بھی ملوث تھے ؟ ,2025-08-17 11:15:00,2025-08-17 11:15:00,2025-08-01 00:00:00,1970-01-01 00:00:00,year,1970,1,1,0,0,0,0,tie,tie
gdelt_a31b62f4,en,"Anna Wintour was Vogue . Now she gone , can the magazine stay relevant ? ",2025-09-07 09:00:00,2025-09-07 09:00:00,2025-09-07 09:00:00,,,,0,0,0,0,0,0,na,na
gdelt_a3a7aff0,so,Netanyahu oo ka welwelsan qorshaha Madaxweyne Trump,2026-01-19 02:00:00,2026-01-19 02:00:00,2026-11-01 00:00:00,,,,0,0,0,0,0,0,na,na
gdelt_a40c86e3,en,BBC Scotland HQ evacuated after fire breaks out,2025-12-01 17:15:00,2025-12-01 17:15:00,2025-12-01 17:15:00,,,,0,0,0,0,0,0,na,na
gdelt_a435be60,hr, „ Lažna dihotomija Bosne  – kako se proizvodi podela – DW – 30 . 9 . 2025 . ,2025-09-30 16:15:00,2025-09-30 16:15:00,2025-09-30 00:00:00,2025-01-01 00:00:00,year,2025,1,1,1,1,1,1,tie,tie
gdelt_a461b21f,en,Germany : Patient arrested after hospital fire in Hamburg – DW – 06 / 01 / 2025,2025-06-02 01:45:00,2025-06-01 00:00:00,2025-06-01 00:00:00,2025-01-01 00:00:00,year,06 / 01 / 2025,1,1,1,1,1,1,tie,tie
gdelt_a4698738,en,"Senegal 1 Egypt 0 – Sadio Mane gets one over Mohamed Salah , but is this the end for the Egyptian ? ",2026-01-15 04:00:00,2026-01-15 04:00:00,2026-01-15 04:00:00,,,,0,0,0,0,0,0,na,na
gdelt_a49695a5,en,Japan releases arrested Chinese fishing boat captain : Media,2026-02-14 13:45:00,2026-02-14 13:45:00,2026-02-14 13:45:00,,,,0,0,0,0,0,0,na,na
gdelt_a4b2cf0a,fr,Un indice révèle lamélioration de l  économie maritime chinoise - Xinhua,2025-06-09 11:00:00,2025-06-09 11:00:00,2025-06-09 11:00:00,,,,0,0,0,0,0,0,na,na
gdelt_a4fe315a,fr,Mexique : 62 morts dans les violences après la mort du baron de la drogue El Mencho - Xinhua,2026-02-24 22:45:00,2026-02-24 22:45:00,2026-02-24 22:45:00,,,,0,0,0,0,0,0,na,na
gdelt_a53b274c,en,Singapore Tonight - Thu 19 Feb 2026,2026-02-20 12:00:00,2026-02-20 12:00:00,2026-02-19 00:00:00,2026-02-01 00:00:00,month,Feb 2026,1,1,1,1,1,1,tie,tie
gdelt_a5645eeb,en,Taxi driver jailed over Pasir Ris accident that killed elderly woman,2025-06-11 19:15:00,2025-06-11 19:15:00,2025-06-11 19:15:00,,,,0,0,0,0,0,0,na,na
gdelt_a64052f0,uk,Більшість німців побоюється нападу РФ на НАТО - опитування – DW – 14 . 09 . 2025,2025-09-14 19:15:00,2025-09-14 19:15:00,2025-09-14 00:00:00,2025-01-01 00:00:00,year,2025,1,1,1,1,1,1,tie,tie
gdelt_a67aa16a,ko,郑州位居黄河流域发展第一梯队前列 - 新华网河南频道,2025-12-14 09:45:00,2025-12-14 09:45:00,2025-12-14 09:45:00,,,,0,0,0,0,0,0,na,na
gdelt_a7355a8e,en,Russian tanker struck off Turkiye as Ukraine targets  shadow fleet  | Russia - Ukraine war News,2025-12-02 23:45:00,2025-12-02 23:45:00,2025-12-02 23:45:00,,,,0,0,0,0,0,0,na,na
gdelt_a77d90fe,af,"D - Day veteran Jim Glennie , 100 , awarded honorary Aberdeen degree",2025-10-15 03:15:00,2025-10-15 03:15:00,2025-10-10 00:00:00,,,,0,0,0,0,0,0,na,na
gdelt_a7b27c6a,en,"Consumer watchdog puts beauty chain on alert list after complaints ; one customer allegedly charged S$370 , 000",2025-10-15 12:00:00,2025-10-15 12:00:00,2025-10-15 12:00:00,,,,0,0,0,0,0,0,na,na
gdelt_a811d30b,uk,МАГАТЕ : ЗАЕС під  єднали до резервного живлення – DW – 09 . 11 . 2025,2025-11-09 19:15:00,2025-11-09 19:15:00,2025-11-09 00:00:00,2025-01-01 00:00:00,year,2025,1,1,1,1,1,1,tie,tie
gdelt_a84763a2,en,  Conniving conman scam caused the demise of my company  ,2025-11-23 16:45:00,2025-11-23 16:45:00,2025-11-23 16:45:00,,,,0,0,0,0,0,0,na,na
gdelt_a85353f7,zh-cn,一顿地摊火锅  聊  来一个企业 - 新华网,2025-09-21 10:00:00,2025-09-21 10:00:00,2025-09-21 10:00:00,,,,0,0,0,0,0,0,na,na
gdelt_a8609521,en,  I wont use force  for Greenland : Key takeaways from Trump Davos speech | Donald Trump News,2026-01-22 10:00:00,2026-01-22 10:00:00,2026-01-22 10:00:00,,,,0,0,0,0,0,0,na,na
gdelt_a8cd0aad,en,CNA Explains : How the Qatar gas hub attack is driving rising electricity prices in Singapore,2026-03-20 21:15:00,2026-03-20 21:15:00,2026-03-20 21:15:00,,,,0,0,0,0,0,0,na,na
gdelt_a8d398f9,en,US inks trade deal with Indonesia,2026-02-20 21:45:00,2026-02-20 21:45:00,2026-02-20 21:45:00,,,,0,0,0,0,0,0,na,na
gdelt_a8fdc34a,bg,  Нищо вече не е нормално : в Израел са уморени от войната,2026-03-26 23:45:00,2026-03-26 23:45:00,2026-03-26 23:45:00,,,,0,0,0,0,0,0,na,na
gdelt_a900f163,en,"Boy , 14 , with MND unable to leave hospital as home not adaptable",2025-08-20 06:30:00,2025-08-14 00:00:00,2025-08-20 06:30:00,,,,0,0,0,0,0,0,na,na
gdelt_a907922d,en,Justin Bieber announces new surprise album Swag ll,2025-09-05 11:45:00,2025-09-05 11:45:00,2025-09-05 11:45:00,,,,0,0,0,0,0,0,na,na
gdelt_a94d9fe3,vi,"AI sẽ thay thế phần lớn con người , sau đó thì sao nữa ? ",2025-08-25 10:00:00,2025-08-25 10:00:00,2025-08-25 10:00:00,,,,0,0,0,0,0,0,na,na
gdelt_a99bfad1,en,"At COP30 , Germany faces climate credibility test – DW – 11 / 13 / 2025",2025-11-13 18:15:00,2025-11-13 00:00:00,2025-11-13 00:00:00,2025-01-01 00:00:00,year,11 / 13 / 2025,1,1,1,1,1,1,tie,tie
gdelt_aa130aef,ru,Ракетний удар по Дніпру : Уже 40 постраждалих – DW – 01 . 12 . 2025,2025-12-02 01:15:00,2025-12-02 01:15:00,2025-12-01 00:00:00,2025-01-01 00:00:00,year,2025,1,1,1,1,1,1,tie,tie
gdelt_aa4587ee,pl,Media : Niemcy planują wielki zakup czołgów – DW – 07 . 07 . 2025,2025-07-08 01:45:00,2025-07-08 01:45:00,2025-07-07 00:00:00,2025-01-01 00:00:00,year,2025,1,1,1,1,1,1,tie,tie
gdelt_aa9380c8,en,Activists arrested by Met Police over  mass shoplifting plans  ,2026-03-06 06:30:00,2026-03-06 06:30:00,2026-03-06 06:30:00,,,,0,0,0,0,0,0,na,na
gdelt_aa9a515b,zh-cn,为何越来越多孩子爱上科技馆 - 新华网河南频道,2025-06-02 08:00:00,2025-06-02 08:00:00,2025-06-02 08:00:00,,,,0,0,0,0,0,0,na,na
gdelt_aaedb3a1,en,What does the Iran war mean for the US defense sector ? ,2026-03-17 21:45:00,2026-03-17 21:45:00,2026-03-17 21:45:00,,,,0,0,0,0,0,0,na,na
gdelt_ab2eee35,pt,Como aeroporto de Bogotá desbancou os de São Paulo e Cidade do México e se tornou o mais movimentado da América Latina,2025-09-01 03:00:00,2025-09-01 03:00:00,2025-12-01 00:00:00,,,,0,0,0,0,0,0,na,na
gdelt_ab79f60e,id,ESDM Buka Suara soal Gunung Lawu Dilelang buat Proyek – DW – 20 . 10 . 2025,2025-10-20 16:45:00,2025-10-20 16:45:00,2025-10-20 00:00:00,2025-01-01 00:00:00,year,2025,1,1,1,1,1,1,tie,tie
gdelt_ab851b49,sq,Sulmet kibernetike në aeroporte : Çfarë duhet të dini – DW – 22 / 09 / 2025,2025-09-23 01:00:00,2025-09-23 01:00:00,2025-09-22 00:00:00,2025-01-01 00:00:00,year,22 / 09 / 2025,1,1,1,1,1,1,tie,tie
gdelt_ab85c3f5,sl,Brazil : Over 100 killed in major Rio drugs raid – DW – 10 / 29 / 2025,2025-10-30 01:45:00,2025-10-30 01:45:00,2025-10-29 00:00:00,2025-01-01 00:00:00,year,10 / 29 / 2025,1,1,1,1,1,1,tie,tie
gdelt_ab92371b,en,"World Legacy cruise ship fire : 1 crew member dead , 4 passengers sent to hospital for assessment",2026-02-20 23:45:00,2026-02-20 23:45:00,2026-02-20 23:45:00,,,,0,0,0,0,0,0,na,na
gdelt_ab960115,en,Trump warns new Venezuelan leader as Maduro set to appear in court,2026-01-05 11:15:00,2026-01-05 11:15:00,2026-01-05 11:15:00,,,,0,0,0,0,0,0,na,na
gdelt_ac11265c,en,Manhunt after woman dies following Southampton flats fall,2025-08-31 22:15:00,2025-08-31 22:15:00,2025-08-31 22:15:00,,,,0,0,0,0,0,0,na,na
gdelt_ac31d8ca,ru,Марк Рютте : Статус украинских территорий обсуждать придется – DW – 11 . 08 . 2025,2025-08-11 19:15:00,2025-08-11 19:15:00,2025-08-11 00:00:00,2025-01-01 00:00:00,year,2025,1,1,1,1,1,1,tie,tie
gdelt_ac39463a,en,Nvidia unveils  reasoning  AI technology for self - driving cars,2026-01-06 08:00:00,2026-01-06 08:00:00,2026-01-06 08:00:00,,,,0,0,0,0,0,0,na,na
gdelt_ace7f6bd,id,"Hormuz Memanas , AS Tunda Serangan ke Fasilitas Energi Iran",2026-03-27 23:15:00,2026-03-27 23:15:00,2026-03-25 00:00:00,,,,0,0,0,0,0,0,na,na
gdelt_ad1070e8,pl,Trump straszy cłami . Tak odpowiada Berlin,2026-01-20 01:30:00,2026-01-20 01:30:00,2026-01-20 01:30:00,,,,0,0,0,0,0,0,na,na
gdelt_ad44b4a4,en,How to watch Mexico vs . Dominican Republic in the Concacaf Gold Cup on Saturday,2025-06-14 21:30:00,2025-06-14 00:00:00,2025-06-14 00:00:00,,,,0,0,0,0,0,0,na,na
gdelt_ad762049,en,China growth slows as trade turmoil weighs on economy,2025-07-15 10:45:00,2025-07-15 10:45:00,2025-07-15 10:45:00,,,,0,0,0,0,0,0,na,na
gdelt_ad8c14aa,en,"FIFA , Australian government hold urgent talks over Iran women team future after Asian Cup exit",2026-03-09 20:00:00,2026-03-09 20:00:00,2026-03-09 20:00:00,,,,0,0,0,0,0,0,na,na
gdelt_adcc693e,pt,Lula na Assembleia Geral da ONU : presidente brasileiro chega fortalecido ou isolado ? ,2025-09-23 07:30:00,2025-09-23 07:30:00,2025-09-23 07:30:00,,,,0,0,0,0,0,0,na,na
gdelt_adf54e5d,en,Singapore drops to 7th worldwide in ability to attract and retain talent,2025-09-09 06:30:00,2025-09-09 06:30:00,2025-07-01 00:00:00,,,,0,0,0,0,0,0,na,na
gdelt_ae182ca2,en,"Gold surges past record $4 , 000 an ounce as uncertainty fuels rally",2025-10-08 11:30:00,2025-10-08 11:30:00,2025-10-08 11:30:00,,,,0,0,0,0,0,0,na,na
gdelt_ae44c4c9,en,"Iran accuses US of plotting ground attack , as Israel steps up bombardment",2026-03-30 07:45:00,2026-03-30 07:45:00,2026-03-30 07:45:00,,,,0,0,0,0,0,0,na,na
gdelt_ae6ba87b,es,Opinión de invitado : La ofensiva de Estados Unidos contra Venezuela y la nueva encrucijada de América Latina y el Caribe,2026-01-08 23:45:00,2026-01-08 23:45:00,2026-01-08 23:45:00,,,,0,0,0,0,0,0,na,na
gdelt_aee6bbe8,en,Philippine Marcos to meet Trump seeking trade deal | Donald Trump News,2025-07-22 01:45:00,2025-07-22 01:45:00,2025-07-22 01:45:00,,,,0,0,0,0,0,0,na,na
gdelt_aef8bb90,en,Ukraine accuses Hungary of sending spy drones into its airspace,2025-09-27 02:45:00,2025-09-27 02:45:00,2025-09-27 02:45:00,,,,0,0,0,0,0,0,na,na
gdelt_af25c9af,en,"  We dont blame dad for killing mum , he was ill  ",2025-12-15 22:30:00,2025-12-15 22:30:00,2025-12-10 00:00:00,,,,0,0,0,0,0,0,na,na
gdelt_b04fc437,en,Five men lynched in Guatemala after allegations of theft after quake,2025-07-12 15:45:00,2025-07-12 15:45:00,2025-07-12 15:45:00,,,,0,0,0,0,0,0,na,na
gdelt_b05668a8,en,VJ Day : WW2 prisoner  told not to speak  of what happened,2025-09-02 14:00:00,2025-09-02 14:00:00,2025-09-02 14:00:00,,,,0,0,0,0,0,0,na,na
gdelt_b06221b2,ko,香港举办系列论坛探讨  策动金融科技新时代 - 新华网,2025-11-04 10:00:00,2025-11-04 10:00:00,2025-11-04 10:00:00,,,,0,0,0,0,0,0,na,na
gdelt_b0716ce7,en,SFA recalls two more batches of formula milk products over presence of cereulide toxin,2026-03-15 17:15:00,2026-03-15 17:15:00,2026-03-15 17:15:00,,,,0,0,0,0,0,0,na,na
gdelt_b0c2052d,fr,Les Etats - Unis vont cesser de percevoir certains droits de douane suite à la décision de la Cour suprême - Xinhua,2026-02-24 18:15:00,2026-02-24 18:15:00,2026-02-24 18:15:00,,,,0,0,0,0,0,0,na,na
gdelt_b0cdf1f5,zh-cn,新华网文化观察丨地坛书市 ， 为何年年  圈粉 - 新华网,2025-09-25 10:30:00,2025-09-25 10:30:00,2025-09-25 10:30:00,,,,0,0,0,0,0,0,na,na
gdelt_b0e953e2,en,Trump sets new tariffs on dozens of countrie exports | Donald Trump News,2025-08-01 09:15:00,2025-08-01 09:15:00,2025-08-01 09:15:00,,,,0,0,0,0,0,0,na,na
gdelt_b100e6d1,uk,Соцвиплати у ФРН : за рік 421 випадок групових зловживань – DW – 28 . 07 . 2025,2025-07-28 17:30:00,2025-07-28 17:30:00,2025-07-28 00:00:00,2025-01-01 00:00:00,year,2025,1,1,1,1,1,1,tie,tie
gdelt_b14a568d,es,Hallan 18 migrantes muertos en barco a la deriva cerca de Creta,2025-12-07 09:15:00,2025-12-07 09:15:00,2025-12-01 00:00:00,,,,0,0,0,0,0,0,na,na
gdelt_b14c3383,ru,Трамп : Иран хочет возобновить переговоры и США согласны,2026-03-02 03:45:00,2026-03-02 03:45:00,2026-03-02 03:45:00,,,,0,0,0,0,0,0,na,na
gdelt_b16b7810,fa,هنگام وقوع زلزله چه باید کرد ؟ - BBC News فارسی,2025-09-01 17:15:00,2025-09-01 17:15:00,2025-09-01 17:15:00,,,,0,0,0,0,0,0,na,na
gdelt_b17ee0a1,en,Spending Review : Shaping Scotland priorities for years to come,2025-06-11 09:30:00,2025-06-11 00:00:00,2025-06-01 00:00:00,,,,0,0,0,0,0,0,na,na
gdelt_b2676ac1,sw,Trump ajitosa katika jitihada za kutafuta amani Sudan – DW – 20 . 11 . 2025,2025-11-20 19:00:00,2025-11-20 00:00:00,2025-11-20 00:00:00,2025-01-01 00:00:00,year,2025,1,1,1,1,1,1,tie,tie
gdelt_b28f8900,ko,元旦假期海口市秀英区文旅消费活力强劲  沉浸式  体验受游客青睐 - 新华网,2026-01-05 19:45:00,2026-01-05 19:45:00,2026-01-05 19:45:00,,,,0,0,0,0,0,0,na,na
gdelt_b312f861,en,Tehran shrouded in thick smog as Iran burns dirty fuel amid energy crisis,2025-11-25 04:30:00,2025-11-25 04:30:00,2025-11-25 04:30:00,,,,0,0,0,0,0,0,na,na
gdelt_b38f7c16,uk,Війська РФ обстріляли Запоріжжя й Дніпропетровщину,2026-01-19 03:45:00,2026-01-19 03:45:00,2026-01-19 03:45:00,,,,0,0,0,0,0,0,na,na
gdelt_b3bb819e,tr, büyklerin sponsoru Gain Medyaya kayyum atandı – DW – 16 . 12 . 2025,2025-12-16 19:15:00,2025-12-16 19:15:00,2025-12-16 00:00:00,2025-01-01 00:00:00,year,2025,1,1,1,1,1,1,tie,tie
gdelt_b4013b45,ar,كيف فرضت مظاهرات جيل Z تغييرات في نيبال ؟ ,2025-09-15 02:00:00,2025-09-15 02:00:00,2025-09-15 02:00:00,,,,0,0,0,0,0,0,na,na
gdelt_b4105437,fr,Trois scientifiques remportent le prix Nobel de physique pour leur découverte des phénomènes quantiques macroscopiques - Xinhua,2025-10-08 10:30:00,2025-10-08 10:30:00,2025-10-08 10:30:00,,,,0,0,0,0,0,0,na,na
gdelt_b43bac48,en,"Minnesota lawmaker shot dead , another wounded in targeted attack : Governor",2025-06-14 23:30:00,2025-06-14 23:30:00,2025-06-14 23:30:00,,,,0,0,0,0,0,0,na,na
gdelt_b446ba9b,sw,Tetesi za soka Ulaya Jumapili : Reijnders mbioni kuhamia Man City,2025-06-08 13:15:00,2025-06-08 00:00:00,2025-06-08 00:00:00,,,,0,0,0,0,0,0,na,na
gdelt_b44ed42c,en,Wimbledon 2025 : Carlos Alcaraz wins set against Jannik Sinner with stunning winner,2025-07-14 01:45:00,2025-07-14 00:00:00,2025-01-01 00:00:00,2025-01-01 00:00:00,year,2025,1,1,1,1,1,1,tie,tie
gdelt_b4906a06,bg,Жертви при стрелба в училище в Австрия . Какво е известно ? – DW – 10 . 06 . 2025,2025-06-10 18:45:00,2025-06-10 18:45:00,2025-06-10 00:00:00,2025-01-01 00:00:00,year,2025,1,1,1,1,1,1,tie,tie
gdelt_b4cb7cf9,zh-cn,2025年海峡两岸休闲农业发展 （ 海南 ） 研讨会开幕 - 新华网,2025-10-30 11:15:00,2025-10-30 00:00:00,2025-01-01 00:00:00,2025-01-01 00:00:00,year,2025年,1,1,1,1,1,1,tie,tie
gdelt_b4fee75e,af,Ukraine drones strike deep in Russian territory on eve of new talks,2025-06-02 10:00:00,2025-06-02 10:00:00,2025-06-02 10:00:00,,,,0,0,0,0,0,0,na,na
gdelt_b50ce2f4,en,"Not  a litre of oil  to pass Strait of Hormuz , expect $200 price tag : Iran | US - Israel war on Iran News",2026-03-12 01:15:00,2026-03-12 01:15:00,2026-03-12 01:15:00,,,,0,0,0,0,0,0,na,na
gdelt_b52d6b62,en,"Man jailed after police seize cocaine worth £300 , 000 in Aberdeen",2026-03-06 21:30:00,2026-03-06 21:30:00,2026-03-06 21:30:00,,,,0,0,0,0,0,0,na,na
gdelt_b52e97f0,pt,O alemão que foi o  homem mais rico que já existiu  – DW – 16 / 12 / 2025,2025-12-17 04:15:00,2025-12-17 04:15:00,2025-12-16 00:00:00,2025-01-01 00:00:00,year,16 / 12 / 2025,1,1,1,1,1,1,tie,tie
gdelt_b59ee3d4,en,Nottingham baby data loss  likely intentional or malicious  ,2025-06-11 00:45:00,2025-06-11 00:45:00,2025-06-11 00:45:00,,,,0,0,0,0,0,0,na,na
gdelt_b5c26c9e,hr,FAZ : Vučić potrošio sav kredit koji mu je EU dao,2026-02-04 18:45:00,2026-02-04 18:45:00,2026-01-29 00:00:00,,,,0,0,0,0,0,0,na,na
gdelt_b5d63763,en,"Woman admits being part of trio that cheated retiree of over S$44 , 000 to lift  curse  ",2025-07-18 13:30:00,2025-07-18 13:30:00,2025-07-18 13:30:00,,,,0,0,0,0,0,0,na,na
gdelt_b623519e,en,"Committee of Supply 2026 debate , Day 5 : Lee Hui Ying on animals in urban spaces",2026-03-04 14:30:00,2026-03-04 14:30:00,2026-01-01 00:00:00,2026-01-01 00:00:00,year,2026,1,1,1,1,1,1,tie,tie
gdelt_b62a2aa8,mk,В Волгограде из - за дронов произошли утечка и пожар на НПЗ – DW – 14 . 08 . 2025,2025-08-14 13:45:00,2025-08-14 13:45:00,2025-08-14 00:00:00,2025-01-01 00:00:00,year,2025,1,1,1,1,1,1,tie,tie
gdelt_b66f45ca,en,Ecuador votes on return of US military bases to tackle drug violence,2025-11-17 05:00:00,2025-11-17 05:00:00,2025-11-17 05:00:00,,,,0,0,0,0,0,0,na,na
gdelt_b68cc099,sw,Marekani yasema imerejesha $500m kwa Venezuela,2026-02-04 12:15:00,2026-02-04 03:55:00,2026-02-04 12:15:00,,,,0,0,0,0,0,0,na,na
gdelt_b6a84534,tl,Super Typhoon Ragasa hits Hong Kong,2025-09-24 13:30:00,2025-09-24 13:30:00,2025-09-24 13:30:00,,,,0,0,0,0,0,0,na,na
gdelt_b6cb29cd,en,France to reintroduce voluntary military service amid fears of Russian threat,2025-11-28 23:30:00,2025-11-28 23:30:00,2025-11-28 23:30:00,,,,0,0,0,0,0,0,na,na
gdelt_b724faac,en,"US , Iran exchange threats of broadscale war in latest sabre rattling",2026-01-21 20:15:00,2026-01-21 20:15:00,2026-01-21 20:15:00,,,,0,0,0,0,0,0,na,na
gdelt_b7b8c581,en,Trump seeks to delay meeting with China Xi by  month or so  amid Iran war | US - Israel war on Iran News,2026-03-17 10:00:00,2026-03-17 10:00:00,2026-03-17 10:00:00,,,,0,0,0,0,0,0,na,na
gdelt_b7e36baa,en,England know seven of their World Cup 2026 starters . What about the rest ? ,2025-11-13 15:30:00,2025-11-13 15:30:00,2026-01-01 00:00:00,2026-01-01 00:00:00,year,2026,1,1,0,1,0,1,v2_better,v2_better
gdelt_b87891fe,en,"LIVE : Israel pounds Gaza City , kills at least 57 across Strip | Israel - Palestine conflict News",2025-08-18 05:00:00,2025-08-18 05:00:00,2025-08-18 05:00:00,,,,0,0,0,0,0,0,na,na
gdelt_b8881723,zh-cn,科学与健康|  频繁洗头致脱发  伤口须用酒精消毒  是真是假 ？ 健康解读来了 - 新华网,2025-07-07 12:30:00,2025-07-07 12:30:00,2025-07-07 12:30:00,,,,0,0,0,0,0,0,na,na
gdelt_b894e038,en,"Glencore to sell struggling copper refinery to Filipino billionaire , Bloomberg News reports",2025-07-09 07:15:00,2025-07-09 07:15:00,2025-07-09 07:15:00,,,,0,0,0,0,0,0,na,na
gdelt_b97a1658,fa,سفر شگفت‌انگیز یک ستاره ؛ صلاح چگونه « پادشاه مصر » شد ؟ ,2025-08-24 22:00:00,2025-08-24 22:00:00,2025-08-24 22:00:00,,,,0,0,0,0,0,0,na,na
gdelt_b99bf820,en,Sofa loving corgi set for epic coastal walk in memory of owner,2026-02-15 20:30:00,2026-02-15 20:30:00,2026-02-15 20:30:00,,,,0,0,0,0,0,0,na,na
gdelt_ba62e66e,en,"LIVE : Conditions in Gaza City under Israeli attack  unthinkable , says UN | Israel - Palestine conflict News",2025-09-05 05:15:00,2025-09-05 05:15:00,2025-09-05 05:15:00,,,,0,0,0,0,0,0,na,na
gdelt_bad99afb,en,"Israel army says over 250 , 000 residents have left Gaza City",2025-09-13 18:30:00,2025-09-13 18:30:00,2025-09-13 18:30:00,,,,0,0,0,0,0,0,na,na
gdelt_bb7d511e,zh-cn,  从武夷山带去的茶苗 ， 已枝繁叶茂 - 新华网,2025-11-17 20:15:00,2025-11-17 20:15:00,2025-11-17 20:15:00,,,,0,0,0,0,0,0,na,na
gdelt_bbed2aa5,en,"Steph Curry and old - guard Warriors show they can still dunk on you , too",2025-11-16 04:15:00,2025-11-16 04:15:00,2025-11-16 04:15:00,,,,0,0,0,0,0,0,na,na
gdelt_bc556a0e,ko,我国首台铁路隧道双动力智能捣固车在昆下线 _ 新华网,2026-03-28 14:30:00,2026-03-28 14:30:00,2026-03-28 14:30:00,,,,0,0,0,0,0,0,na,na
gdelt_bcab234a,mk,Кај притворот за Груби „ два плус два  не се четири,2026-02-25 17:30:00,2026-02-25 17:30:00,2026-02-25 17:30:00,,,,0,0,0,0,0,0,na,na
gdelt_bcc1d49f,en,Former head teacher : Pupil attack  ended my career  ,2026-02-09 17:15:00,2026-02-09 17:15:00,2026-02-09 17:15:00,,,,0,0,0,0,0,0,na,na
gdelt_bce664f2,uk,Лідери ЄС 19 серпня обговорять переговори у Білому домі – DW – 18 . 08 . 2025,2025-08-19 01:45:00,2025-08-19 01:45:00,2025-08-18 00:00:00,2025-01-01 00:00:00,year,2025,1,1,1,1,1,1,tie,tie
gdelt_bcf030a3,en,Volunteers patrol Thai villages as artillery rains at Cambodia border,2025-12-15 11:45:00,2025-12-15 11:45:00,2025-12-15 11:45:00,,,,0,0,0,0,0,0,na,na
gdelt_bcf7aa17,en,"Sudan violence could be war crimes , says ICC prosecutor",2025-11-04 02:15:00,2025-11-04 02:15:00,2025-11-04 02:15:00,,,,0,0,0,0,0,0,na,na
gdelt_bd7c8615,es,Escalada militar en Gaza deja al menos 46 muertos pese a acuerdo de cese al fuego,2025-10-20 11:30:00,2025-10-20 11:30:00,2025-10-01 00:00:00,,,,0,0,0,0,0,0,na,na
gdelt_bd85f835,zh-cn, 《 中老铁路发展报告 （ 2025 ）》 在昆发布 _ 新华网,2025-12-22 12:00:00,2025-12-22 12:00:00,2025-01-01 00:00:00,2025-01-01 00:00:00,year,2025,1,1,1,1,1,1,tie,tie
gdelt_bdb84d56,en,Building community resilience next step for mental health progress : Experts,2025-10-11 23:45:00,2025-10-11 23:45:00,2025-10-11 23:45:00,,,,0,0,0,0,0,0,na,na
gdelt_bdccc1f7,en,Child sex abuse victim begs Elon Musk to remove links to her images,2025-08-26 07:45:00,2025-08-26 07:45:00,2025-08-26 07:45:00,,,,0,0,0,0,0,0,na,na
gdelt_be01bb8f,hr,Rasizam na tržištu nekretnina u Njemačkoj – DW – 28 . 12 . 2025,2025-12-28 22:00:00,2025-12-28 22:00:00,2025-12-28 00:00:00,2025-01-01 00:00:00,year,2025,1,1,1,1,1,1,tie,tie
gdelt_be7f2765,en,Trent Alexander - Arnold Liverpool mural defaced before Anfield return,2025-11-05 03:15:00,2025-11-05 03:15:00,2025-11-05 03:15:00,,,,0,0,0,0,0,0,na,na
gdelt_bebab4ee,ko,宁波深化建设全域高水平创新型城市 - 新华网,2026-02-24 12:00:00,2026-02-24 12:00:00,2026-02-24 12:00:00,,,,0,0,0,0,0,0,na,na
gdelt_bede4480,mk,Соработка со АфД : Се урива ли „ заштитниот ѕид ? ,2026-03-17 19:45:00,2026-03-17 19:45:00,2026-03-17 19:45:00,,,,0,0,0,0,0,0,na,na
gdelt_bf095161,zh-cn,人民币市场汇价 （ 10月13日 ）- 新华网,2025-10-13 11:45:00,2010-10-13 00:00:00,2025-10-13 00:00:00,2025-10-13 00:00:00,day,10月13日,1,1,0,1,0,1,v2_better,v2_better
gdelt_bf2fb370,es,Venezuela afirma que Estados Unidos  triplicó  vuelos espía – DW – 14 / 09 / 2025,2025-09-15 06:15:00,2025-09-15 06:15:00,2025-09-14 00:00:00,2025-01-01 00:00:00,year,14 / 09 / 2025,1,1,1,1,1,1,tie,tie
gdelt_bf86f2ee,sw,Viongozi wa Ulaya kukutana Paris kuijadili Ukraine – DW – 02 . 09 . 2025,2025-09-03 00:45:00,2025-09-03 00:00:00,2025-09-02 00:00:00,2025-01-01 00:00:00,year,2025,1,1,1,1,1,1,tie,tie
gdelt_bfb1f431,id,Posisi Eropa dalam perang AS – Israel dengan Iran,2026-03-10 13:45:00,2026-03-10 13:45:00,2026-03-10 13:45:00,,,,0,0,0,0,0,0,na,na
gdelt_c001be58,ko,积石山地震灾后恢复重建项目全部完工 - 新华网,2025-10-19 10:15:00,2025-10-19 10:15:00,2025-10-19 10:15:00,,,,0,0,0,0,0,0,na,na
gdelt_c04f63d2,es,"OMC eleva previsión de crecimiento del comercio mundial en 2025 a 2 , 4 por ciento",2025-10-08 09:30:00,2025-10-08 09:30:00,2025-01-01 00:00:00,,,,0,0,0,0,0,0,na,na
gdelt_c055c953,en,The London school swapping truancy fines for awareness courses,2025-11-23 19:00:00,2025-11-23 19:00:00,2025-11-23 19:00:00,,,,0,0,0,0,0,0,na,na
gdelt_c0993afe,uk,Підпал енегромережі у Берліні : встановлено підозрюваних,2026-03-25 03:45:00,2026-03-25 03:45:00,2026-03-25 03:45:00,,,,0,0,0,0,0,0,na,na
gdelt_c0b0e1f9,fr,Le chef du Hezbollah promet de poursuivre la lutte contre Israël - Xinhua,2026-02-11 08:45:00,2026-02-11 08:45:00,2026-02-11 08:45:00,,,,0,0,0,0,0,0,na,na
gdelt_c0c68c6a,zh-cn,经济学家 ： 德国目前的情形非常严峻 – DW – 2025年10月27日,2025-10-27 19:45:00,2025-10-27 00:00:00,2025-10-27 00:00:00,2025-10-27 00:00:00,day,2025年10月27日,1,1,1,1,1,1,tie,tie
gdelt_c0e05cb9,sw,Yafahamu mambo matatu yenye utata katika mswada wa fedha wa Kenya 2025,2025-06-10 17:45:00,2025-06-10 00:00:00,2025-01-01 00:00:00,2025-01-01 00:00:00,year,2025,1,1,1,1,1,1,tie,tie
gdelt_c190a737,en,What we know on day five of US - Israeli attacks on Iran,2026-03-04 18:45:00,2026-03-04 18:45:00,2026-03-04 00:00:00,,,,0,0,0,0,0,0,na,na
gdelt_c1b1e91d,en,Trail hunting to be banned as part of new animal welfare strategy,2025-12-21 20:00:00,2025-12-21 20:00:00,2025-12-21 20:00:00,,,,0,0,0,0,0,0,na,na
gdelt_c1bd875a,pl, „ Szokujące  i „ głupie . Trump atakuje partnerów z NATO,2026-03-18 18:15:00,2026-03-18 18:15:00,2026-03-18 18:15:00,,,,0,0,0,0,0,0,na,na
gdelt_c1bfb0d6,ur,پی آئی اے کی خریداری کے لیے عارف حبیب اور لکی گروپس کے درمیان مقابلہ : بولی 121 ارب روپے تک پہنچ گئی,2025-12-23 21:45:00,2025-12-23 21:45:00,2025-12-23 21:45:00,,,,0,0,0,0,0,0,na,na
gdelt_c1c8890a,en,Man in court over nine sex attacks in single evening in Edinburgh,2025-12-23 07:00:00,2025-12-23 07:00:00,2025-12-23 07:00:00,,,,0,0,0,0,0,0,na,na
gdelt_c1e80a6e,en,"Lena Dunham on fatphobia , dating advice and her new London rom - com Too Much",2025-07-07 08:00:00,2025-07-07 08:00:00,2025-07-07 08:00:00,,,,0,0,0,0,0,0,na,na
gdelt_c1efbe66,ru,Renault изучает возможность производства БПЛА в Украине – DW – 09 . 06 . 2025,2025-06-09 10:00:00,2025-06-09 10:00:00,2025-06-09 00:00:00,2025-01-01 00:00:00,year,2025,1,1,1,1,1,1,tie,tie
gdelt_c20e4470,ko,马来西亚高等法院驳回前总理居家监禁申请 - 新华网,2025-12-22 15:45:00,2025-12-22 15:45:00,2025-12-22 15:45:00,,,,0,0,0,0,0,0,na,na
gdelt_c21f012d,en,"One dead , nine injured in shooting at Mormon church in Michigan : Police",2025-09-29 04:45:00,2025-09-29 04:45:00,2025-09-29 04:45:00,,,,0,0,0,0,0,0,na,na
gdelt_c276633f,hi,बिना नतीजा खत्म हुई एमएच 370 उड़ान की तलाश,2026-03-09 04:45:00,2026-03-09 04:45:00,2026-03-09 04:45:00,,,,0,0,0,0,0,0,na,na
gdelt_c2929dcc,uk,"Кадр , на який пішло 10 років  полювання  - BBC News Україна",2025-10-15 18:15:00,2025-10-15 18:15:00,2025-10-15 18:15:00,,,,0,0,0,0,0,0,na,na
gdelt_c2d27ae8,fa,مدیرکل آژانس به ایران : نمی‌شود بگویید که عضو ان‌پی‌تی هستیم اما به تعهدات خود عمل نمی‌کنیم,2025-11-05 21:00:00,2025-11-05 21:00:00,2025-11-05 21:00:00,,,,0,0,0,0,0,0,na,na
gdelt_c2e21eb3,en,Head of China world - famous Buddhist sanctuary Shaolin Temple under criminal investigation,2025-07-28 08:00:00,2025-07-28 08:00:00,2025-07-28 08:00:00,,,,0,0,0,0,0,0,na,na
gdelt_c2e96069,en,"Over 17 , 000 cartons of contraband cigarettes seized in largest inland haul of 2025",2025-12-08 12:15:00,2025-12-08 00:00:00,2025-01-01 00:00:00,2025-01-01 00:00:00,year,of 2025,1,1,1,1,1,1,tie,tie
gdelt_c2f00887,en,Yellow stickers and fridge hacks : How to feed children for less in the holidays holidays,2025-08-17 10:30:00,2025-08-17 10:30:00,2025-08-17 10:30:00,,,,0,0,0,0,0,0,na,na
gdelt_c3bc7d15,en,Claire Foy says she quit caffeine after having parasites for five years,2026-02-04 20:45:00,2021-02-04 20:45:00,2026-02-04 20:45:00,,,,0,0,0,0,0,0,na,na
gdelt_c3bf7138,en,Women Euro 2025 : Hosts Switzerland lose opening game to Norway but Pia Sundhage still targets quarter - finals,2025-07-03 13:00:00,2025-07-03 00:00:00,2025-01-01 00:00:00,2025-01-01 00:00:00,year,2025,1,1,1,1,1,1,tie,tie
gdelt_c449e8a4,zh-cn,寒露时节养生重在防寒防燥 - 新华网,2025-10-08 13:00:00,2025-10-08 13:00:00,2025-10-08 13:00:00,,,,0,0,0,0,0,0,na,na
gdelt_c482fdee,ko,泰兴领导干部任前公示 _ 新华网江苏频道,2025-08-20 12:45:00,2025-08-20 12:45:00,2025-08-20 12:45:00,,,,0,0,0,0,0,0,na,na
gdelt_c4c62669,fr,La COP30 transforme une enclave amazonienne en un haut lieu mondial de la lutte contre le changement climatique - Xinhua,2025-11-17 11:30:00,2025-11-17 11:30:00,2025-11-17 11:30:00,,,,0,0,0,0,0,0,na,na
gdelt_c4e70ef7,en,Radio 2 Sara Cox starts 135 - mile run for Children in Need,2025-11-11 07:30:00,2025-11-11 07:30:00,2025-11-11 07:30:00,,,,0,0,0,0,0,0,na,na
gdelt_c4f55461,fr,République de Corée : lex - président Yoon fait appel de sa condamnation à perpétuité pour insurrection - Xinhua,2026-02-24 14:00:00,2026-02-24 14:00:00,2026-02-21 00:00:00,,,,0,0,0,0,0,0,na,na
gdelt_c53702c7,en,South Korean president vows to reveal truth on anniversary of Jeju Air crash,2025-12-29 12:15:00,2025-12-29 12:15:00,2025-12-29 12:15:00,,,,0,0,0,0,0,0,na,na
gdelt_c694fab5,ru,"Смерть , расчленения , магические амулеты . Сьерра - Леоне захлестнула волна ритуальных убийств",2025-11-26 00:45:00,2025-11-26 00:45:00,2025-11-26 00:45:00,,,,0,0,0,0,0,0,na,na
gdelt_c6a65a4a,es,Brasil expande sus exportaciones a más de 80 países | Spanish . xinhuanet . com,2025-12-16 14:15:00,2025-12-16 14:15:00,2025-12-01 00:00:00,,,,0,0,0,0,0,0,na,na
gdelt_c6be6cc3,zh-cn,美国20个州联合指控特朗普政府共享医保数据违法 - 新华网,2025-07-02 23:00:00,2025-07-02 23:00:00,2025-07-02 23:00:00,,,,0,0,0,0,0,0,na,na
gdelt_c740f7be,en,Daughter follows dad into  dream job  of monster truck driving,2025-09-14 16:15:00,2025-09-14 16:15:00,2025-09-14 16:15:00,,,,0,0,0,0,0,0,na,na
gdelt_c78e42d7,pt,Saída dos EUA da OMS ameaça décadas de avanços na África,2026-02-03 01:45:00,2026-02-03 01:45:00,2026-02-03 01:45:00,,,,0,0,0,0,0,0,na,na
gdelt_c7c2bb38,en,LIVE : Israel kills 45 in Gaza today as UN says starvation  worse than ever  | Israel - Palestine conflict News,2025-07-12 07:00:00,2025-07-12 07:00:00,2025-07-12 07:00:00,2025-07-12 00:00:00,day,today,1,1,1,1,1,1,tie,tie
gdelt_c84960da,tr,Trump : Barış Kurulu Gazzeye 5 milyar dolar yardım yapacak,2026-02-16 16:45:00,2026-02-16 16:45:00,2026-02-16 16:45:00,,,,0,0,0,0,0,0,na,na
gdelt_c8a9d7b0,lt,Zelenskyy nominates Yulia Svyrydenko as new Ukraine PM,2025-07-15 01:00:00,2025-07-15 01:00:00,2025-07-15 01:00:00,,,,0,0,0,0,0,0,na,na
gdelt_c8ae5196,en,Watch : BBC at the scene of Ukrainian government building strike,2025-09-07 20:15:00,2025-09-07 20:15:00,2025-09-07 20:15:00,,,,0,0,0,0,0,0,na,na
gdelt_c9367f86,ru,Reuters : Парализованы 40 % мощностей России по экспорту нефти,2026-03-26 15:30:00,2026-03-26 15:30:00,2026-03-26 15:30:00,,,,0,0,0,0,0,0,na,na
gdelt_c9a3a56d,es,"Campaña militar de Israel  no ha acabado  pese a tregua en Gaza , dice Netanyahu",2025-10-13 11:30:00,2025-10-13 11:30:00,2025-10-01 00:00:00,,,,0,0,0,0,0,0,na,na
gdelt_c9b8890a,en,Israel orders destruction of bridges in Lebanon and homes near Israeli border,2026-03-22 21:45:00,2026-03-22 21:45:00,2026-03-22 21:45:00,,,,0,0,0,0,0,0,na,na
gdelt_c9df1b87,en,Interim Lions head coach Gavin Lee to discuss top job after Asian Cup decider against Hong Kong,2025-11-18 00:45:00,2025-11-18 00:45:00,2025-11-18 00:45:00,,,,0,0,0,0,0,0,na,na
gdelt_c9e1f998,fr,Tableau final des médailles des Jeux olympiques dhiver de Milan - Cortina - Xinhua,2026-02-23 10:00:00,2026-02-23 10:00:00,2026-02-23 10:00:00,,,,0,0,0,0,0,0,na,na
gdelt_ca650820,en,Rise of C - beauty : Chinese cosmetic brands build momentum in Southeast Asia and beyond,2026-02-27 16:30:00,2026-02-27 16:30:00,2026-02-27 16:30:00,,,,0,0,0,0,0,0,na,na
gdelt_caa77f41,en,"Woman who made construction workers hold up placards demanding payment fined , along with husband",2025-09-26 17:45:00,2025-09-26 17:45:00,2025-09-26 17:45:00,,,,0,0,0,0,0,0,na,na
gdelt_cab699df,en,Indonesia temporarily blocks access to Grok over sexualised images,2026-01-10 18:30:00,2026-01-10 18:30:00,2026-01-10 18:30:00,,,,0,0,0,0,0,0,na,na
gdelt_cacc9cf3,lt,Gaza : Asosiasi Cendekia Vonis Israel Lakukan Genosida – DW – 02 . 09 . 2025,2025-09-02 22:15:00,2025-09-02 22:15:00,2025-09-02 00:00:00,2025-01-01 00:00:00,year,2025,1,1,1,1,1,1,tie,tie
gdelt_cb1cba9c,uk,Кінець ядерному табу ? Неядерна політика Японії під питанням – DW – 01 . 12 . 2025,2025-12-02 06:15:00,2025-12-02 06:15:00,2025-12-01 00:00:00,2025-01-01 00:00:00,year,2025,1,1,1,1,1,1,tie,tie
gdelt_cb29d4d2,sw,Maandamano ya vijana wa GenZ yaendelea kushuhudiwa Afrika – DW – 05 . 10 . 2025,2025-10-05 20:15:00,2025-10-05 00:00:00,2025-10-05 00:00:00,2025-01-01 00:00:00,year,2025,1,1,1,1,1,1,tie,tie
gdelt_cb5c1de8,da,US sending anti - drone system to Denmark for EU summit,2025-10-01 03:45:00,2025-10-01 03:45:00,2025-09-25 00:00:00,,,,0,0,0,0,0,0,na,na
gdelt_cb663d5e,zh-cn,贵州工程建设项目审批改革成效初显 - 新华网,2025-07-15 14:00:00,2025-07-15 14:00:00,2025-07-15 14:00:00,,,,0,0,0,0,0,0,na,na
gdelt_cb6eb917,en,Myanmar junta says voter turnout at 52 % in first phase of election,2025-12-31 13:30:00,2025-12-31 13:30:00,2025-12-31 13:30:00,,,,0,0,0,0,0,0,na,na
gdelt_cb7d42af,es,China presenta su primer documento de política integral que describe su postura sobre la reforma de la OMC,2026-02-20 09:45:00,2026-02-20 09:45:00,2026-02-20 09:45:00,,,,0,0,0,0,0,0,na,na
gdelt_cb8bb26f,en,Philippine President Marcos says seven arrested over corruption scandal,2025-11-24 14:45:00,2025-11-24 14:45:00,2025-11-24 14:45:00,,,,0,0,0,0,0,0,na,na
gdelt_cb8bd280,de,Revolutionsgarden : langsame Erosion oder plötzliche Kollaps ? ,2026-03-18 02:15:00,2026-03-18 02:15:00,2026-03-18 02:15:00,,,,0,0,0,0,0,0,na,na
gdelt_cb9f8846,mk,Какви итни мерки се потребни за заживување на Германија ? – DW – 2 . 06 . 2025,2025-06-02 13:15:00,2025-06-02 13:15:00,2025-06-02 00:00:00,2025-01-01 00:00:00,year,2025,1,1,1,1,1,1,tie,tie
gdelt_cbd1969f,zh-cn,浙江气温将迎大起大落 - 新华网,2025-12-07 12:00:00,2025-12-07 12:00:00,2025-12-07 12:00:00,,,,0,0,0,0,0,0,na,na
gdelt_cbe2eae6,mr,बातम्या - BBC News मराठी,2025-11-24 23:15:00,2025-11-24 23:15:00,2025-11-24 23:15:00,,,,0,0,0,0,0,0,na,na
gdelt_cbfc96b2,hr,Izvješće o zlostavljanju Palestinaca u izraelskim zatvorima,2026-01-21 18:30:00,2026-01-21 18:30:00,2026-01-21 18:30:00,,,,0,0,0,0,0,0,na,na
gdelt_cc048f00,en,Four years of war : Ukrainians endure another winter hardship as peace talks stall,2026-02-24 19:45:00,2022-02-24 19:45:00,2026-02-24 19:45:00,,,,0,0,0,0,0,0,na,na
gdelt_cc225649,en,"NBA All - Deadline Team : Giannis , Jonathan Kuminga and following the money",2025-12-17 01:15:00,2025-12-17 01:15:00,2025-12-17 01:15:00,,,,0,0,0,0,0,0,na,na
gdelt_cc3e6ece,en,Map : Tracking Tropical Storm Barbara,2025-06-09 00:30:00,2025-06-09 00:30:00,2025-06-09 00:30:00,,,,0,0,0,0,0,0,na,na
gdelt_cc87c169,fr,  Couper internet nefface pas les vrais problèmes  ,2026-03-18 04:45:00,2026-03-18 04:45:00,2026-03-18 04:45:00,,,,0,0,0,0,0,0,na,na
gdelt_cce0a95b,el,AfD : « Ο δρόμος προς την καγκελαρία » – DW – 16 / 09 / 2025,2025-09-17 01:45:00,2025-09-17 01:45:00,2025-09-16 00:00:00,2025-01-01 00:00:00,year,16 / 09 / 2025,1,1,1,1,1,1,tie,tie
gdelt_cd572969,en,Tatsuya Imai says hed rather pave his own way than follow Japanese stars to Dodgers,2025-11-25 08:45:00,2025-11-25 08:45:00,2025-11-25 08:45:00,,,,0,0,0,0,0,0,na,na
gdelt_cdbf46d7,es,Sube a 90 el saldo de muertos por inundaciones en Vietnam – DW – 23 / 11 / 2025,2025-11-23 14:45:00,2025-11-23 14:45:00,2025-11-23 00:00:00,2025-01-01 00:00:00,year,23 / 11 / 2025,1,1,1,1,1,1,tie,tie
gdelt_cdc4f245,en,SIA extends Dubai flight cancellations to Mar 28,2026-03-11 14:15:00,2026-03-28 00:00:00,2026-03-28 00:00:00,2028-03-01 00:00:00,day,Mar 28,1,1,0,0,0,0,tie,tie
gdelt_cddf3ab5,en,More than 100 vehicle pile - up leaves US motorists stranded in snowstorm,2026-01-20 10:45:00,2026-01-20 10:45:00,2026-01-20 10:45:00,,,,0,0,0,0,0,0,na,na
gdelt_ce4740eb,ur,کوہستان کی وادی لیدی میں لاپتہ شخص کی لاش 28 سال بعد گلیشیئر سے برآمد ہونے کا معمہ,2025-08-04 14:00:00,2025-08-04 14:00:00,2025-08-04 14:00:00,,,,0,0,0,0,0,0,na,na
gdelt_ce77f5e2,es,Bolsonaro irá a cirugía por una hernia y sus crisis de hipo – DW – 22 / 12 / 2025,2025-12-22 11:00:00,2025-12-22 11:00:00,2025-12-22 00:00:00,2025-01-01 00:00:00,year,22 / 12 / 2025,1,1,1,1,1,1,tie,tie
gdelt_ce81baf2,zh-cn,美国冬季风暴造成至少30人死亡 - 新华网,2026-01-27 09:30:00,2026-01-27 09:30:00,2026-01-27 09:30:00,,,,0,0,0,0,0,0,na,na
gdelt_ce99e41b,en,"Russia - Ukraine war : List of key events , day 1 , 436",2026-01-30 15:15:00,2026-01-30 15:15:00,2026-01-30 15:15:00,,,,0,0,0,0,0,0,na,na
gdelt_cf202610,en,Trey Hendrickson to Lions and other deals we wouldve liked to see at NFL trade deadline,2025-11-06 20:45:00,2025-11-06 20:45:00,2025-11-05 00:00:00,,,,0,0,0,0,0,0,na,na
gdelt_cf293b86,af,Die prekäre Lage in Myanmars Rakhine - Staat – DW – 16 . 12 . 2025,2025-12-16 22:30:00,2025-12-16 22:30:00,2025-12-16 00:00:00,2025-01-01 00:00:00,year,2025,1,1,1,1,1,1,tie,tie
gdelt_cf6b2460,es,Auto eléctrico chino BYD Dolphin Mini se convierte en el vehículo más vendido en Brasil,2026-03-03 08:15:00,2026-03-03 08:15:00,2026-03-03 08:15:00,,,,0,0,0,0,0,0,na,na
gdelt_cf813a9e,en,"Vietnam confirms 2 new deputy prime ministers , 3 ministers , state media reports",2025-10-26 02:15:00,2025-10-26 02:15:00,2025-10-26 02:15:00,,,,0,0,0,0,0,0,na,na
gdelt_cfd128cf,ar,مصر والإمارات : شراكة اقتصادية وتعارض في ملفات سياسية ، إلى أين تتجه العلاقة ؟ ,2026-02-10 22:30:00,2026-02-10 22:30:00,2026-02-10 22:30:00,,,,0,0,0,0,0,0,na,na
gdelt_cfd7f1a1,uk,"Атака дронів РФ на Київ : пошкоджений будинок , є поранені – DW – 28 . 07 . 2025",2025-07-28 13:30:00,2025-07-28 13:30:00,2025-07-28 00:00:00,2025-01-01 00:00:00,year,2025,1,1,1,1,1,1,tie,tie
gdelt_d040aa73,fa,زوج روسی که خبرچین اوکراین شدند - BBC News فارسی,2025-07-04 13:15:00,2025-07-04 13:15:00,2025-07-04 13:15:00,,,,0,0,0,0,0,0,na,na
gdelt_d0611d2d,en,LIVE : Israel targets Gaza as mediators warn ceasefire at  critical moment  | Conflict News,2025-12-07 22:00:00,2025-12-07 22:00:00,2025-12-07 22:00:00,,,,0,0,0,0,0,0,na,na
gdelt_d0bca13c,zh-cn,一朵花里的幸福产业 _ 新华网,2025-12-21 12:30:00,2025-12-21 12:30:00,2025-12-21 12:30:00,,,,0,0,0,0,0,0,na,na
gdelt_d0f603ab,el,Η γερμανική πικρία της Αντανία Σίμπλι,2026-02-01 17:00:00,2026-02-01 17:00:00,2026-02-01 17:00:00,,,,0,0,0,0,0,0,na,na
gdelt_d1156ab6,id,Bangladesh yaitaka India imrejeshe Hasina nyumbani – DW – 24 . 11 . 2025,2025-11-24 17:30:00,2025-11-24 17:30:00,2025-11-24 00:00:00,2025-01-01 00:00:00,year,2025,1,1,1,1,1,1,tie,tie
gdelt_d14395e7,de,Kirchen rufen zur Zuversicht für 2026 auf – DW – 01 . 01 . 2026,2026-01-01 22:45:00,2026-01-01 22:45:00,2026-01-01 00:00:00,2026-01-01 00:00:00,year,für 2026,1,1,1,1,1,1,tie,tie
gdelt_d15ff24b,ja,深圳市の貿易額 、 １～１１月は０ ・ ６ ％ 増,2025-12-30 16:00:00,2025-12-30 16:00:00,2025-11-01 00:00:00,2025-11-01 00:00:00,month,１１月,1,1,0,1,0,1,v2_better,v2_better
gdelt_d1a46cea,es,España impulsa ley para un embargo de armas a Israel – DW – 14 / 07 / 2025,2025-07-14 21:00:00,2025-07-14 21:00:00,2025-07-14 00:00:00,2025-01-01 00:00:00,year,14 / 07 / 2025,1,1,1,1,1,1,tie,tie
gdelt_d1e2a232,fr,"La RPDC dénonce les exercices militaires conjoints des Etats - Unis et de la République de Corée , estimant quils  détruisent davantage  la stabilité régionale - Xinhua",2026-03-10 18:00:00,2026-03-10 18:00:00,2026-03-10 18:00:00,,,,0,0,0,0,0,0,na,na
gdelt_d239022a,en,"Japan ruling coalition likely to lose upper house majority , exit poll shows",2025-07-20 21:00:00,2025-07-20 21:00:00,2025-07-20 21:00:00,,,,0,0,0,0,0,0,na,na
gdelt_d2a07572,en,"Oil rises on Trump Iran threats , stocks mixed",2026-03-31 06:15:00,2026-03-31 06:15:00,2026-03-31 06:15:00,,,,0,0,0,0,0,0,na,na
gdelt_d2b1c637,en,"Canada plans to recognise Palestinian state , raising allie pressure on Israel",2025-07-31 12:15:00,2025-07-31 12:15:00,2025-07-31 12:15:00,,,,0,0,0,0,0,0,na,na
gdelt_d30630e3,es,China reporta mejora continua en precios a puerta de fábrica en febrero,2026-03-09 17:00:00,2026-03-09 17:00:00,2026-03-01 00:00:00,,,,0,0,0,0,0,0,na,na
gdelt_d31f56cd,en,Who will join John Harbaugh New York Giants staff ? 7 candidates for defensive coordinator,2026-01-16 10:00:00,2026-01-16 10:00:00,2026-01-16 10:00:00,,,,0,0,0,0,0,0,na,na
gdelt_d37426f3,en,"Canucks thoughts : David Kämpf interest , Thatcher Demko injury , a positive trend",2025-11-15 02:30:00,2025-11-15 02:30:00,2025-11-15 02:30:00,,,,0,0,0,0,0,0,na,na
gdelt_d419c3cf,en,Israeli bobsled team loses passports and  thousands of dollar in robbery before Milan Cortina Olympics,2026-02-09 05:15:00,2026-02-09 05:15:00,2026-02-09 05:15:00,,,,0,0,0,0,0,0,na,na
gdelt_d4596342,es,México busca a sobreviviente de ataque contra lancha – DW – 28 / 10 / 2025,2025-10-29 06:30:00,2025-10-29 06:30:00,2025-10-28 00:00:00,2025-01-01 00:00:00,year,28 / 10 / 2025,1,1,1,1,1,1,tie,tie
gdelt_d4a11852,zh-cn,欧委会谴责威尼斯双年展 ： 俄罗斯重返将停止资助,2026-03-15 16:00:00,2026-03-15 16:00:00,2026-03-01 00:00:00,,,,0,0,0,0,0,0,na,na
gdelt_d4a81e8e,en,Emotional Glimpses of an Immigration Crackdown in a San Diego Courthouse,2025-11-08 19:00:00,2025-11-08 19:00:00,2025-11-08 19:00:00,,,,0,0,0,0,0,0,na,na
gdelt_d4fdfa53,pt,Cresce frustao de parentes de reféns com governo de Israel – DW – 20 / 07 / 2025,2025-07-21 07:00:00,2025-07-21 07:00:00,2025-07-20 00:00:00,2025-01-01 00:00:00,year,20 / 07 / 2025,1,1,1,1,1,1,tie,tie
gdelt_d55904ee,en,LIVE : Israel starves 3 Palestinians to death ; Gaza City assault intensifies | Israel - Palestine conflict News,2025-08-21 00:00:00,2025-08-21 00:00:00,2025-08-21 00:00:00,,,,0,0,0,0,0,0,na,na
gdelt_d5607339,en,UN nuclear chief presses Iran to strike deal on inspections soon,2025-09-04 05:30:00,2025-09-04 05:30:00,2025-09-04 05:30:00,,,,0,0,0,0,0,0,na,na
gdelt_d5ab5608,en,"SpaceX says it  disabled  2 , 500 Starlink devices at Myanmar scam centres",2025-10-22 19:30:00,2025-10-22 19:30:00,2025-10-22 19:30:00,,,,0,0,0,0,0,0,na,na
gdelt_d5e20a64,ar,أطراف اصطناعية ذكية باستخدام التكنولوجيا المتقدمة,2025-07-28 23:15:00,2025-07-28 23:15:00,2025-07-28 23:15:00,,,,0,0,0,0,0,0,na,na
gdelt_d5f0086d,pt,Premiê da França renuncia horas após anunciar novo governo – DW – 06 / 10 / 2025,2025-10-06 17:15:00,2025-10-06 17:15:00,2025-10-06 00:00:00,2025-01-01 00:00:00,year,06 / 10 / 2025,1,1,1,1,1,1,tie,tie
gdelt_d5f3bca6,en,Ukraine says it has hit Russian  missile component  plant,2026-03-11 20:30:00,2026-03-11 20:30:00,2026-03-11 20:30:00,,,,0,0,0,0,0,0,na,na
gdelt_d6429763,en,"ASEAN countries wont take sides in US - China rivalry , want region kept open and inclusive : PM Wong",2026-03-28 15:30:00,2026-03-28 15:30:00,2026-03-28 15:30:00,,,,0,0,0,0,0,0,na,na
gdelt_d674bb82,en,Bukit Canberra Hawker Centre voted Singapore favourite due to healthier choices,2025-11-25 01:45:00,2025-11-25 01:45:00,2025-11-25 01:45:00,,,,0,0,0,0,0,0,na,na
gdelt_d68f0274,en,Michelle Mills guilty of Cenarth caravan plot to murder husband,2025-10-21 21:00:00,2025-10-21 21:00:00,2025-10-21 21:00:00,,,,0,0,0,0,0,0,na,na
gdelt_d6930878,en,  I was very determined to commit the attack : A youth path to radicalisation - and back,2026-03-10 08:00:00,2026-03-10 08:00:00,2026-03-10 08:00:00,,,,0,0,0,0,0,0,na,na
gdelt_d6a0d255,ru,Генштаб ВСУ заявил об ударе по химзаводу под Москвой – DW – 07 . 07 . 2025,2025-07-08 03:00:00,2025-07-08 03:00:00,2025-07-07 00:00:00,2025-01-01 00:00:00,year,2025,1,1,1,1,1,1,tie,tie
gdelt_d6a3b818,en,Hyflux trial resumes : A reminder of what led to the court case,2026-01-13 06:45:00,2026-01-13 06:45:00,2026-01-13 06:45:00,,,,0,0,0,0,0,0,na,na
gdelt_d714e5cc,en,What It Was Like Inside Syria Most Fearsome Prison,2025-09-02 15:00:00,2025-09-02 15:00:00,2025-09-02 15:00:00,,,,0,0,0,0,0,0,na,na
gdelt_d7a3a997,ru,Германия планирует заказать у США еще 15 истребителей F - 35 – DW – 20 . 10 . 2025,2025-10-20 17:45:00,2025-10-20 17:45:00,2025-10-20 00:00:00,2025-01-01 00:00:00,year,2025,1,1,1,1,1,1,tie,tie
gdelt_d7b591e9,hr,Poljska desna opozicija ne želi sredstva EU za odbranu,2026-02-25 20:30:00,2026-02-25 20:30:00,2026-02-22 00:00:00,,,,0,0,0,0,0,0,na,na
gdelt_d7beeb1c,en,Australia to introduce laws to crack down on hate speech after Bondi shooting,2025-12-18 11:45:00,2025-12-18 11:45:00,2025-12-18 11:45:00,,,,0,0,0,0,0,0,na,na
gdelt_d7e33737,ru,В Лондоне 474 человека задержали на пропалестинских акциях – DW – 10 . 08 . 2025,2025-08-10 11:15:00,2025-08-10 11:15:00,2025-08-10 00:00:00,2025-01-01 00:00:00,year,2025,1,1,1,1,1,1,tie,tie
gdelt_d7f9bc7b,zh-cn,海军山东舰航母编队圆满结束访问离开香港 - 新华网,2025-07-07 16:00:00,2025-07-07 16:00:00,2025-07-07 16:00:00,,,,0,0,0,0,0,0,na,na
gdelt_d82c3612,en,Singapore hosts largest - ever Exercise Pacific Reach with over 600 navy members from 17 nations,2025-09-23 00:15:00,2025-09-23 00:15:00,2025-09-23 00:15:00,,,,0,0,0,0,0,0,na,na
gdelt_d82c416e,pt,"Natalia Beauty :  IA é como Mounjaro : galera united states , mas não assume  ",2026-02-11 20:15:00,2026-02-11 20:15:00,2026-03-01 00:00:00,,,,0,0,0,0,0,0,na,na
gdelt_d8958d3f,sw,Watoto 8 wameuawa wakisubiri huduma ya maji Gaza – DW – 13 . 07 . 2025,2025-07-14 00:00:00,2025-07-14 00:00:00,2025-07-13 00:00:00,2025-01-01 00:00:00,year,2025,1,1,1,1,1,1,tie,tie
gdelt_d8be3504,fr,Des porte - avions chinois mènent des exercices dans le Pacifique occidental - Xinhua,2025-06-11 00:45:00,2025-06-11 00:45:00,2025-06-11 00:45:00,,,,0,0,0,0,0,0,na,na
gdelt_d91eccb0,en,Analysis : The war on Iran is at a crossroads,2026-03-12 18:00:00,2026-03-12 18:00:00,2026-03-12 18:00:00,,,,0,0,0,0,0,0,na,na
gdelt_d9d5ff79,es,Especial : Metro de Santiago de Chile celebra 50 años y se proyecta como la red más extensa de América Latina con tecnología china,2025-10-08 09:30:00,2025-10-08 09:30:00,2025-10-08 09:30:00,,,,0,0,0,0,0,0,na,na
gdelt_d9f482b7,en,Hungary Orban woos voters with cash incentives and smears – DW – 12 / 07 / 2025,2025-12-07 20:30:00,2025-12-07 00:00:00,2025-12-07 00:00:00,2025-01-01 00:00:00,year,12 / 07 / 2025,1,1,1,1,1,1,tie,tie
gdelt_da2e725a,en,Iran Araghchi arrives in Geneva for second round of nuclear talks with US | Nuclear Energy News,2026-02-16 17:30:00,2026-02-16 17:30:00,2026-02-16 17:30:00,,,,0,0,0,0,0,0,na,na
gdelt_dae8777f,en,US government shuts down after Senate fails to pass spending bill,2025-10-01 14:45:00,2025-10-01 14:45:00,2025-10-01 14:45:00,,,,0,0,0,0,0,0,na,na
gdelt_daf28c2d,fr,Un séisme fait 24 morts dans le nord de lAfghanistan - Xinhua,2025-11-04 09:15:00,2025-11-04 09:15:00,2025-11-04 09:15:00,,,,0,0,0,0,0,0,na,na
gdelt_db154793,en,How Donald Trump is using the courts to push through his agenda,2025-07-22 08:45:00,2025-07-22 08:45:00,2025-07-22 08:45:00,,,,0,0,0,0,0,0,na,na
gdelt_db531382,ar,دائرة الزراعة بالكرخ .. اقتحامات واشتباكات وقتلى بسبب منصب بوزارة الزراعة في العراق,2025-07-29 03:30:00,2025-07-29 03:30:00,2025-07-29 03:30:00,,,,0,0,0,0,0,0,na,na
gdelt_db6dbf28,it,Canciller ruso Lavrov se reúne con presidente chino Xi – DW – 15 / 07 / 2025,2025-07-15 14:45:00,2025-07-15 14:45:00,2025-07-15 00:00:00,2025-01-01 00:00:00,year,15 / 07 / 2025,1,1,1,1,1,1,tie,tie
gdelt_db85b34a,zh-cn,温州S1线打造  烟火味  车站 ， 乘客一出站  马上吃 - 新华网,2026-02-10 21:45:00,2026-02-10 21:45:00,2026-02-10 21:45:00,,,,0,0,0,0,0,0,na,na
gdelt_dbafedcd,en,Motion : Gerald Giam on suitability of Pritam Singh as Leader of the Opposition,2026-01-14 19:00:00,2026-01-14 19:00:00,2026-01-14 19:00:00,,,,0,0,0,0,0,0,na,na
gdelt_dbb99d38,fr,"La Chine examine un projet de révision de la loi pénitentiaire , comprenant des dispositions relatives aux détenus étrangers - Xinhua",2025-09-09 02:15:00,2025-09-09 02:15:00,2025-09-09 02:15:00,,,,0,0,0,0,0,0,na,na
gdelt_dbfd9f41,en,"Egypt says it shares  identical  views with Saudi Arabia on Yemen , Sudan | Conflict News",2026-01-06 06:45:00,2026-01-06 06:45:00,2026-01-06 06:45:00,,,,0,0,0,0,0,0,na,na
gdelt_dc16b4cf,ro,Bolojan a explicat reforma administrației publice locale – DW – 02 . 09 . 2025,2025-09-02 21:30:00,2025-09-02 21:30:00,2025-09-02 00:00:00,2025-01-01 00:00:00,year,2025,1,1,1,1,1,1,tie,tie
gdelt_dc3907f3,en,"Hezbollah chief urges unity , no talks with Israel amid Lebanon attacks",2026-03-26 00:30:00,2026-03-26 00:30:00,2026-03-26 00:30:00,,,,0,0,0,0,0,0,na,na
gdelt_dc797f66,en,Sound of 2026 : Reluctant rock stars Royel Otis kick off the music countdown,2026-01-05 16:15:00,2026-01-05 00:00:00,2026-01-01 00:00:00,2026-01-01 00:00:00,year,of 2026,1,1,1,1,1,1,tie,tie
gdelt_dc868ae0,en,Sierra Leone juju traders : Hunting down those who kill for human body parts,2025-11-24 09:15:00,2025-11-24 09:15:00,2025-11-24 09:15:00,,,,0,0,0,0,0,0,na,na
gdelt_dcd203f2,en,"USMNT survives Costa Rica in PKs , avoids Gold Cup upset bug to reach semis",2025-07-11 12:30:00,2025-07-11 12:30:00,2025-07-11 12:30:00,,,,0,0,0,0,0,0,na,na
gdelt_dce67666,ko,中 상무부  희토류 수출 금지 아냐 ... 각국과 대화 · 교류 강화 희망 - Xinhua,2025-10-12 20:45:00,2025-10-12 20:45:00,2025-10-12 20:45:00,,,,0,0,0,0,0,0,na,na
gdelt_dcf99e34,en,"Russia - Ukraine war : List of key events , day 1 , 339",2025-10-25 10:30:00,2025-10-25 10:30:00,2025-10-25 10:30:00,,,,0,0,0,0,0,0,na,na
gdelt_dd098d6a,sw,Saudi Arabia yazindua mradi wa ujenzi mpya wa Damascus – DW – 07 . 09 . 2025,2025-09-08 02:15:00,2025-09-08 00:00:00,2025-09-07 00:00:00,2025-01-01 00:00:00,year,2025,1,1,1,1,1,1,tie,tie
gdelt_dd2271cb,mk,САД очигледно за првпат нападнале цел во Венецуела – DW – 30 . 12 . 2025,2025-12-30 15:45:00,2025-12-30 15:45:00,2025-12-30 00:00:00,2025-01-01 00:00:00,year,2025,1,1,1,1,1,1,tie,tie
gdelt_dd42f941,zh-cn,Labubu走向大银幕 ， 泡泡玛特与索尼联手打造电影,2026-03-20 12:30:00,2026-03-20 12:30:00,2026-03-20 12:30:00,,,,0,0,0,0,0,0,na,na
gdelt_dd53e074,en,LIVE : Israel attacks on Gaza kill dozens as hunger - related deaths rise | Israel - Palestine conflict News,2025-08-02 17:30:00,2025-08-02 17:30:00,2025-08-02 17:30:00,,,,0,0,0,0,0,0,na,na
gdelt_ddad08bb,bg,Мерц : Виплатити активи РФ американцям є немислимим – DW – 23 . 11 . 2025,2025-11-24 03:30:00,2025-11-24 03:30:00,2025-11-23 00:00:00,2025-01-01 00:00:00,year,2025,1,1,1,1,1,1,tie,tie
gdelt_ddcfe2db,zh-cn,兰州海关退税迈入  无纸时代 - 新华网,2025-12-02 09:30:00,2025-12-02 09:30:00,2025-12-02 09:30:00,,,,0,0,0,0,0,0,na,na
gdelt_ddebdc95,sw,Hisa za kampuni za Ulaya zaimarika kidogo,2026-03-10 19:30:00,2026-03-10 19:30:00,2026-03-10 19:30:00,,,,0,0,0,0,0,0,na,na
gdelt_de0489f9,en,"China third aircraft carrier , the Fujian , enters service",2025-11-07 15:15:00,2025-11-07 15:15:00,2025-11-07 15:15:00,,,,0,0,0,0,0,0,na,na
gdelt_deb9d490,tr,"Kanadada okula saldırı düzenlendi , çok sayıda ölü var",2026-02-11 17:45:00,2026-02-11 17:45:00,2026-02-11 17:45:00,,,,0,0,0,0,0,0,na,na
gdelt_df12791c,en,South Korea seeks mutually agreeable US trade package as Aug 1 tariff deadline looms,2025-07-26 18:30:00,2025-07-26 18:30:00,2025-08-01 00:00:00,2025-08-01 00:00:00,day,Aug 1,1,1,0,1,0,1,v2_better,v2_better
gdelt_df337704,en,IN FOCUS : Is it getting harder to use cash in Singapore – and does it matter ? ,2025-07-09 06:30:00,2025-07-09 06:30:00,2025-07-09 06:30:00,,,,0,0,0,0,0,0,na,na
gdelt_df8ae78f,en,Verifying image of fireball at Russian power plant 450 miles from Ukraine,2025-11-06 19:15:00,2025-11-06 19:15:00,2025-11-06 19:15:00,,,,0,0,0,0,0,0,na,na
gdelt_df969630,fr,Eurostar : trafic perturbé après un problème dalimentation électrique dans le tunnel sous la Manche - Xinhua,2025-12-30 21:30:00,2025-12-30 21:30:00,2025-12-30 21:30:00,,,,0,0,0,0,0,0,na,na
gdelt_dfb8e081,en,Trump loyalist Mike Lindell to take the stand in defamation trial,2025-06-03 19:30:00,2025-06-03 19:30:00,2025-06-03 19:30:00,,,,0,0,0,0,0,0,na,na
gdelt_e00b89eb,pl,Prasa o koalicji rządowej : „ Nie wolno spocząć na laurach  – DW – 25 . 08 . 2025,2025-08-25 16:15:00,2025-08-25 16:15:00,2025-08-25 00:00:00,2025-01-01 00:00:00,year,2025,1,1,1,1,1,1,tie,tie
gdelt_e04a11f7,de,"Neukaledonien wird Staat , bleibt aber Teil Frankreichs – DW – 13 . 07 . 2025",2025-07-13 19:00:00,2025-07-13 19:00:00,2025-07-13 00:00:00,2025-01-01 00:00:00,year,2025,1,1,1,1,1,1,tie,tie
gdelt_e04c3308,ro,Nicușor Dan la Paris :  O forță puternică apără România  – DW – 09 . 12 . 2025,2025-12-10 04:30:00,2025-12-10 04:30:00,2025-12-09 00:00:00,2025-01-01 00:00:00,year,2025,1,1,1,1,1,1,tie,tie
gdelt_e07b9420,en,CNA938 Rewind - Emma Pei Yin on  When Sleeping Women Wake : A Story of Survival and Womanhood in Wartime Hong Kong,2025-11-25 20:45:00,2025-11-25 20:45:00,2025-11-25 20:45:00,,,,0,0,0,0,0,0,na,na
gdelt_e097585e,es,Zelenski llegará a Washington acompañado de líderes europeos – DW – 17 / 08 / 2025,2025-08-17 20:15:00,2025-08-17 20:15:00,2025-08-17 00:00:00,2025-01-01 00:00:00,year,17 / 08 / 2025,1,1,1,1,1,1,tie,tie
gdelt_e1151a9b,ar,لقاء ترامب - نتانياهو : ما مدى جدية خطة إنهاء حرب غزة هذه المرة ؟ ,2025-09-29 05:30:00,2025-09-29 05:30:00,2025-09-29 05:30:00,,,,0,0,0,0,0,0,na,na
gdelt_e149e0d6,en,Live : Israel kills 97 Palestinians in Gaza since start of ceasefire | Israel - Palestine conflict News,2025-10-20 19:45:00,2025-10-20 19:45:00,2025-10-20 19:45:00,,,,0,0,0,0,0,0,na,na
gdelt_e174d37e,zh-cn,2025中国医院协会全国社会办医大会在浙江温州召开 - 新华网,2025-07-13 22:30:00,2025-07-13 22:30:00,2025-01-01 00:00:00,2025-01-01 00:00:00,year,2025,1,1,1,1,1,1,tie,tie
gdelt_e180a989,zh-cn,小寒冰冻天 其实大寒节气的江苏更冷 _ 新华网江苏频道,2026-01-06 09:45:00,2026-01-06 09:45:00,2026-01-06 09:45:00,,,,0,0,0,0,0,0,na,na
gdelt_e1a8c792,zh-cn,英国实施网络保护新规 防止儿童接触有害内容 - 新华网,2025-07-27 21:00:00,2025-07-27 21:00:00,2025-07-27 21:00:00,,,,0,0,0,0,0,0,na,na
gdelt_e1ac4833,sw,Watu 26 wafariki baada ya vifaru vya Israel kufyatua risasi karibu na kituo cha misaada cha Gaza - waokoaji,2025-06-01 18:00:00,2025-06-01 18:00:00,2025-06-01 18:00:00,,,,0,0,0,0,0,0,na,na
gdelt_e1e5f5a7,fr,Israël accepte la réouverture limitée et sous conditions du point de passage de Rafah - Xinhua,2026-01-26 10:30:00,2026-01-26 10:30:00,2026-01-26 10:30:00,,,,0,0,0,0,0,0,na,na
gdelt_e2307462,en,Broncos QB Bo Nix out for season after suffering ankle injury vs . Bills,2026-01-18 11:00:00,2026-01-18 11:00:00,2026-01-18 11:00:00,,,,0,0,0,0,0,0,na,na
gdelt_e24551de,en,Grace Tame : Australia PM apologies for calling sexual abuse survivor  difficult  ,2026-02-26 11:00:00,2026-02-26 11:00:00,2026-02-26 11:00:00,,,,0,0,0,0,0,0,na,na
gdelt_e2c2e451,es,Especial : Barrio Chino habanero se presenta como una opción para el turismo urbano en Cuba,2025-10-08 14:30:00,2025-10-08 14:30:00,2025-10-08 14:30:00,,,,0,0,0,0,0,0,na,na
gdelt_e2fc1fc8,en,Deadly Haiti drone attack kills eight children in capital Port - au - Prince,2025-09-23 19:00:00,2025-09-23 19:00:00,2025-09-23 19:00:00,,,,0,0,0,0,0,0,na,na
gdelt_e2fed89a,sw,  Ananyanyaswa na kufuatiliwa kila hatua :  Nyota wa muziki anayemkabili rais wa muda mrefu wa Uganda,2026-01-11 22:30:00,2026-01-11 22:30:00,2026-01-11 22:30:00,,,,0,0,0,0,0,0,na,na
gdelt_e31e474a,zh-cn,贵州威宁 ： 山村油桃迎丰收 - 新华网,2025-06-10 14:15:00,2025-06-10 14:15:00,2025-06-10 14:15:00,,,,0,0,0,0,0,0,na,na
gdelt_e3509685,en,Saudi Arabia says its national security a  red line  after Yemen strike | Conflict News,2025-12-30 16:00:00,2025-12-30 16:00:00,2025-12-30 16:00:00,,,,0,0,0,0,0,0,na,na
gdelt_e350b991,fa,کاست ، نامزد راست افراطی ، برنده انتخابات ریاست جمهوری شیلی شد,2025-12-16 00:30:00,2025-12-16 00:30:00,2025-12-16 00:30:00,,,,0,0,0,0,0,0,na,na
gdelt_e3b8951e,en,Trump urges Turkey to stop buying Russian oil as Erdogan chases deal on F - 35s,2025-09-26 03:00:00,2025-09-26 03:00:00,2025-09-26 02:59:25,,,,0,0,0,0,0,0,na,na
gdelt_e3ed4c1c,en,Grand jury declines to indict man for throwing sandwich at US agents,2025-08-28 06:00:00,2025-08-28 06:00:00,2025-08-28 06:00:00,,,,0,0,0,0,0,0,na,na
gdelt_e43b9ece,bg,САЩ и депортациите : Обама и Тръмп не правят  едно и също  ,2026-02-17 01:45:00,2026-02-17 01:45:00,2026-02-17 01:45:00,,,,0,0,0,0,0,0,na,na
gdelt_e459bd48,sw,Ujerumani / Uingereza kutia saini mkataba wa ulinzi wa pamoja – DW – 02 . 07 . 2025,2025-07-03 00:00:00,2025-07-03 00:00:00,2025-07-02 00:00:00,2025-01-01 00:00:00,year,2025,1,1,1,1,1,1,tie,tie
gdelt_e4770bdb,sw,Ripoti : Mapambano dhidi ya Malaria yashindwa kupiga hatua – DW – 21 . 10 . 2025,2025-10-21 13:30:00,2025-10-21 00:00:00,2025-10-21 00:00:00,2025-01-01 00:00:00,year,2025,1,1,1,1,1,1,tie,tie
gdelt_e4cf24d4,de,"Ghana : Ein Land , das niemals schläft ? – DW – 27 . 07 . 2025",2025-07-27 19:45:00,2025-07-27 19:45:00,2025-07-27 00:00:00,2025-01-01 00:00:00,year,2025,1,1,1,1,1,1,tie,tie
gdelt_e4db7301,de,"Nobelpreis : 7 Fun - Fakten , die du bestimmt nicht wusstest – DW – 06 . 10 . 2025",2025-10-06 23:15:00,2025-10-06 23:15:00,2025-10-06 00:00:00,2025-01-01 00:00:00,year,2025,1,1,1,1,1,1,tie,tie
gdelt_e4e0692c,uk,Зеленський про захист енергетики : буде більше гелікоптерів – DW – 20 . 10 . 2025,2025-10-21 00:45:00,2025-10-21 00:45:00,2025-10-20 00:00:00,2025-01-01 00:00:00,year,2025,1,1,1,1,1,1,tie,tie
gdelt_e4f70785,da,France former culture minister resigns over Epstein - linked tax fraud probe,2026-02-09 01:00:00,2026-02-09 01:00:00,2026-02-09 01:00:00,,,,0,0,0,0,0,0,na,na
gdelt_e52718c1,ko,我国稀散金属开发利用取得一系列重大突破 - 新华网,2025-11-26 23:30:00,2025-11-26 23:30:00,2025-11-26 23:30:00,,,,0,0,0,0,0,0,na,na
gdelt_e5349f43,bn,মঙ্গলবার একটি না দুইটি শপথ ? ,2026-02-16 16:15:00,2026-02-16 16:15:00,2026-02-10 00:00:00,,,,0,0,0,0,0,0,na,na
gdelt_e535d1f5,ko,海南省首次记录到白领翡翠 - 新华网,2025-09-28 12:15:00,2025-09-28 12:15:00,2025-09-28 12:15:00,,,,0,0,0,0,0,0,na,na
gdelt_e53887ba,zh-cn,温州高速机电系统检测体系获全国设备管理创新一等奖 - 新华网,2025-07-28 16:00:00,2025-07-28 16:00:00,2025-07-28 16:00:00,,,,0,0,0,0,0,0,na,na
gdelt_e584022a,fi,Israeli attacks on Lebanon Bekaa Valley kill Syrian teenager | News,2026-02-27 06:15:00,2026-02-27 06:15:00,2026-02-25 00:00:00,,,,0,0,0,0,0,0,na,na
gdelt_e5a38252,en,Mali 0 Senegal 1 – An unconvincing win ? Ndiaye best game so far ? What was Bissouma thinking ? ,2026-01-10 22:00:00,2026-01-10 22:00:00,2026-01-10 22:00:00,,,,0,0,0,0,0,0,na,na
gdelt_e5e4b11a,en,"Singapore ready to enter new chapter in relations with Japan , deepen ties with China and South Korea : Sim Ann",2026-03-06 21:45:00,2026-03-06 21:45:00,2026-03-06 21:45:00,,,,0,0,0,0,0,0,na,na
gdelt_e5fdecf6,en,Five unanswered questions about Trump Gaza plan | Israel - Palestine conflict News,2025-09-30 09:30:00,2025-09-30 09:30:00,2025-09-30 09:30:00,,,,0,0,0,0,0,0,na,na
gdelt_e62a9227,en,Timor - Leste to become ASEAN bloc 11th member in October,2025-09-23 22:00:00,2025-10-23 00:00:00,2025-10-01 00:00:00,2025-10-01 00:00:00,month,in October,1,1,1,1,1,1,tie,tie
gdelt_e67f250b,bg,Каква е целта на САЩ в Иран и кога ще успее да я постигне ? ,2026-03-08 18:45:00,2026-03-08 18:45:00,2026-03-02 00:00:00,,,,0,0,0,0,0,0,na,na
gdelt_e6ad2552,en,"Snap Insight : NDR 2025 –  ulu  no more , northern Singapore is set to be central in its own way",2025-08-18 11:30:00,2025-08-18 11:30:00,2025-01-01 00:00:00,2025-01-01 00:00:00,year,2025,1,1,1,1,1,1,tie,tie
gdelt_e6c9cff9,fr,Les réfugiés burundais pas encore prêts à rentrer au pays,2026-03-18 00:00:00,2026-03-18 00:00:00,2026-03-18 00:00:00,,,,0,0,0,0,0,0,na,na
gdelt_e7101fb0,hi,हांगकांग : मीडिया टायकून जिमी लाई को 20 साल की जेल,2026-02-09 18:00:00,2026-02-09 18:00:00,2026-02-09 18:00:00,,,,0,0,0,0,0,0,na,na
gdelt_e7145d8d,en,Belarus arrests Polish priest on spying charges,2025-09-06 00:45:00,2025-09-06 00:45:00,2025-09-06 00:45:00,,,,0,0,0,0,0,0,na,na
gdelt_e730dfa5,fr,Accord commercial UE - USA : un plafond de droits de douane à 15 % divise lEurope ( PAPIER GENERAL ) - Xinhua,2025-08-24 15:15:00,2025-08-24 15:15:00,2025-08-24 15:15:00,,,,0,0,0,0,0,0,na,na
gdelt_e74487a1,en,  Living in a small Gloucestershire village left me lonely  ,2026-02-01 18:45:00,2026-02-01 18:45:00,2026-02-01 18:45:00,,,,0,0,0,0,0,0,na,na
gdelt_e770cdf2,en,"Over 3 , 100 errant Singapore drivers fined US$224 , 000 under Malaysia VEP scheme since July",2025-10-01 15:15:00,2025-07-01 00:00:00,2025-07-01 00:00:00,,,,0,0,0,0,0,0,na,na
gdelt_e77bc435,en,"Australia , Philippines hold live - fire drills as part of largest - ever Exercise Alon",2025-08-27 22:30:00,2025-08-27 22:30:00,2025-08-27 22:30:00,,,,0,0,0,0,0,0,na,na
gdelt_e7a49453,en,These exiled Venezuelans dream of returning home . What stopping them ? | Nicolas Maduro News,2026-02-04 12:00:00,2026-02-04 12:00:00,2026-02-04 12:00:00,,,,0,0,0,0,0,0,na,na
gdelt_e7b444b8,es,Lula advierte sobre desafíos en próximo proceso electoral en Brasil,2026-02-03 12:15:00,2026-02-03 12:15:00,2026-02-03 12:15:00,,,,0,0,0,0,0,0,na,na
gdelt_e836791d,no,Mandelson expresses  tremendou regret over Epstein friendship,2025-09-10 17:15:00,2025-09-10 17:15:00,2025-09-10 17:15:00,,,,0,0,0,0,0,0,na,na
gdelt_e83eaf78,fa,آیا دولت ترامپ آمریکای لاتین را « حیاط خلوت » ‌ ایالات متحده می‌داند ؟ ,2025-07-06 22:00:00,2025-07-06 22:00:00,2025-07-06 22:00:00,,,,0,0,0,0,0,0,na,na
gdelt_e857dc3a,de,Mattel launches autistic Barbie,2026-01-13 02:30:00,2026-01-13 02:30:00,2026-01-13 02:30:00,,,,0,0,0,0,0,0,na,na
gdelt_e8614996,en,Women NCAA Tournament Bracket Watch : The debate continues . UConn or UCLA at No . 1 ? ,2026-03-16 01:00:00,2026-03-16 01:00:00,2026-03-16 01:00:00,,,,0,0,0,0,0,0,na,na
gdelt_e8c95b54,en,"UK Border Force officer was  working for China , court told",2026-03-06 04:00:00,2026-03-06 04:00:00,2026-03-06 04:00:00,,,,0,0,0,0,0,0,na,na
gdelt_e8d210fc,en,Singapore to subsidise genetic testing for some conditions as part of precision medicine programme,2025-11-14 23:00:00,2025-11-14 23:00:00,2025-11-14 23:00:00,,,,0,0,0,0,0,0,na,na
gdelt_e8d3b27d,zh-cn,客座评论 ： 为什么说习近平的反腐是一种政治清洗 – DW – 2025年8月25日,2025-08-26 23:15:00,2025-08-25 00:00:00,2025-08-25 00:00:00,2025-08-25 00:00:00,day,2025年8月25日,1,1,1,1,1,1,tie,tie
gdelt_e9097721,en,Manhunt continues after two killed in Brown University shooting,2025-12-14 14:15:00,2025-12-14 14:15:00,2025-12-14 14:15:00,,,,0,0,0,0,0,0,na,na
gdelt_e9131d9f,de,Koh Poh Koon on Moderna mRNA influenza vaccine,2026-03-02 11:30:00,2026-03-02 11:30:00,2026-02-25 00:00:00,,,,0,0,0,0,0,0,na,na
gdelt_e938479c,en,"Putin offers no compromise on Ukraine , says EU  robbery  failed",2025-12-19 22:45:00,2025-12-19 22:45:00,2025-12-19 22:45:00,,,,0,0,0,0,0,0,na,na
gdelt_e952c7e7,ko,坚定信心 勇挑大梁 · 产业新亮点｜  河北造  机器人为啥  跑  得快 - 新华网河北频道 - 新华网,2025-07-08 11:45:00,2025-07-08 11:45:00,2025-07-08 11:45:00,,,,0,0,0,0,0,0,na,na
gdelt_e9ec5a08,en,"In Gaza City , we are saying goodbye",2025-08-19 21:30:00,2025-08-19 21:30:00,2025-08-13 00:00:00,,,,0,0,0,0,0,0,na,na
gdelt_ea7af005,en,Iran war live : Trump again demands surrender ; Israel bombs oil depots | Israel - Iran conflict News,2026-03-08 12:00:00,2026-03-08 12:00:00,2026-03-08 12:00:00,,,,0,0,0,0,0,0,na,na
gdelt_ea7b482f,zh-cn,丰子恺艺术周在浙江嘉兴启动 - 新华网,2025-09-28 22:30:00,2025-09-28 22:30:00,2025-09-28 22:30:00,,,,0,0,0,0,0,0,na,na
gdelt_ea8d993f,en,Philippine Marcos to meet Trump hoping to secure trade deal,2025-07-21 13:00:00,2025-07-21 13:00:00,2025-07-21 13:00:00,,,,0,0,0,0,0,0,na,na
gdelt_eac074cb,zh-cn,皖台共话历史情 ： 刘铭传与包公文化中的两岸心灵共鸣 - 新华网,2025-10-30 11:45:00,2025-10-30 11:45:00,2025-10-30 11:45:00,,,,0,0,0,0,0,0,na,na
gdelt_ead24333,ko,"中 산둥 닝진 , 창장 이북 최대 엘리베이터 완제품∙부품 생산기지로 자리매김 - Xinhua",2026-01-13 10:15:00,2026-01-13 10:15:00,2026-01-13 10:15:00,,,,0,0,0,0,0,0,na,na
gdelt_ead5a8d2,en,NHS doctor strike : Health secretary and BMA to meet next week,2025-07-13 10:15:00,2025-07-20 10:15:00,2025-07-20 10:15:00,,,,0,0,0,0,0,0,na,na
gdelt_eaf08390,sv,Hilfsorganisationen beklagen Blockadehaltung Israels – DW – 14 . 08 . 2025,2025-08-19 00:30:00,2025-08-19 00:30:00,2025-08-14 00:00:00,2025-01-01 00:00:00,year,2025,1,1,1,1,1,1,tie,tie
gdelt_eaf9b6c9,fr,Australie : deux personnes grièvement blessées à Melbourne dans deux attaques distinctes à larme blanche - Xinhua,2025-07-21 13:00:00,2025-07-21 13:00:00,2025-07-21 13:00:00,,,,0,0,0,0,0,0,na,na
gdelt_eb0b1f31,fr,Le Qatar partage un projet dAccord à Kinshasa et au M23 – DW – 18 / 08 / 2025,2025-08-19 00:30:00,2025-08-19 00:30:00,2025-08-18 00:00:00,2025-01-01 00:00:00,year,18 / 08 / 2025,1,1,1,1,1,1,tie,tie
gdelt_eb58981a,es,Embajada china en Panamá celebra el 76º aniversario de la fundación de la República Popular China,2025-09-24 09:15:00,2025-09-24 09:15:00,2025-09-24 09:15:00,,,,0,0,0,0,0,0,na,na
gdelt_ebab5ad7,ca,Helen Bay : Eyewitnesses describe desperate rescue attempts,2026-01-26 23:45:00,2026-01-26 23:45:00,2026-01-26 23:45:00,,,,0,0,0,0,0,0,na,na
gdelt_ec173b9f,es,Alemania pide a Israel un alto al fuego en Gaza y más pasos – DW – 27 / 07 / 2025,2025-07-28 03:30:00,2025-07-28 03:30:00,2025-07-27 00:00:00,2025-01-01 00:00:00,year,27 / 07 / 2025,1,1,1,1,1,1,tie,tie
gdelt_ec842a37,pt,Ministerio de Defensa chino condena ventas de armas de EEUU a Taiwan,2025-11-18 08:00:00,2025-11-18 08:00:00,2025-11-18 08:00:00,,,,0,0,0,0,0,0,na,na
gdelt_ed2c23e7,en,F1 Singapore Grand Prix 2025,2025-10-10 11:00:00,2025-10-10 00:00:00,2025-01-01 00:00:00,2025-01-01 00:00:00,year,2025,1,1,1,1,1,1,tie,tie
gdelt_ed6f3554,en,Colombian lawmaker among 15 missing in plane disappearance,2026-01-29 05:15:00,2026-01-29 05:15:00,2026-01-29 05:15:00,,,,0,0,0,0,0,0,na,na
gdelt_edae164e,en,"Consumer watchdog takes action against Courts , Prism+ for unfair practices that misled shoppers",2025-12-09 00:15:00,2025-12-09 00:15:00,2025-12-09 00:15:00,,,,0,0,0,0,0,0,na,na
gdelt_edc05160,fr,"Le Japon révise à 2 , 3 % la contraction du PIB au troisième trimestre - Xinhua",2025-12-08 13:00:00,2025-12-08 13:00:00,2025-02-03 00:00:00,,,,0,0,0,0,0,0,na,na
gdelt_ee027bd9,en,Zuckerberg settles Meta investor $8bn lawsuit for undisclosed terms,2025-07-18 00:45:00,2025-07-18 00:45:00,2025-07-18 00:45:00,,,,0,0,0,0,0,0,na,na
gdelt_ee43246f,en,"Man Utd plans for young players including Leon , Amass , Collyer and Kukonki",2025-07-17 14:00:00,2025-07-17 14:00:00,2025-07-17 14:00:00,,,,0,0,0,0,0,0,na,na
gdelt_ee4c7241,en,Scammers allegedly pose as MAS officials to dupe man of over S$1 . 1 million ; 24 people arrested,2025-10-26 14:15:00,2025-10-26 14:15:00,2025-10-26 14:15:00,,,,0,0,0,0,0,0,na,na
gdelt_ef00e452,en,How Hot Was Your Town Last Year ? Look Up Where You Live . ,2026-01-14 12:30:00,2025-01-14 12:30:00,2025-01-14 12:30:00,2025-01-01 00:00:00,year,Last Year,1,1,1,1,1,1,tie,tie
gdelt_ef26702f,en,Simple ways to keep your home warm this winter,2025-12-01 17:30:00,2025-12-01 17:30:00,2025-12-01 17:30:00,,,,0,0,0,0,0,0,na,na
gdelt_ef57dd0d,ur,فٹ بال کی دنیا میں ہلچل مچانے والی پاکستانی نژاد برطانوی فٹبالرز :  مجھے اپنی شناخت پر فخر ہے  ,2025-07-29 01:15:00,2025-07-29 01:15:00,2025-07-29 01:15:00,,,,0,0,0,0,0,0,na,na
gdelt_ef66df8b,vi,Mỹ và Israel tấn công Iran : Phản ứng của quốc tế - BBC News Tiếng Việt,2026-03-01 13:15:00,2026-03-01 13:15:00,2026-03-01 13:15:00,,,,0,0,0,0,0,0,na,na
gdelt_ef8cb70e,fr,  Priceles jewels stolen in raid on Louvre Museum in Paris,2025-10-20 21:00:00,2025-10-20 21:00:00,2025-10-20 21:00:00,,,,0,0,0,0,0,0,na,na
gdelt_ef9cbdab,fa,شکاف در دولت موقت هلند بر سر اقدام بیشتر علیه اسرائیل ؛ وزیر خارجه و هشت عضو کابینه استعفا دادند,2025-08-24 22:00:00,2025-08-24 22:00:00,2025-08-24 22:00:00,,,,0,0,0,0,0,0,na,na
gdelt_f09a6966,ko,"日 전직 총리들 , 현직 총리의 잘못된 발언 잇단 비판 - Xinhua",2025-11-25 08:30:00,2025-11-25 08:30:00,2025-11-25 08:30:00,,,,0,0,0,0,0,0,na,na
gdelt_f15659f5,tr,10 . Yargı Paketi neler içeriyor ? - BBC News Türkçe,2025-06-01 18:45:00,2025-06-01 18:45:00,2025-06-01 18:45:00,,,,0,0,0,0,0,0,na,na
gdelt_f1604f60,en,Deported Venezuelan man files abuse complaint against the US government,2025-07-25 12:45:00,2025-07-25 12:45:00,2025-07-25 12:45:00,,,,0,0,0,0,0,0,na,na
gdelt_f1618cb3,fr,Lheure du GMF 2025 est arrivée ! – DW – 07 / 07 / 2025,2025-07-07 18:45:00,2025-07-07 18:45:00,2025-07-07 00:00:00,2025-01-01 00:00:00,year,2025,1,1,1,1,1,1,tie,tie
gdelt_f166736e,en,BTS member Suga completes South Korea military duty – DW – 06 / 21 / 2025,2025-07-03 23:45:00,2025-07-03 23:45:00,2025-06-21 00:00:00,2025-01-01 00:00:00,year,06 / 21 / 2025,1,1,1,1,1,1,tie,tie
gdelt_f1de1296,en,"Commentary : AI can boost Singapore productivity , but let not lose the point of work",2025-08-21 07:00:00,2025-08-21 07:00:00,2025-08-21 07:00:00,,,,0,0,0,0,0,0,na,na
gdelt_f205c845,en,Live : Hezbollah considering response ; Israeli attacks on Gaza continue | Hezbollah News,2025-11-25 00:00:00,2025-11-25 00:00:00,2025-11-25 00:00:00,,,,0,0,0,0,0,0,na,na
gdelt_f20c6d4c,en,England vs West Indies : Ben Duckett and Jamie blast fifties as hosts seal T20 series clean sweep,2025-06-11 10:45:00,2025-06-11 10:45:00,2025-06-11 10:45:00,,,,0,0,0,0,0,0,na,na
gdelt_f2e34a16,en,The Pelicans are the NBA most unserious franchise . Who to blame for that ? ,2025-11-18 23:30:00,2025-11-18 23:30:00,2025-11-18 23:30:00,,,,0,0,0,0,0,0,na,na
gdelt_f2ec80e2,en,"SMRT to upgrade 92 trains with improved air - conditioning , more sensors to preempt disruptions in real - time",2025-12-18 16:15:00,2025-12-18 16:15:00,2025-12-18 16:15:00,,,,0,0,0,0,0,0,na,na
gdelt_f393c622,en,How Basant became Lahore signature festival in Pakistan | Arts and Culture,2026-02-07 18:45:00,2026-02-07 18:45:00,2026-02-07 18:45:00,,,,0,0,0,0,0,0,na,na
gdelt_f3b42fde,en,North Korea blasts South Korea Lee as  confrontation maniac  | Conflict News,2025-08-27 15:00:00,2025-08-27 15:00:00,2025-08-27 15:00:00,,,,0,0,0,0,0,0,na,na
gdelt_f46c2176,fa,چهار مدال طلای جهانی برای زنان ووشوکار ایران,2025-09-08 00:15:00,2025-09-08 00:15:00,2025-09-08 00:15:00,,,,0,0,0,0,0,0,na,na
gdelt_f4b12178,zh-cn,  大都新春庙会  将亮相国家会议中心二期 - 新华网,2026-02-09 22:15:00,2026-02-09 22:15:00,2026-02-09 22:15:00,,,,0,0,0,0,0,0,na,na
gdelt_f5563d58,en,Chaos in the AFC North and disaster for the Colts : Our expert Week 14 takeaways,2025-12-08 09:45:00,2025-12-08 09:45:00,2025-12-08 09:45:00,,,,0,0,0,0,0,0,na,na
gdelt_f5b158c6,zh-cn,创新为笔 ， 江苏加速作答健康未来 _ 新华网江苏频道,2025-08-25 11:15:00,2025-08-25 11:15:00,2025-08-25 11:15:00,,,,0,0,0,0,0,0,na,na
gdelt_f5dc29cb,fr,La Chambre des représentants des Etats - Unis adopte la  grande et belle loi  budgétaire de Trump - Xinhua,2025-07-04 09:00:00,2025-07-04 09:00:00,2025-07-04 09:00:00,,,,0,0,0,0,0,0,na,na
gdelt_f5fbb45f,ko,生活处处有杂技丨不止遮阳 ！ 草帽变身舞台  主角 - 新华网河北频道 - 新华网,2025-09-24 18:30:00,2025-09-24 18:30:00,2025-09-24 18:30:00,,,,0,0,0,0,0,0,na,na
gdelt_f698b984,en,MINDEF warns of allegedly fraudulent bulk orders made by individuals claiming to be SAF personnel,2025-09-14 13:00:00,2025-09-14 13:00:00,2025-09-14 13:00:00,,,,0,0,0,0,0,0,na,na
gdelt_f69d1d28,en,"Israel imposes new Gaza aid restrictions , keeps Rafah crossing closed | Israel - Palestine conflict News",2025-10-15 06:00:00,2025-10-15 06:00:00,2025-10-15 06:00:00,,,,0,0,0,0,0,0,na,na
gdelt_f69fe2cb,ko,원격진료에서 디지털 헬스케어까지 ... 中 의료 산업 재편하는  스마트 AI 기술 - Xinhua,2026-03-17 22:30:00,2026-03-17 22:30:00,2026-03-17 22:30:00,,,,0,0,0,0,0,0,na,na
gdelt_f6f931ac,zh-cn,南通队闯进  苏超  决赛 _ 新华网江苏频道,2025-10-20 11:15:00,2025-10-20 11:15:00,2025-10-20 11:15:00,,,,0,0,0,0,0,0,na,na
gdelt_f708e562,en,What happens when you take too much caffeine,2026-01-28 09:15:00,2026-01-28 09:15:00,2026-01-28 09:15:00,,,,0,0,0,0,0,0,na,na
gdelt_f7412e7c,en,Malaysian government considering raising minimum age for social media users,2025-10-17 22:45:00,2025-10-17 22:45:00,2025-10-17 22:45:00,,,,0,0,0,0,0,0,na,na
gdelt_f74c9533,hr,Zašto Trump šalje čak i vojsku u Kaliforniju ? – DW – 10 . 06 . 2025,2025-06-10 17:00:00,2025-06-10 17:00:00,2025-06-10 00:00:00,2025-01-01 00:00:00,year,2025,1,1,1,1,1,1,tie,tie
gdelt_f803887b,en,Ajax gets his face back : Dutch giants revert to hand - drawn 1928 badge,2025-11-25 15:00:00,1928-11-25 00:00:00,2025-11-25 15:00:00,1928-01-01 00:00:00,year,1928,1,1,1,0,1,0,v1_better,v1_better
gdelt_f80c4ca4,pt,Indígenas criticam apropriao cultural em adornos gaúchos – DW – 19 / 10 / 2025,2025-10-19 18:30:00,2025-10-19 18:30:00,2025-10-19 00:00:00,2025-01-01 00:00:00,year,19 / 10 / 2025,1,1,1,1,1,1,tie,tie
gdelt_f82b4045,en,Bangladesh poll rivals rally on final day of campaign,2026-02-10 00:45:00,2026-02-10 00:45:00,2026-02-10 00:45:00,,,,0,0,0,0,0,0,na,na
gdelt_f87247c5,es,Especial : Provincia argentina de La Pampa participa en la CIIE con su carne bovina como emblema de identidad productiva,2025-10-29 14:15:00,2025-10-29 14:15:00,2025-10-29 14:15:00,,,,0,0,0,0,0,0,na,na
gdelt_f9153bcf,en,"Japan will pay  painful price  if it steps out of line over Taiwan , China military says",2025-11-27 18:30:00,2025-11-27 18:30:00,2025-11-27 18:30:00,,,,0,0,0,0,0,0,na,na
gdelt_f93abea8,pt,X barra monetizao de vídeos da guerra do Irã feitos com IA,2026-03-06 06:15:00,2026-03-06 06:15:00,2026-12-01 00:00:00,,,,0,0,0,0,0,0,na,na
gdelt_f95ba5dd,sw,Zelensky yuko Vilnius kushiriki mkutano wa NATO – DW – 02 . 06 . 2025,2025-06-02 20:00:00,2025-06-02 00:00:00,2025-06-02 00:00:00,2025-01-01 00:00:00,year,2025,1,1,1,1,1,1,tie,tie
gdelt_f96d5c02,uk,Вибори в Республіці Сербській : переміг соратник Додіка – DW – 24 . 11 . 2025,2025-11-24 18:15:00,2025-11-24 18:15:00,2025-11-24 00:00:00,2025-01-01 00:00:00,year,2025,1,1,1,1,1,1,tie,tie
gdelt_f9d9d9a2,fr,Sept pays africains où des troupes américaines ont été déployées,2025-11-04 23:30:00,2025-11-04 23:30:00,2025-11-04 23:30:00,,,,0,0,0,0,0,0,na,na
gdelt_f9e9b305,en,Golders Green : Replacement ambulances arrive after London arson attack,2026-03-25 00:30:00,2026-03-25 00:30:00,2026-03-25 00:30:00,,,,0,0,0,0,0,0,na,na
gdelt_face0eee,en,Israeli settlers kill two Palestinians in occupied West Bank,2026-03-08 21:45:00,2026-03-08 21:45:00,2026-03-08 21:45:00,,,,0,0,0,0,0,0,na,na
gdelt_fb275af4,zh-cn,国泰集团2025年净利润增长9 . 5 % 至108 . 3亿港元 - 新华网,2026-03-11 21:30:00,0001-03-11 21:30:00,2025-01-01 00:00:00,,,,0,0,0,0,0,0,na,na
gdelt_fb55af76,zh-cn,网络出现假冒人民大会堂门票 暑期出游购票要当心 - 新华网,2025-07-07 12:30:00,2025-07-07 12:30:00,2025-07-07 12:30:00,,,,0,0,0,0,0,0,na,na
gdelt_fb7e1bb6,en,"Jalen Duren ejected for elbowing Amen Thompson , but Pistons rally to beat Rockets",2025-10-25 14:15:00,2025-10-25 14:15:00,2025-10-25 14:15:00,,,,0,0,0,0,0,0,na,na
gdelt_fbb7bb16,zh-cn,江苏民营企业用创新实干不断拓宽科技  护城河 _ 新华网江苏频道,2025-10-12 15:00:00,2025-10-12 15:00:00,2025-10-12 15:00:00,,,,0,0,0,0,0,0,na,na
gdelt_fbfb9cd7,ko,以师者之名 筑心育之基 ： 北师大崇德教育基金正式成立 - 新华网,2025-12-22 09:15:00,2025-12-22 09:15:00,2025-12-22 09:15:00,,,,0,0,0,0,0,0,na,na
gdelt_fc2f0d0d,en,Australia confident AUKUS security pact will proceed despite US review,2025-06-12 13:00:00,2025-06-12 13:00:00,2025-06-12 13:00:00,,,,0,0,0,0,0,0,na,na
gdelt_fc3489da,zh-tw,年薪18萬英鎊徵求家教 ， 教嬰兒成為 「 英國紳士 」 - BBC News 中文,2025-11-12 15:00:00,2025-11-12 15:00:00,2025-11-01 00:00:00,,,,0,0,0,0,0,0,na,na
gdelt_fca8da48,en,Washington Post CEO resigns after sweeping layoffs,2026-02-08 18:15:00,2026-02-08 18:15:00,2026-02-08 18:15:00,,,,0,0,0,0,0,0,na,na
gdelt_fcb1ea8a,en,What happened to the Madleen Gaza boat activists detained by Israel ? ,2025-06-13 07:15:00,2025-06-13 07:15:00,2025-06-13 07:15:00,,,,0,0,0,0,0,0,na,na
gdelt_fcda7a51,en,Indonesia President Prabowo takes up  sudden invitation  to attend Gaza peace summit in Egypt,2025-10-13 20:15:00,2025-10-13 20:15:00,2025-10-13 20:15:00,,,,0,0,0,0,0,0,na,na
gdelt_fcddde75,zh-cn,劳动教育课 ， 如何真正  动  起来 - 新华网,2026-01-06 11:30:00,2026-01-06 11:30:00,2026-01-06 11:30:00,,,,0,0,0,0,0,0,na,na
gdelt_fd17f223,en,CNA Explains : What Singapore national wage guidelines are for,2025-11-17 10:45:00,2025-11-17 10:45:00,2025-11-17 10:45:00,,,,0,0,0,0,0,0,na,na
gdelt_fd599e58,ur,  ڈکی بھائی  کا مزید چار روزہ جسمانی ریمانڈ :  بائنومو  کیا ہے اور پاکستان میں آن لائن  جوئے  کی کن ایپس پر پابندی ہے ؟ ,2025-08-20 03:00:00,2025-08-20 03:00:00,2025-08-20 03:00:00,,,,0,0,0,0,0,0,na,na
gdelt_fd95a4b5,en,Jason Bowen  heartbreaking  motor neurone disease  getting worse  ,2026-03-16 08:00:00,2026-03-16 08:00:00,2026-03-16 08:00:00,,,,0,0,0,0,0,0,na,na
gdelt_fdd6179e,en,"Bude man , 65 , charged with murder over death of 95 - year - old woman",2025-07-02 21:45:00,2065-07-02 00:00:00,2025-07-01 00:00:00,,,,0,0,0,0,0,0,na,na
gdelt_fe313b74,en,Live updates : Judge dismisses against James Comey and Letitia James,2025-11-25 03:30:00,2025-11-25 03:30:00,2025-11-25 03:30:00,,,,0,0,0,0,0,0,na,na
gdelt_fe7dbfa7,ko,"맑은 하늘을 지켜라 ! 2025년 베이징 연평균 PM2 . 5 농도 , 관측 이래 최저 수준 - Xinhua",2026-01-06 12:30:00,2026-01-06 12:30:00,2026-01-06 12:30:00,,,,0,0,0,0,0,0,na,na
gdelt_feaa1f88,en,"Protection for all communities crucial amid Middle East tensions , says Eluned Morgan",2026-03-02 03:30:00,2026-03-02 03:30:00,2026-03-02 03:30:00,,,,0,0,0,0,0,0,na,na
gdelt_fec3f61a,es,Resumen : Instan a UE a responder con firmeza ante indignación provocada por amenaza arancelaria de Trump,2025-07-13 09:00:00,2025-07-13 09:00:00,2025-07-01 00:00:00,,,,0,0,0,0,0,0,na,na
gdelt_feeb245c,ru,Китай и Армения договорились о стратегическом партнерстве – DW – 31 . 08 . 2025,2025-08-31 20:00:00,2025-08-31 20:00:00,2025-08-31 00:00:00,2025-01-01 00:00:00,year,2025,1,1,1,1,1,1,tie,tie
gdelt_ff0032e0,en,County Tyrone : Benburb ridge collapse causing serious disruption,2025-10-19 15:30:00,2025-10-19 15:30:00,2025-10-19 15:30:00,,,,0,0,0,0,0,0,na,na
gdelt_ff2db239,en,Food prices are surging in Russia . Is the war hitting Russians in the pocket ? ,2026-02-18 09:45:00,2026-02-18 09:45:00,2026-02-18 09:45:00,,,,0,0,0,0,0,0,na,na
gdelt_ffaff3bc,en,WestJet probes cybersecurity incident affecting app and internal systems,2025-06-15 00:30:00,2025-06-15 00:30:00,2025-06-15 00:30:00,,,,0,0,0,0,0,0,na,na
gdelt_fffaf85d,en,Ukraine : US envoy  hopeful  ahead of Trump - Zelenskyy talks – DW – 08 / 17 / 2025,2025-08-17 23:45:00,2025-08-17 00:00:00,2025-08-17 00:00:00,2025-01-01 00:00:00,year,08 / 17 / 2025,1,1,1,1,1,1,tie,tie
