id,lang,title,standard_timestamp,event_timestamp_v1,event_timestamp_v2,pseudo_time,pseudo_granularity,pseudo_source_text,is_evaluable_v1,is_evaluable_v2,is_exact_v1,is_exact_v2,is_relaxed_v1,is_relaxed_v2,exact_compare,relaxed_compare
gdelt_00275553,en,Nick Reiner high - profile lawyer quits as public defenders take over ; arraignment postponed,2026-01-08 05:30:00,2026-01-08 05:30:00,2026-01-08 05:30:00,,,,0,0,0,0,0,0,na,na
gdelt_003683cb,en,Iran war live : Tehran warns of intensified strikes if energy sites targeted | US - Israel war on Iran News,2026-03-20 11:30:00,2026-03-20 11:30:00,2026-03-20 11:30:00,,,,0,0,0,0,0,0,na,na
gdelt_0077b082,bg,Мерц : Лично убеждал Трампа ввести санкции против РФ – DW – 10 . 08 . 2025,2025-08-11 00:45:00,2025-08-11 00:45:00,2025-08-10 00:00:00,2025-01-01 00:00:00,year,2025,1,1,1,1,1,1,tie,tie
gdelt_00a1b165,en,"LIVE : 21 in Gaza killed by Israeli attacks today , hospitals plead for fuel | Israel - Palestine conflict News",2025-06-08 19:30:00,2025-06-08 19:30:00,2025-06-08 19:30:00,2025-06-08 00:00:00,day,today,1,1,1,1,1,1,tie,tie
gdelt_00b3d875,tr,Mahkeme Apple  ın  çevreci saat  reklamlarını durdurdu – DW – 26 . 08 . 2025,2025-08-26 22:00:00,2025-08-26 22:00:00,2025-08-26 00:00:00,2025-01-01 00:00:00,year,2025,1,1,1,1,1,1,tie,tie
gdelt_00c1493c,en,Typhoon Ragasa bears down on southern China after killing 17 in Taiwan,2025-09-24 22:00:00,2025-09-24 22:00:00,2025-09-24 22:00:00,,,,0,0,0,0,0,0,na,na
gdelt_012b3cb2,uk,Міністри оборони ФРН і США обговорили постачання зброї Києву – DW – 15 . 07 . 2025,2025-07-15 15:45:00,2025-07-15 15:45:00,2025-07-15 00:00:00,2025-01-01 00:00:00,year,2025,1,1,1,1,1,1,tie,tie
gdelt_012de21d,en,Online forum CEOs called to testify at Congress after Charlie Kirk murder,2025-09-18 05:00:00,2025-09-18 05:00:00,2025-09-18 05:00:00,,,,0,0,0,0,0,0,na,na
gdelt_01471cad,en,The Singaporean shoemaker who crafts bespoke shoes under his own label,2025-08-22 12:45:00,2025-08-22 12:45:00,2025-08-22 12:45:00,,,,0,0,0,0,0,0,na,na
gdelt_015467fb,sq,Korrupsioni në Ukrainë : 30 përqind ryshfet për dronë të rinj – DW – 04 / 08 / 2025,2025-08-04 15:00:00,2025-08-04 15:00:00,2025-08-04 00:00:00,2025-01-01 00:00:00,year,04 / 08 / 2025,1,1,1,1,1,1,tie,tie
gdelt_017d9704,zh-cn,雄安抗战印记 ： 遇见  官大妈 - 新华网河北频道 - 新华网,2025-09-14 14:00:00,2025-09-14 14:00:00,2025-09-14 14:00:00,,,,0,0,0,0,0,0,na,na
gdelt_024d73c2,es,"Determinación de China para salvaguardar derechos legítimos es inquebrantable , dice vice primer ministro",2025-09-16 08:45:00,2025-09-16 08:45:00,2025-09-16 08:45:00,,,,0,0,0,0,0,0,na,na
gdelt_0282205c,fr,Le dirigeant suprême de la RPDC supervise un exercice de lancement de missiles hypersoniques ( KCNA ) - Xinhua,2026-01-05 11:30:00,2026-01-05 11:30:00,2026-01-05 11:30:00,,,,0,0,0,0,0,0,na,na
gdelt_02b8f2a7,en,Do not inhale ! How wildfire smoke  affects the whole body  ,2026-02-23 15:45:00,2026-02-23 15:45:00,2026-02-23 15:45:00,,,,0,0,0,0,0,0,na,na
gdelt_02ba9feb,en,From Luton to Sri Lanka : Remembering an epic 1959 road trip,2025-09-07 13:30:00,1959-09-07 00:00:00,2025-09-07 13:30:00,1959-01-01 00:00:00,year,1959,1,1,1,0,1,0,v1_better,v1_better
gdelt_02f21455,en,LIVE : Israel pounds Gaza ; Trump says  very good chance  of truce deal | Israel - Palestine conflict News,2025-07-10 13:30:00,2025-07-10 13:30:00,2025-07-10 13:30:00,,,,0,0,0,0,0,0,na,na
gdelt_03a46ef9,en,SGX tie - up with Nasdaq to streamline dual listings among moves to boost Singapore equities market,2025-11-19 20:45:00,2025-11-19 20:45:00,2025-11-19 20:45:00,,,,0,0,0,0,0,0,na,na
gdelt_03c51b8f,hr,Hibridna prijetnja u Njemačkoj - 321 sumnjivi slučaj,2026-02-11 17:15:00,2026-02-11 17:15:00,2026-02-11 17:15:00,,,,0,0,0,0,0,0,na,na
gdelt_03c98779,en,Iran war live : Tehran promises never to surrender as war enters eighth day | Israel - Iran conflict News,2026-03-07 17:30:00,2026-03-07 17:30:00,2026-03-07 17:30:00,,,,0,0,0,0,0,0,na,na
gdelt_03f65f45,af,US chess grandmaster Daniel Naroditsky dies at 29,2025-10-21 14:30:00,2025-10-21 14:30:00,2025-10-21 14:30:00,,,,0,0,0,0,0,0,na,na
gdelt_046e2d38,en,The Bounce : NBA Cup elimination is here . So are our Western Conference grades,2025-12-10 01:00:00,2025-12-10 01:00:00,2025-12-10 01:00:00,,,,0,0,0,0,0,0,na,na
gdelt_05047301,uk,Чому вбивство міграційною поліцією молодої жінки у США сколихнуло всю країну,2026-01-08 22:00:00,2026-01-08 22:00:00,2026-01-08 22:00:00,,,,0,0,0,0,0,0,na,na
gdelt_054feb85,de,USA loben Gespräche mit Ukraine und Russland als konstruktiv – DW – 22 . 12 . 2025,2025-12-22 20:15:00,2025-12-22 20:15:00,2025-12-22 00:00:00,2025-01-01 00:00:00,year,2025,1,1,1,1,1,1,tie,tie
gdelt_05554b73,zh-cn,俄罗斯指挥家安东的中国艺术之旅 - 新华网辽宁频道,2025-07-03 18:15:00,2025-07-03 18:15:00,2025-07-03 18:15:00,,,,0,0,0,0,0,0,na,na
gdelt_056c8e83,zh-cn,2025第四届酸辣粉行业大会在河南开封举行 - 新华网河南频道,2025-10-21 13:30:00,2025-10-21 13:30:00,2025-01-01 00:00:00,2025-01-01 00:00:00,year,2025,1,1,1,1,1,1,tie,tie
gdelt_05be4fc0,ru,Выборы в Гонконге : баллотироваться могут только  патриоты  – DW – 07 . 12 . 2025,2025-12-07 18:15:00,2025-12-07 18:15:00,2025-12-07 00:00:00,2025-01-01 00:00:00,year,2025,1,1,1,1,1,1,tie,tie
gdelt_05c99108,en,"Russia launches deadly wave of drone , missile attacks across Ukraine",2025-10-22 19:00:00,2025-10-22 19:00:00,2025-10-22 19:00:00,,,,0,0,0,0,0,0,na,na
gdelt_0667e692,hr,Srebrenica : Hiljadu godina robije i oni koji su se izvukli – DW – 07 . 07 . 2025,2025-07-08 19:00:00,2025-07-08 19:00:00,2025-07-07 00:00:00,2025-01-01 00:00:00,year,2025,1,1,1,1,1,1,tie,tie
gdelt_069f8358,fr,Plus dune dizaine de boulangeries fermées à Niamey – DW – 26 / 08 / 2025,2025-08-26 18:15:00,2025-08-26 18:15:00,2025-08-26 00:00:00,2025-01-01 00:00:00,year,26 / 08 / 2025,1,1,1,1,1,1,tie,tie
gdelt_07219a13,ru,"Торговая сделка ЕС - США : не похищение , а грабеж Европы ? – DW – 28 . 07 . 2025",2025-07-28 23:45:00,2025-07-28 23:45:00,2025-07-28 00:00:00,2025-01-01 00:00:00,year,2025,1,1,1,1,1,1,tie,tie
gdelt_07792648,ru,Латвия заблокировала еще 10 сайтов с российской пропагандой – DW – 04 . 08 . 2025,2025-08-04 20:45:00,2025-08-04 20:45:00,2025-08-04 00:00:00,2025-01-01 00:00:00,year,2025,1,1,1,1,1,1,tie,tie
gdelt_0799f2fa,en,What is Donald Trump 21 - point plan to end Gaza war ? – DW – 09 / 29 / 2025,2025-09-29 23:45:00,2025-09-29 00:00:00,2025-09-29 00:00:00,2025-01-01 00:00:00,year,09 / 29 / 2025,1,1,1,1,1,1,tie,tie
gdelt_07a54f39,en,Buccaneers vs . Texans takeaways : Another Baker Mayfield game - winning drive lifts Tampa to 2 - 0,2025-09-16 12:30:00,2025-09-16 12:30:00,2025-09-16 12:30:00,,,,0,0,0,0,0,0,na,na
gdelt_07d96da4,ko,甘肃省风能太阳能可开发量居全国前列 - 新华网,2025-12-21 14:00:00,2025-12-21 14:00:00,2025-12-21 14:00:00,,,,0,0,0,0,0,0,na,na
gdelt_07de73d6,zh-cn,河南财经政法大学 ： 打破学科壁垒 培养复合人才 - 新华网河南频道,2025-12-30 14:15:00,2025-12-30 14:15:00,2025-12-30 14:15:00,,,,0,0,0,0,0,0,na,na
gdelt_07ee1d81,tr,Almanyada neden yeni bir grev dalgası bekleniyor ? ,2026-02-22 16:45:00,2026-02-22 16:45:00,2026-02-22 16:45:00,,,,0,0,0,0,0,0,na,na
gdelt_08065370,el,Nέα δημοσκόπηση : Πρώτο κόμμα η AfD με 26 % – DW – 06 / 10 / 2025,2025-10-07 00:30:00,2025-10-07 00:30:00,2025-10-06 00:00:00,2025-01-01 00:00:00,year,06 / 10 / 2025,1,1,1,1,1,1,tie,tie
gdelt_084ba0f2,en,Southport inquiry : Attacker brother Dion Rudakubana speaks at hearing,2025-11-05 00:30:00,2025-11-05 00:30:00,2025-11-05 00:30:00,,,,0,0,0,0,0,0,na,na
gdelt_08701fb7,ko,勇做数字蓝海  弄潮儿 - 新华网辽宁频道,2025-09-07 16:45:00,2025-09-07 16:45:00,2025-09-07 16:45:00,,,,0,0,0,0,0,0,na,na
gdelt_091c1f3f,en,Map shows how 16 days of attacks have evolved in US - Israel war on Iran,2026-03-16 20:15:00,2026-02-28 20:15:00,2026-02-28 20:15:00,,,,0,0,0,0,0,0,na,na
gdelt_093ef46f,en,Iran Khamenei makes first public appearance since war with Israel | Israel - Iran conflict News,2025-07-06 13:00:00,2025-07-06 13:00:00,2025-07-06 13:00:00,,,,0,0,0,0,0,0,na,na
gdelt_0977eb3e,sw,Vita vya Ukraine : Zelensky alaani  shambulio la kikatili  baada ya Urusi kulishambulia jengo kuu la serikalikatika jimbo la Kyiv,2025-09-08 14:45:00,2025-09-08 14:45:00,2025-09-08 14:45:00,,,,0,0,0,0,0,0,na,na
gdelt_0989ec77,en,How Lindsey Vonn crash in the Olympic women downhill unfolded,2026-02-09 02:30:00,2026-02-09 02:30:00,2026-02-09 02:30:00,,,,0,0,0,0,0,0,na,na
gdelt_09a96fb0,en,The best cheap phones in Singapore,2025-09-05 17:15:00,2025-09-05 17:15:00,2025-09-05 17:15:00,,,,0,0,0,0,0,0,na,na
gdelt_0a5d6e46,ja,上海ファッションウィーク 、 東京で展示会イベント,2025-09-15 13:30:00,2025-09-15 13:30:00,2025-09-15 13:30:00,,,,0,0,0,0,0,0,na,na
gdelt_0a720f32,vi,Hệ thống tin giả do Nga tài trợ tính xáo trộn bầu cử ở châu Âu như thế nào ? ,2025-09-21 21:00:00,2025-09-21 21:00:00,2025-09-21 21:00:00,,,,0,0,0,0,0,0,na,na
gdelt_0aaef26a,en,GXS Bank lays off 82 employees after  strategic business review  ,2025-12-03 17:00:00,2025-12-03 17:00:00,2025-12-03 17:00:00,,,,0,0,0,0,0,0,na,na
gdelt_0ac3fcfe,ko,孩子刷手機停不下來 ？ 別慌 ， 試試這五個方法 - BBC News 中文,2026-03-27 17:30:00,2026-03-27 17:30:00,2026-03-27 17:30:00,,,,0,0,0,0,0,0,na,na
gdelt_0b456eee,zh-cn,2025年  奔跑吧 · 少年  海南省青少年轮滑挑战赛 （ 陵水站 ） 落幕 - 新华网,2025-08-03 20:15:00,2025-08-03 00:00:00,2025-01-01 00:00:00,2025-01-01 00:00:00,year,2025年,1,1,1,1,1,1,tie,tie
gdelt_0bca8076,ko,甘肃省中医药文化陇原行系列活动启动 - 新华网,2025-07-03 10:30:00,2025-07-03 10:30:00,2025-07-03 10:30:00,,,,0,0,0,0,0,0,na,na
gdelt_0c47c77a,en,Turtle rehabilitated at SEA LIFE Scarborough returned to the wild,2025-09-24 18:00:00,2025-09-24 18:00:00,2025-09-24 18:00:00,,,,0,0,0,0,0,0,na,na
gdelt_0c5c91bc,zh-cn,兰州机场T3航站楼投运半年成绩单亮眼 - 新华网,2025-09-22 12:45:00,2025-09-22 12:45:00,2025-09-01 00:00:00,,,,0,0,0,0,0,0,na,na
gdelt_0c7b3661,en,Death toll passes 900 after devastating Indonesia floods,2025-12-07 12:15:00,2025-12-07 12:15:00,2025-12-07 12:15:00,,,,0,0,0,0,0,0,na,na
gdelt_0d5024e3,ko,超七成民众支持加沙全面停火 以色列再爆发大规模示威 - 新华网,2025-07-14 00:30:00,2025-07-14 00:30:00,2025-07-14 00:30:00,,,,0,0,0,0,0,0,na,na
gdelt_0df50167,en,"Israel , Syria leaders agree on ceasefire : US envoy",2025-07-19 07:00:00,2025-07-19 07:00:00,2025-07-19 07:00:00,,,,0,0,0,0,0,0,na,na
gdelt_0e4d1288,tr,Öcalandan Suriye açıklaması : Süreci baltalama girişimi,2026-01-18 19:15:00,2026-01-18 19:15:00,2026-01-18 19:15:00,,,,0,0,0,0,0,0,na,na
gdelt_0e50d086,tr,Almanyada şirket iflasları on yılın zirvesinde – DW – 08 . 12 . 2025,2025-12-08 23:45:00,2025-12-08 23:45:00,2025-12-08 00:00:00,2025-01-01 00:00:00,year,2025,1,1,1,1,1,1,tie,tie
gdelt_0e91fe12,fr,La Pologne ne rejoindra pas le Conseil de la paix pour le moment ( PM ) - Xinhua,2026-02-12 09:00:00,2026-02-12 09:00:00,2026-02-12 09:00:00,,,,0,0,0,0,0,0,na,na
gdelt_0eb24e11,zh-tw,中國再次抓捕同性情色文學寫手 ， 當局為何如此忌憚 「 耽美同人 」 創作 ？ - BBC News 中文,2025-06-10 12:00:00,2025-06-10 12:00:00,2025-06-10 12:00:00,,,,0,0,0,0,0,0,na,na
gdelt_0ee7060d,en,US Palestinian activist says FBI foiled assassination plot against her,2026-03-28 05:00:00,2026-03-28 05:00:00,2026-03-28 05:00:00,,,,0,0,0,0,0,0,na,na
gdelt_0ee70a53,tr,Paristeki Louvre Müzesinde gündüz vakti büyük soygun – DW – 19 . 10 . 2025,2025-10-19 21:45:00,2025-10-19 21:45:00,2025-10-19 00:00:00,2025-01-01 00:00:00,year,2025,1,1,1,1,1,1,tie,tie
gdelt_0f1a47ca,en,Bell Hotel asylum seeker court battle costs Epping council £566k,2026-03-10 15:30:00,2026-03-10 15:30:00,2026-03-10 15:30:00,,,,0,0,0,0,0,0,na,na
gdelt_0f1cfd6c,es,Vista aérea de las ruinas de Heicheng en la región autónoma de Mongolia Interior,2025-10-31 12:45:00,2025-10-31 12:45:00,2025-10-31 12:45:00,,,,0,0,0,0,0,0,na,na
gdelt_0f8431c9,en,Obsidian Therapeutics inside the world of tumour - infiltrating lymphocytes and cell therapy,2025-06-11 08:45:00,2025-06-11 08:45:00,2025-06-11 08:45:00,,,,0,0,0,0,0,0,na,na
gdelt_0f9c9006,en,  Im my own worst enemy  - Hamish Hawk gears up for Hogmanay,2025-12-31 11:45:00,2025-12-31 11:45:00,2025-12-31 11:45:00,,,,0,0,0,0,0,0,na,na
gdelt_0faaf1f7,en,All town councils receive top ratings in estate management for second year running,2025-06-13 15:45:00,2025-06-13 15:45:00,2025-06-01 00:00:00,,,,0,0,0,0,0,0,na,na
gdelt_100e228d,fr,LArabie saoudite inaugure le Musée de la Mer Rouge dans un site patrimonial restauré à Djeddah - Xinhua,2025-12-08 10:45:00,2025-12-08 10:45:00,2025-12-03 00:00:00,,,,0,0,0,0,0,0,na,na
gdelt_10149827,ko,首批柬埔寨榴莲飞入河南 - 新华网河南频道,2025-08-10 09:45:00,2025-08-10 09:45:00,2025-08-10 09:45:00,,,,0,0,0,0,0,0,na,na
gdelt_1025f3af,es,China presenta brazo robótico de 7 funciones para aguas profundas de fabricación nacional,2025-07-07 09:15:00,2025-07-07 09:15:00,2025-07-07 09:15:00,,,,0,0,0,0,0,0,na,na
gdelt_106d50e0,en,Japan PM to call snap election seeking stronger mandate : Reports,2026-01-19 16:15:00,2026-01-19 16:15:00,2026-01-19 16:15:00,,,,0,0,0,0,0,0,na,na
gdelt_107f76ec,es,Argentina solicita formalmente a EE . UU . exención de visas – DW – 29 / 07 / 2025,2025-07-29 12:30:00,2025-07-29 12:30:00,2025-07-29 00:00:00,2025-01-01 00:00:00,year,29 / 07 / 2025,1,1,1,1,1,1,tie,tie
gdelt_109bf8f4,fa,کاخ سفید دستور یک فرمانده ارشد برای حمله دوم به بازماندگان یک قایق ونزوئلایی را تایید کرد,2025-12-02 09:45:00,2025-12-02 09:45:00,2025-12-02 09:45:00,,,,0,0,0,0,0,0,na,na
gdelt_11385638,en,ADB approves US$400 million loan to make it easier to do business in the Philippines,2025-12-10 13:45:00,2025-12-10 13:45:00,2025-12-10 13:45:00,,,,0,0,0,0,0,0,na,na
gdelt_1160965f,en,Brazil downplays tariff impact as Trump says he will speak to Lula at some point,2025-07-12 09:00:00,2025-07-12 09:00:00,2025-07-12 09:00:00,,,,0,0,0,0,0,0,na,na
gdelt_1230f4da,en,Memorial for Swiss bar fire victims goes up in flames : Police,2026-02-08 21:45:00,2026-02-08 21:45:00,2026-02-08 21:45:00,,,,0,0,0,0,0,0,na,na
gdelt_128ce522,en,Kyra Cooney - Cross : How training with Myles Lewis - Skelly prepared her for new Arsenal season,2025-08-29 00:30:00,2025-08-29 00:30:00,2025-08-29 00:30:00,,,,0,0,0,0,0,0,na,na
gdelt_134d689c,ro,Strategia de apărare a SUA scoate Europa din prim - plan,2026-01-25 19:15:00,2026-01-25 19:15:00,2026-01-25 19:15:00,,,,0,0,0,0,0,0,na,na
gdelt_137acdf0,es,Argentina : millares exigen justicia por triple feminicidio – DW – 28 / 09 / 2025,2025-09-28 12:15:00,2025-09-28 12:15:00,2025-09-28 00:00:00,2025-01-01 00:00:00,year,28 / 09 / 2025,1,1,1,1,1,1,tie,tie
gdelt_13927d0a,so,Wareeggii koowaad ee xabbad - joojinta Qasa oo natiijo laaan kusoo dhammaaday,2025-07-07 13:30:00,2025-07-07 13:30:00,2025-07-07 13:30:00,,,,0,0,0,0,0,0,na,na
gdelt_13b29639,en,Capita fined £14m for cyber - attack which affected millions,2025-10-15 18:15:00,2025-10-15 18:15:00,2025-10-15 18:15:00,,,,0,0,0,0,0,0,na,na
gdelt_13e8de90,en,Sidcup heart and lung transplant patient breaks survival record,2025-10-13 14:30:00,2025-10-13 14:30:00,2025-10-13 14:30:00,,,,0,0,0,0,0,0,na,na
gdelt_1407f407,en,Chine : tourisme hivernal à Hainan - Xinhua - french . news . cn,2026-01-11 13:15:00,2026-01-11 13:15:00,2026-01-11 13:15:00,,,,0,0,0,0,0,0,na,na
gdelt_1416a9bf,zh-cn,542片在欧甲骨实现数字化采集 - 新华网河南频道,2025-08-10 09:45:00,2025-08-10 09:45:00,2025-08-10 09:45:00,,,,0,0,0,0,0,0,na,na
gdelt_1459ffb6,ur,کینو جیسا میٹھا پھل مسائل کی کڑواہٹ کا شکار – DW – 14 . 12 . 2025,2025-12-14 16:45:00,2025-12-14 16:45:00,2025-12-14 00:00:00,2025-01-01 00:00:00,year,2025,1,1,1,1,1,1,tie,tie
gdelt_1474a2bc,zh-cn,瞭望访谈丨以  四个凝聚  助力江苏挑大梁 、 走在前 专访江苏省政协主席张义珍 _ 新华网江苏频道,2025-07-21 13:00:00,2025-07-21 13:00:00,2025-07-21 13:00:00,,,,0,0,0,0,0,0,na,na
gdelt_149656dd,mk,Повеќе од 14 милиони деца невакцинирани во 2024 година – DW – 15 . 07 . 2025,2025-07-15 14:00:00,2025-07-15 14:00:00,2024-01-01 00:00:00,2025-01-01 00:00:00,year,2024 година,1,1,1,0,1,0,v1_better,v1_better
gdelt_15002cad,ko,AI가 바꾼 제작 공식 ... 中 숏드라마 판도 재편 - Xinhua,2026-03-26 11:00:00,2026-03-26 11:00:00,2026-03-26 11:00:00,,,,0,0,0,0,0,0,na,na
gdelt_15761981,en,LIVE : UN urges Israel to allow medical evacuation from Gaza amid ceasefire | Gaza News,2025-10-23 15:00:00,2025-10-23 15:00:00,2025-10-23 15:00:00,,,,0,0,0,0,0,0,na,na
gdelt_15909ee3,sw,"Mpango wa Trump wenye mambo 28 kumaliza vita Ukraine , utafanya kazi ? ",2025-11-25 21:15:00,2025-11-25 21:15:00,2025-11-25 21:15:00,,,,0,0,0,0,0,0,na,na
gdelt_16066f09,ko,南方电网都匀供电局  多看一眼  阻断220千伏重大隐患 - 新华网,2025-10-20 18:45:00,2025-10-20 18:45:00,2025-10-20 18:45:00,,,,0,0,0,0,0,0,na,na
gdelt_1607a5b3,en,Iran war live : Trump again slams NATO lack of support for war on Tehran | US - Israel war on Iran News,2026-03-28 14:45:00,2026-03-28 14:45:00,2026-03-28 14:45:00,,,,0,0,0,0,0,0,na,na
gdelt_167a7127,en,Russia holds nuclear drills after delay to Putin - Trump summit,2025-10-22 20:45:00,2025-10-22 20:45:00,2025-10-22 20:45:00,,,,0,0,0,0,0,0,na,na
gdelt_168f2283,te,వార్తలు - BBC News తెలుగు,2025-11-24 23:15:00,2025-11-24 23:15:00,2025-11-24 23:15:00,,,,0,0,0,0,0,0,na,na
gdelt_16a0f943,en,Boeing evades 737 MAX trial after settlement with man whose family died in Ethiopia,2025-07-12 14:00:00,2025-07-12 14:00:00,2025-07-12 14:00:00,,,,0,0,0,0,0,0,na,na
gdelt_16af2e72,mk,65 . 000 прекршоци за 12 часа со „ Безбеден град  – DW – 1 . 12 . 2025,2025-12-02 01:15:00,2025-12-02 01:15:00,2025-12-01 00:00:00,2025-01-01 00:00:00,year,2025,1,1,1,1,1,1,tie,tie
gdelt_16f28088,en,Ajit Pawar : Deputy chief minister of Maharashtra state dies in plane crash,2026-01-28 14:00:00,2026-01-28 14:00:00,2026-01-28 14:00:00,,,,0,0,0,0,0,0,na,na
gdelt_17123df4,en,Texas 34th Congressional District Primary Election Results 2026,2026-03-04 13:30:00,2026-03-04 00:00:00,2026-01-01 00:00:00,2026-01-01 00:00:00,year,2026,1,1,1,1,1,1,tie,tie
gdelt_173c441b,id,"Gara - gara Kontroversi Grok , Inggris Bidik Semua Chatbot AI",2026-02-17 17:15:00,2026-02-17 17:15:00,2026-02-17 17:15:00,,,,0,0,0,0,0,0,na,na
gdelt_173d335d,en,This Singaporean became an indoor skydiving champion at 15,2025-08-28 12:00:00,2025-08-28 12:00:00,2025-08-28 12:00:00,,,,0,0,0,0,0,0,na,na
gdelt_174d1b53,en,"Electric car purchases will be cheaper , pledges Heidi Alexander",2025-07-13 19:45:00,2025-07-13 19:45:00,2025-07-13 19:45:00,,,,0,0,0,0,0,0,na,na
gdelt_175c7fba,en,New Sugar Smart Nation movement ropes in companies to raise staff awareness on diabetes,2025-11-14 23:00:00,2025-11-14 23:00:00,2025-11-14 23:00:00,,,,0,0,0,0,0,0,na,na
gdelt_179b2c71,ur,لاہور میں این اے 129 سمیت قومی اسمبلی کے چھ اور پنجاب اسمبلی کے سات حلقوں پر ضمنی انتخابات,2025-11-23 12:45:00,2025-11-23 12:45:00,2025-11-23 12:45:00,,,,0,0,0,0,0,0,na,na
gdelt_180f9a31,en,"Trump names former Federal Reserve governor Warsh as the next Fed chair , to replace Powell",2026-01-30 21:00:00,2026-01-30 21:00:00,2026-01-30 21:00:00,,,,0,0,0,0,0,0,na,na
gdelt_182f0205,en,"One killed , 11 injured in Yemen after security forces disperse STC storming",2026-02-20 16:15:00,2026-02-20 16:15:00,2026-02-20 16:15:00,,,,0,0,0,0,0,0,na,na
gdelt_18911244,de,Syriens Wiederaufbau : Ist Crowdfunding echte Hilfe oder PR ? – DW – 26 . 10 . 2025,2025-10-26 16:30:00,2025-10-26 16:30:00,2025-10-26 00:00:00,2025-01-01 00:00:00,year,2025,1,1,1,1,1,1,tie,tie
gdelt_18dbddf5,zh-cn,福州滨海快线开始载客运营 - 新华网,2025-09-29 17:15:00,2025-09-29 17:15:00,2025-09-29 17:15:00,,,,0,0,0,0,0,0,na,na
gdelt_193206fb,en,Nigeria replaces top security officials days after coup plot denial,2025-10-25 05:30:00,2025-10-25 05:30:00,2025-10-25 05:30:00,,,,0,0,0,0,0,0,na,na
gdelt_1956643a,uk,Удар РФ по Києву : пошкоджено будівлю біля представництва ЄС – DW – 10 . 06 . 2025,2025-06-10 18:00:00,2025-06-10 18:00:00,2025-06-10 00:00:00,2025-01-01 00:00:00,year,2025,1,1,1,1,1,1,tie,tie
gdelt_1971bf2b,en,How military imposters like the Llandudno fake admiral get exposed,2026-01-21 07:30:00,2026-01-21 07:30:00,2026-01-21 07:30:00,,,,0,0,0,0,0,0,na,na
gdelt_1989a073,ru,В американской системе  Золотой купол  будет 4 уровня защиты – DW – 13 . 08 . 2025,2025-08-13 14:00:00,2025-08-13 14:00:00,2025-08-13 00:00:00,2025-01-01 00:00:00,year,2025,1,1,1,1,1,1,tie,tie
gdelt_19ee9fa8,zh-cn,金融监管总局 ： 养老理财产品试点地区扩大至全国 - 新华网,2025-10-31 12:45:00,2025-10-31 12:45:00,2025-10-31 12:45:00,,,,0,0,0,0,0,0,na,na
gdelt_1a078487,es,Ballet Nacional de China realiza presentación en Brasilia | Spanish . xinhuanet . com,2025-10-08 14:30:00,2025-10-08 14:30:00,2025-10-08 14:30:00,,,,0,0,0,0,0,0,na,na
gdelt_1a39dd82,fa,ماجرای اولین زنی که از انگلیس به لیگ حرفه‌ای فوتبال عربستان رفت : خیلی‌ها را رنجاندم,2025-10-13 10:00:00,2025-10-13 10:00:00,2025-10-13 10:00:00,,,,0,0,0,0,0,0,na,na
gdelt_1a5e97e2,ru,"Гибель проводника поезда : в ФРГ спорят , как побороть насилие",2026-02-10 04:00:00,2026-02-10 04:00:00,2026-02-10 04:00:00,,,,0,0,0,0,0,0,na,na
gdelt_1a64422e,en,Rob Jetten sworn in as youngest - ever Dutch prime minister,2026-02-23 20:15:00,2026-02-23 20:15:00,2026-02-23 20:15:00,,,,0,0,0,0,0,0,na,na
gdelt_1a79183b,ru,Аккаунт  Луизы Розовой  с критикой Путина оказался фейковым – DW – 11 . 08 . 2025,2025-08-11 19:15:00,2025-08-11 19:15:00,2025-08-11 00:00:00,2025-01-01 00:00:00,year,2025,1,1,1,1,1,1,tie,tie
gdelt_1ae9701a,en,"Ukraine faces  exhausting battle against Russia in Zaporizhia , Donetsk | Russia - Ukraine war News",2025-11-14 20:45:00,2025-11-14 20:45:00,2025-11-14 20:45:00,,,,0,0,0,0,0,0,na,na
gdelt_1b1c33a5,en,Belgium state - owned railway shines light on Holocaust role,2026-03-29 00:00:00,2026-03-29 00:00:00,2026-03-29 00:00:00,,,,0,0,0,0,0,0,na,na
gdelt_1b649a33,en,US - Israel war on Iran : What happening on day 30 of attacks ? | US - Israel war on Iran News,2026-03-29 18:15:00,2026-03-29 18:15:00,2026-03-29 18:15:00,,,,0,0,0,0,0,0,na,na
gdelt_1b822242,en,Snap Insight : Trump caves to Putin yet again at Alaska summit,2025-08-16 21:00:00,2025-08-16 21:00:00,2025-08-16 21:00:00,,,,0,0,0,0,0,0,na,na
gdelt_1b93d879,it,More Palestinians return to Gaza via Rafah as Israeli attacks continue,2026-02-11 17:45:00,2026-02-11 17:45:00,2026-02-05 00:00:00,,,,0,0,0,0,0,0,na,na
gdelt_1bb90746,en,Andrew Mountbatten - Windsor to keep City of London Freedom honour,2026-03-06 15:15:00,2026-03-06 15:15:00,2026-03-06 15:15:00,,,,0,0,0,0,0,0,na,na
gdelt_1bc6f74a,en,Commentary : Your headache is serious . Science should take it seriously . ,2025-11-02 06:45:00,2025-11-02 06:45:00,2025-11-02 06:45:00,,,,0,0,0,0,0,0,na,na
gdelt_1be3ace3,en,Gaza families reunite years after babies evacuated amid Israel war | Israel - Palestine conflict News,2026-03-31 19:30:00,2026-03-31 00:00:00,2026-03-01 00:00:00,,,,0,0,0,0,0,0,na,na
gdelt_1c0471c4,en,"220 , 000 Fewer Workers : How Trump Cuts Affected Every Federal Agency",2026-01-11 04:00:00,2026-01-11 04:00:00,2026-01-11 04:00:00,,,,0,0,0,0,0,0,na,na
gdelt_1c268443,en,"Ozzy Osbourne , Black Sabbath bat - biting frontman , dies aged 76",2025-07-23 07:15:00,1976-07-23 00:00:00,2025-07-23 07:15:00,,,,0,0,0,0,0,0,na,na
gdelt_1c4c1c94,en,Bedford workers honoured in new art exhibition,2025-10-27 16:15:00,2025-10-27 16:15:00,2025-10-27 16:15:00,,,,0,0,0,0,0,0,na,na
gdelt_1c6690e4,en,Dumfries and Galloway College students learn while babies cry,2025-12-01 15:15:00,2025-12-01 15:15:00,2025-12-01 15:15:00,,,,0,0,0,0,0,0,na,na
gdelt_1c8925f7,en,"Is Israel reshaping Lebanon , trying to separate Hezbollah from its people ? ",2026-03-09 02:45:00,2026-03-09 02:45:00,2026-03-09 02:45:00,,,,0,0,0,0,0,0,na,na
gdelt_1ce4365f,es,EEUU ataca narcolancha en el Pacífico y mueren tres personas – DW – 16 / 11 / 2025,2025-11-17 10:15:00,2025-11-17 10:15:00,2025-11-16 00:00:00,2025-01-01 00:00:00,year,16 / 11 / 2025,1,1,1,1,1,1,tie,tie
gdelt_1d04a42a,ur,پاکستانی اولمپک گولڈ میڈلسٹ ارشد ندیم کے کوچ سلمان بٹ پر تاحیات پابندی کیوں لگائی گئی ؟ ,2025-10-13 04:15:00,2025-10-13 04:15:00,2025-10-13 04:15:00,,,,0,0,0,0,0,0,na,na
gdelt_1d084ac9,en,Commentary : What China weapons parade says about its military might,2025-09-09 13:00:00,2025-09-09 13:00:00,2025-09-09 13:00:00,,,,0,0,0,0,0,0,na,na
gdelt_1d17ca92,en,Clementi hawker centre stallholders call in experts to dispose of trapped rats,2025-11-25 14:30:00,2025-11-25 14:30:00,2025-11-25 14:30:00,,,,0,0,0,0,0,0,na,na
gdelt_1d3b2eb9,en,Malaysia top court allows jailed ex - PM Najib to pursue legal bid for house arrest,2025-08-13 16:30:00,2025-08-13 16:30:00,2025-08-13 16:30:00,,,,0,0,0,0,0,0,na,na
gdelt_1d3f35de,ko,REITs市场迎政策新指引 支持扩容扩募与资产创新 - 新华网,2025-09-22 12:00:00,2025-09-22 12:00:00,2025-09-22 12:00:00,,,,0,0,0,0,0,0,na,na
gdelt_1d414439,ru,"ЕС импортировал СПГ из России на 4 , 48 млрд евро – DW – 18 . 08 . 2025",2025-08-19 00:15:00,2025-08-19 00:15:00,2025-08-18 00:00:00,2025-01-01 00:00:00,year,2025,1,1,1,1,1,1,tie,tie
gdelt_1d6ed79f,zh-tw,正以驚人速度擴張的中國海軍會主宰海洋嗎 ？ - BBC News 中文,2025-09-01 15:00:00,2025-09-01 15:00:00,2025-09-01 15:00:00,,,,0,0,0,0,0,0,na,na
gdelt_1e103097,en,"LIVE : Israel hits UN clinic , kills 23 Palestinians across Gaza since dawn | Israel - Palestine conflict News",2025-08-06 17:45:00,2025-08-06 17:45:00,2025-08-06 17:45:00,,,,0,0,0,0,0,0,na,na
gdelt_1e15f077,tr,Ali Yerlikayanın içişleri bakanlığı döneminde neler yaşandı ? ,2026-02-11 12:00:00,2026-02-11 12:00:00,2026-02-11 12:00:00,,,,0,0,0,0,0,0,na,na
gdelt_1e1c2bc7,en,Wrinkles as  badges of honour : How to embrace an ageing face,2025-11-23 18:30:00,2025-11-23 18:30:00,2025-11-23 18:30:00,,,,0,0,0,0,0,0,na,na
gdelt_1e5f9da9,es,"Altos del Golán son reconocidos internacionalmente como territorio sirio ocupado , dice representante chino ante ONU",2025-12-30 18:45:00,2025-12-30 18:45:00,2025-12-30 18:45:00,,,,0,0,0,0,0,0,na,na
gdelt_1e7e0b2b,el,Ουγγαρία : Φθηνή βενζίνη μόνο για ... ημεδαπούς,2026-03-26 23:00:00,2026-03-26 23:00:00,2026-03-26 23:00:00,,,,0,0,0,0,0,0,na,na
gdelt_1f7a4b19,en,Map : 3 . 5 - Magnitude Earthquake Strikes the San Francisco Bay Area,2025-09-16 07:00:00,2025-09-16 07:00:00,2025-09-16 07:00:00,,,,0,0,0,0,0,0,na,na
gdelt_1f887bd8,ko,  全网最忙五人组  背后藏了什么  鬼 ？- 新华网,2025-12-08 12:30:00,2025-12-08 12:30:00,2025-12-08 12:30:00,,,,0,0,0,0,0,0,na,na
gdelt_1fcc87be,en,ASEAN expected to issue statement expressing concern over US tariffs,2025-07-08 23:00:00,2025-07-08 23:00:00,2025-07-08 23:00:00,,,,0,0,0,0,0,0,na,na
gdelt_1fe878f3,en,Man arrested after Glasgow homes evacuated during disturbance,2025-12-16 16:00:00,2025-12-16 16:00:00,2025-12-16 16:00:00,,,,0,0,0,0,0,0,na,na
gdelt_20291e8a,en,"Committee of Supply 2026 debate , Day 4 : Eileen Chong on making flexible work arrangements work",2026-03-03 17:00:00,2026-03-03 17:00:00,2026-01-01 00:00:00,2026-01-01 00:00:00,year,2026,1,1,1,1,1,1,tie,tie
gdelt_20c6c322,en,Maureen Beattie carries on dad bid to save Winter Gardens,2026-01-02 21:00:00,2026-01-02 21:00:00,2026-01-02 21:00:00,,,,0,0,0,0,0,0,na,na
gdelt_20dffa3f,fr,RPDC : décès à 97 ans de lancien haut responsable Kim Yong Nam - Xinhua,2025-11-04 15:30:00,2025-11-04 15:30:00,2025-11-04 15:30:00,,,,0,0,0,0,0,0,na,na
gdelt_210b77b8,en,"Committee of Supply 2026 debate , Day 4 : Desmond Lee on  learn for life , together  in next bound of education reform",2026-03-03 12:30:00,2026-03-03 12:30:00,2026-01-01 00:00:00,2026-01-01 00:00:00,year,2026,1,1,1,1,1,1,tie,tie
gdelt_21b65d4e,es,Marchan en Brasil para pedir amnistía para Bolsonaro – DW – 08 / 10 / 2025,2025-10-08 09:15:00,2025-10-08 09:15:00,2025-10-08 00:00:00,2025-01-01 00:00:00,year,08 / 10 / 2025,1,1,1,1,1,1,tie,tie
gdelt_21d62c8c,ko,云南出台2025年电商培育扶持政策 _ 新华网,2025-07-20 10:45:00,2025-07-20 10:45:00,2025-01-01 00:00:00,,,,0,0,0,0,0,0,na,na
gdelt_21e97019,en,How reconstruction became Israel new weapon of  silent transfer  in Gaza | Israel - Palestine conflict,2026-02-08 23:00:00,2026-02-08 23:00:00,2026-02-08 23:00:00,,,,0,0,0,0,0,0,na,na
gdelt_220c2081,ko,世界举重锦标赛落幕 福建省再添一位世界冠军 - 新华网,2025-10-13 15:30:00,2025-10-13 15:30:00,2025-10-13 15:30:00,,,,0,0,0,0,0,0,na,na
gdelt_2253e508,en,Argentina World Cup draw only strengthens  favorite  tag . How will they handle pressure ? ,2025-12-08 22:45:00,2025-12-08 22:45:00,2025-12-08 22:45:00,,,,0,0,0,0,0,0,na,na
gdelt_22b2c05f,ko,逐梦 · 中招进行时丨石家庄市第四十四中学 - 新华网河北频道 - 新华网,2025-07-03 17:15:00,2025-07-03 17:15:00,2025-07-03 17:15:00,,,,0,0,0,0,0,0,na,na
gdelt_23906473,es,Yacimiento petrolífero de Tarim registra generación solar de más de 2 . 000 millones de kWh,2025-12-28 22:30:00,2025-12-28 22:30:00,2025-12-28 22:30:00,,,,0,0,0,0,0,0,na,na
gdelt_247ac04f,fr,Russie : un enquêteur qualifie d  actes de terrorisme  les effondrements de ponts - Xinhua,2025-06-02 10:15:00,2025-06-02 10:15:00,2025-06-02 10:15:00,,,,0,0,0,0,0,0,na,na
gdelt_248db9d6,en,Iraq starts mass grave excavation from ISIL ( ISIS ) carnage south of Mosul,2025-08-18 06:45:00,2025-08-18 06:45:00,2025-08-18 06:45:00,,,,0,0,0,0,0,0,na,na
gdelt_24f750d8,fa,چرا بریتانیا سرمایه‌گذاری در انرژی هسته‌ای را افزایش داده است ؟ ,2025-07-08 11:00:00,2025-07-08 11:00:00,2025-07-08 11:00:00,,,,0,0,0,0,0,0,na,na
gdelt_25167496,en,Sonam Raghuvanshi : Missing Indian bride arrested for allegedly murdering husband on honeymoon,2025-06-09 17:15:00,2025-06-09 17:15:00,2025-06-09 17:15:00,,,,0,0,0,0,0,0,na,na
gdelt_252ba282,es,Gobierno chino propone creación de organización de cooperación global en IA,2025-07-27 08:15:00,2025-07-27 08:15:00,2025-07-27 08:15:00,,,,0,0,0,0,0,0,na,na
gdelt_25676936,en,Read the document,2025-10-17 20:00:00,2025-10-17 20:00:00,2025-10-17 20:00:00,,,,0,0,0,0,0,0,na,na
gdelt_2571d88b,en,Twin free - agent targets : 12 pitcher fits for a front office shopping in discount aisle,2025-11-17 21:30:00,2025-11-17 21:30:00,2025-11-17 21:30:00,,,,0,0,0,0,0,0,na,na
gdelt_25c6a72b,en,  Our mum is 104 - how could she cope with care home closure ? ,2025-08-25 16:30:00,2025-08-25 16:30:00,2025-08-25 16:30:00,,,,0,0,0,0,0,0,na,na
gdelt_2665b13d,tr,Avustralya : Filistin devletini tanıyacağız – DW – 11 . 08 . 2025,2025-08-11 20:00:00,2025-08-11 20:00:00,2025-08-11 00:00:00,2025-01-01 00:00:00,year,2025,1,1,1,1,1,1,tie,tie
gdelt_26b9d6dc,es,"Ejército iraní promete hundir  buques enemigos  que entren al Golfo , según medios",2026-03-08 08:45:00,2026-03-08 08:45:00,2026-03-08 08:45:00,,,,0,0,0,0,0,0,na,na
gdelt_26d13306,en,China aircraft carriers in Pacific signals ability to  contest  US power | South China Sea News,2025-08-15 13:45:00,2025-08-15 13:45:00,2025-08-15 13:45:00,,,,0,0,0,0,0,0,na,na
gdelt_270cace4,en,Chargers shut down Steelers for third straight win : Live updates and reaction from NFL  Sunday Night Football  ,2025-11-10 13:00:00,2025-11-10 13:00:00,2025-11-09 00:00:00,,,,0,0,0,0,0,0,na,na
gdelt_2720d811,en,Ukraine admits Russia has entered key region of Dnipropetrovsk,2025-08-27 03:45:00,2025-08-27 03:45:00,2025-08-27 03:45:00,,,,0,0,0,0,0,0,na,na
gdelt_274005b2,en,South Korean officials will travel to US to secure return of detained workers,2025-09-08 15:15:00,2025-09-08 15:15:00,2025-09-08 15:15:00,,,,0,0,0,0,0,0,na,na
gdelt_2797e253,zh-cn,云南省政府新年  第一会  释放强烈信号 _ 新华网,2026-01-06 11:45:00,2026-01-06 11:45:00,2026-01-01 00:00:00,,,,0,0,0,0,0,0,na,na
gdelt_27b6a9ed,ru,Шторм в Скандинавии : в Швеции погибли три человека – DW – 28 . 12 . 2025,2025-12-28 21:45:00,2025-12-28 21:45:00,2025-12-28 00:00:00,2025-01-01 00:00:00,year,2025,1,1,1,1,1,1,tie,tie
gdelt_27dc304e,en,US Embassy in Singapore defends Independence Day donation request as standard practice,2026-01-20 17:00:00,2026-01-20 17:00:00,2026-01-20 17:00:00,,,,0,0,0,0,0,0,na,na
gdelt_282b2acc,es,"Festival Internacional del Globo 2025 en León , México | Spanish . xinhuanet . com",2025-11-16 12:45:00,2025-11-16 12:45:00,2025-01-01 00:00:00,2025-01-01 00:00:00,year,2025 en,1,1,1,1,1,1,tie,tie
gdelt_28415a65,en,Jury trials scrapped for crimes with sentences of less than three years,2025-12-02 21:15:00,2025-12-02 21:15:00,2025-12-02 21:15:00,,,,0,0,0,0,0,0,na,na
gdelt_2872e89b,pl,Strajk w transporcie . Na dwa dni staną prawie całe Niemcy,2026-02-24 22:15:00,2026-02-24 22:15:00,2026-02-24 22:15:00,,,,0,0,0,0,0,0,na,na
gdelt_289bf2a0,fr,Etats - Unis : 4 morts et 5 blessés dans le chavirage dun bateau au large du sud de la Californie - Xinhua,2025-11-16 09:30:00,2025-11-16 09:30:00,2025-11-16 09:30:00,,,,0,0,0,0,0,0,na,na
gdelt_28b7e73b,zh-cn,浙江  415X  先进制造业集群规上营收创新高 - 新华网,2025-08-24 12:45:00,2025-08-24 12:45:00,2025-08-24 12:45:00,,,,0,0,0,0,0,0,na,na
gdelt_28fc7303,hr,Kako raznolikost prehrane jača našu crijevnu floru – DW – 13 . 07 . 2025,2025-07-13 18:30:00,2025-07-13 18:30:00,2025-07-13 00:00:00,2025-01-01 00:00:00,year,2025,1,1,1,1,1,1,tie,tie
gdelt_29260960,en,"Cannabis with street value of £500 , 000 discovered in searches",2025-08-14 04:15:00,2025-08-14 04:15:00,2025-08-14 04:15:00,,,,0,0,0,0,0,0,na,na
gdelt_2984837e,tr,Erken Avrupalılar neden koyu tenli ve saçlıydı ? – DW – 06 . 07 . 2025,2025-07-06 14:30:00,2025-07-06 14:30:00,2025-07-06 00:00:00,2025-01-01 00:00:00,year,2025,1,1,1,1,1,1,tie,tie
gdelt_2989092a,en,"US buys Argentinian pesos , finalises $20bn currency swap , says US Treasury",2025-10-10 10:45:00,2025-10-10 10:45:00,2025-10-10 10:45:00,,,,0,0,0,0,0,0,na,na
gdelt_2a9d0953,en,"Parents with 3 or more young children to get S$1 , 000 LifeSG credits from Sep 10",2025-09-10 07:15:00,2025-09-10 07:15:00,2025-09-10 00:00:00,2010-09-01 00:00:00,day,Sep 10,1,1,0,0,0,0,tie,tie
gdelt_2ac392df,en,Strabane : Two arrested after estimated £1 . 4m cannabis plants seized,2025-07-03 05:00:00,2025-07-03 05:00:00,2025-07-03 05:00:00,,,,0,0,0,0,0,0,na,na
gdelt_2aef23a4,en,Al Jazeera condemns Israel killing of its journalist in Gaza | Israel - Palestine conflict News,2025-08-25 23:00:00,2025-08-25 23:00:00,2025-08-25 23:00:00,,,,0,0,0,0,0,0,na,na
gdelt_2b807967,en,TelevisaUnivision networks return to YouTube TV under new deal ending two - month blackout,2025-11-27 08:30:00,2025-11-27 08:30:00,2025-11-27 08:30:00,,,,0,0,0,0,0,0,na,na
gdelt_2b9ae559,en,Manila says Chinese vessels collided while pursuing Philippine boat in South China Sea,2025-08-11 23:00:00,2025-08-11 23:00:00,2025-08-11 23:00:00,,,,0,0,0,0,0,0,na,na
gdelt_2bab5f7c,hr,Lokalni izbori :  stakleni strop  francuske desnice ? ,2026-03-24 20:00:00,2026-03-24 20:00:00,2026-03-24 20:00:00,,,,0,0,0,0,0,0,na,na
gdelt_2bdca23f,en,The Great Read,2026-03-17 16:15:00,2026-03-17 16:15:00,2026-03-17 16:15:00,,,,0,0,0,0,0,0,na,na
gdelt_2bf94969,zh-cn,安龙 ： 农资农机双保障 护航春耕促生产 - 新华网,2026-03-24 13:45:00,2026-03-24 13:45:00,2026-03-24 13:45:00,,,,0,0,0,0,0,0,na,na
gdelt_2bfd9be8,en,"Leeds man charged over suicide in Louisiana , united states ",2026-01-26 20:00:00,2026-01-26 20:00:00,2026-01-26 20:00:00,,,,0,0,0,0,0,0,na,na
gdelt_2c08940a,ko,云南展台唱响  旅居云南 · 体育旅居  主旋律 _ 新华网,2025-09-15 12:30:00,2025-09-15 12:30:00,2025-09-15 12:30:00,,,,0,0,0,0,0,0,na,na
gdelt_2c484849,sq,Stërvitja Rusi - Bjellorusi - Mobilizim ushtarak i fshehur ? – DW – 14 / 09 / 2025,2025-09-14 19:00:00,2025-09-14 19:00:00,2025-09-14 00:00:00,2025-01-01 00:00:00,year,14 / 09 / 2025,1,1,1,1,1,1,tie,tie
gdelt_2c5b6b3b,zh-cn,浙江磐安打造生态康养发展轴 - 新华网,2025-08-24 12:45:00,2025-08-24 12:45:00,2025-08-24 12:45:00,,,,0,0,0,0,0,0,na,na
gdelt_2cd14675,en,"Trump 28 - point Ukraine plan in full : What it means , could it work ? | Conflict News",2025-11-21 21:00:00,2025-11-21 21:00:00,2025-11-21 21:00:00,,,,0,0,0,0,0,0,na,na
gdelt_2cf4929f,fr,République de Corée : le nouveau président reçoit un briefing de sécurité du plus haut commandant militaire - Xinhua,2025-06-04 14:15:00,2025-06-04 14:15:00,2025-06-04 14:15:00,,,,0,0,0,0,0,0,na,na
gdelt_2cf798c0,en,Soh Rui Yong cleared for SEA Games after  irregular  medical screening result,2025-12-08 15:30:00,2025-12-08 15:30:00,2025-12-08 15:30:00,,,,0,0,0,0,0,0,na,na
gdelt_2d01ddf5,de,US - Drohnen - Krieg : Verfassungsgericht entlastet Deutschland – DW – 15 . 07 . 2025,2025-07-15 22:45:00,2025-07-15 22:45:00,2025-07-15 00:00:00,2025-01-01 00:00:00,year,2025,1,1,1,1,1,1,tie,tie
gdelt_2d38ae5c,fa,کشته شدن پرستار ۳۷ ساله به دست آیس ؛ فرماندار کالیفرنیا خواستار کناره‌گیری وزیر امنیت داخلی شد,2026-01-26 00:30:00,2026-01-26 00:30:00,2026-01-26 00:30:00,,,,0,0,0,0,0,0,na,na
gdelt_2de6cc0d,en,"Vitor Pereira eventful time at Olympiacos : Pitch invasions , Marinakis , and doing the double",2026-02-26 15:45:00,2026-02-26 15:45:00,2026-02-26 15:45:00,,,,0,0,0,0,0,0,na,na
gdelt_2e2168d9,en,RuPaul Drag Race star Catrin Feelings proud to represent Wales,2025-10-07 08:15:00,2025-10-07 08:15:00,2025-10-07 08:15:00,,,,0,0,0,0,0,0,na,na
gdelt_2e2d26a2,en,"Southeast Asia bloc meets to press Thailand , Cambodia on truce",2025-12-22 15:45:00,2025-12-22 15:45:00,2025-12-22 15:45:00,,,,0,0,0,0,0,0,na,na
gdelt_2e4448c1,en,Four countries to boycott Eurovision Song Contest over Israel inclusion | Israel - Palestine conflict News,2025-12-05 04:30:00,2025-12-05 04:30:00,2025-12-05 04:30:00,,,,0,0,0,0,0,0,na,na
gdelt_2e4cce78,ko,诸暨村村都有法治审查员 - 新华网,2025-09-08 14:30:00,2025-09-08 14:30:00,2025-09-08 14:30:00,,,,0,0,0,0,0,0,na,na
gdelt_2e6f491c,ko,減肥 ： 印度廉價仿製藥或將重塑全球市場格局 - BBC News 中文,2026-03-19 14:30:00,2026-03-19 14:30:00,2026-03-19 14:30:00,,,,0,0,0,0,0,0,na,na
gdelt_2e938366,es,Órgano legislativo nacional de China celebra segunda reunión plenaria,2026-03-10 11:30:00,2026-03-10 11:30:00,2026-03-10 11:30:00,,,,0,0,0,0,0,0,na,na
gdelt_2f62b8e6,de,Rauer Ton zwischen united states und China beim Shangri - La Dialog – DW – 02 . 06 . 2025,2025-06-02 19:15:00,2025-06-02 19:15:00,2025-06-02 00:00:00,2025-01-01 00:00:00,year,2025,1,1,1,1,1,1,tie,tie
gdelt_2f9eff2e,so,BBC oo daaha ka qaaday akoonno baraha bulshada Soomaalida oo iska dhiga muwaadiniin dhab ah balse si kale u shaqeeya,2025-10-20 21:15:00,2025-10-20 21:15:00,2025-11-01 00:00:00,,,,0,0,0,0,0,0,na,na
gdelt_2fb2358d,en,No Kings protests : Thousands across the US rally against Trump,2026-03-29 05:00:00,2026-03-29 05:00:00,2026-03-29 05:00:00,,,,0,0,0,0,0,0,na,na
gdelt_3018bd10,en,"Russia - Ukraine war : List of key events , day 1 , 408",2026-01-02 13:00:00,2026-01-02 13:00:00,2026-01-02 13:00:00,,,,0,0,0,0,0,0,na,na
gdelt_30220ad1,ur,  ایگزیما  سے بالی وڈ سٹار بھومی پڈنیکر بھی پریشان ، جِلد کی وہ حالت جس میں خشکی اور خارش پیدا ہوتی ہے,2025-10-06 01:00:00,2025-10-06 01:00:00,2025-10-06 01:00:00,,,,0,0,0,0,0,0,na,na
gdelt_3027acf9,en,What has Israel achieved in 2 years of war in Gaza ? – DW – 10 / 05 / 2025,2025-10-06 01:00:00,2023-10-06 01:00:00,2025-10-05 00:00:00,2025-01-01 00:00:00,year,10 / 05 / 2025,1,1,0,1,0,1,v2_better,v2_better
gdelt_30bf5c6a,fr,Le ministre allemand de la Défense rejette toute implication militaire dans le détroit dOrmuz - Xinhua,2026-03-16 22:45:00,2026-03-16 22:45:00,2026-03-16 22:45:00,,,,0,0,0,0,0,0,na,na
gdelt_313f6308,zh-cn,15℃开跑 20℃完赛 ！ 清凉  六马  激情十年 - 新华网,2025-07-21 17:30:00,2025-07-21 17:30:00,2025-07-01 00:00:00,,,,0,0,0,0,0,0,na,na
gdelt_3180600a,en,"Al - Shabab fighters killed in Mogadishu prison assault , Somalia confirms",2025-10-05 17:00:00,2025-10-05 17:00:00,2025-10-05 17:00:00,,,,0,0,0,0,0,0,na,na
gdelt_31cd9d63,pt,Pelo menos 35 pessoas morrem em naufrágio no Vietnã – DW – 20 / 07 / 2025,2025-07-20 19:15:00,2025-07-20 19:15:00,2025-07-20 00:00:00,2025-01-01 00:00:00,year,20 / 07 / 2025,1,1,1,1,1,1,tie,tie
gdelt_31ffc3a3,en,The Supreme Court seems likely to back Trump power to fire independent agency board members,2025-12-09 05:15:00,2025-12-09 05:15:00,2025-12-09 05:15:00,,,,0,0,0,0,0,0,na,na
gdelt_3203d2e0,hr,Intel neće graditi tvornice u Njemačkoj – DW – 28 . 07 . 2025,2025-07-28 20:30:00,2025-07-28 20:30:00,2025-07-28 00:00:00,2025-01-01 00:00:00,year,2025,1,1,1,1,1,1,tie,tie
gdelt_321ec806,uk,Кремль про формат  Україна - США - РФ : Серйозно не обговорювали – DW – 21 . 12 . 2025,2025-12-21 22:15:00,2025-12-21 22:15:00,2025-12-21 00:00:00,2025-01-01 00:00:00,year,2025,1,1,1,1,1,1,tie,tie
gdelt_322d7a38,es,"Joao Maldonado , el opositor nicaragüense que sobrevivió a 13 balazos en Costa Rica ( y otros casos que apuntan a presuntas operaciones contra disidentes en el exterior ) ",2025-07-14 22:45:00,2025-07-14 22:45:00,2025-07-01 00:00:00,,,,0,0,0,0,0,0,na,na
gdelt_323ce9f1,ur,پیروکاروں کے  نجی لمحات کی ویڈیوز ریکارڈ کر کے اُن سے نازیبا حرکات  کروانے والا خودساختہ مذہبی پیشوا گرفتار,2025-07-03 18:15:00,2025-07-03 18:15:00,2025-07-03 18:15:00,,,,0,0,0,0,0,0,na,na
gdelt_3253eca0,en,  The first time sci - fi was presented as serious drama : The forgotten 1960s show that was the original Black Mirror,2025-10-15 19:30:00,2025-10-15 18:57:20,2025-10-15 18:57:20,2025-01-01 00:00:00,year,1960s,1,1,1,1,1,1,tie,tie
gdelt_329cd333,en,UK plans $2bn weapons upgrade as Starmer calls for  war readines | Weapons News,2025-06-02 00:15:00,2025-06-02 00:15:00,2025-06-02 00:15:00,,,,0,0,0,0,0,0,na,na
gdelt_32ae9f44,zh-cn,经典芭蕾舞剧 《 红色娘子军 》 海南驻场第三轮演出将于11月启幕 - 新华网,2025-09-29 17:15:00,2025-09-29 17:15:00,2025-11-01 00:00:00,2025-11-01 00:00:00,month,11月,1,1,0,1,0,1,v2_better,v2_better
gdelt_32af0fd5,en,Hamas warns hostages face fate of missing pilot if Israel assault continues,2025-09-21 02:45:00,2025-09-21 02:45:00,2025-09-21 02:45:00,,,,0,0,0,0,0,0,na,na
gdelt_32f89068,es,Comienza en ONU conferencia para la solución de dos estados – DW – 28 / 07 / 2025,2025-07-29 00:30:00,2025-07-29 00:30:00,2025-07-28 00:00:00,2025-01-01 00:00:00,year,28 / 07 / 2025,1,1,1,1,1,1,tie,tie
gdelt_33055870,en,Crime author Denise Mina says book festival is like the  spine  of her career,2025-11-09 09:45:00,2025-11-09 09:45:00,2025-11-09 09:45:00,,,,0,0,0,0,0,0,na,na
gdelt_33be4fd2,zh-cn,2025第三届中国海洋装备博览会闭幕 落实交易签约金额493亿元 - 新华网,2025-10-19 21:45:00,2025-10-19 21:45:00,2025-01-01 00:00:00,2025-01-01 00:00:00,year,2025,1,1,1,1,1,1,tie,tie
gdelt_33f28efb,en,Terrassa : Catalonian town bans black cat adoptions during Halloween,2025-10-19 09:30:00,2025-10-19 09:30:00,2025-10-19 09:30:00,,,,0,0,0,0,0,0,na,na
gdelt_33f836dd,en,Baby and toddlers in hospital after pram hit by trailer in Dumfries,2025-10-14 07:30:00,2025-10-14 07:30:00,2025-10-14 07:30:00,,,,0,0,0,0,0,0,na,na
gdelt_342d7b8c,ko,国开新型政策性金融工具投放近1900亿元 - 新华网,2025-10-21 11:30:00,2025-10-21 11:30:00,2025-10-21 11:30:00,,,,0,0,0,0,0,0,na,na
gdelt_34828d8e,en,SM Lee hails enduring Singapore - Japan ties,2025-08-24 18:15:00,2025-08-24 18:15:00,2025-08-24 18:15:00,,,,0,0,0,0,0,0,na,na
gdelt_348a529c,en,Deep Dive - War on Iran : Trump goals and what at stake,2026-03-03 11:15:00,2026-03-03 11:15:00,2026-03-03 11:15:00,,,,0,0,0,0,0,0,na,na
gdelt_34c8f714,pt,STF limita pagamento de  penduricalhos  para juízes e MP,2026-03-26 19:30:00,2026-03-26 19:30:00,2026-03-26 19:30:00,,,,0,0,0,0,0,0,na,na
gdelt_34e8bde2,uk,Німеччина про  шолом пам  яті : Україні слід послухати МОК,2026-02-11 22:30:00,2026-02-11 22:30:00,2026-02-11 22:30:00,,,,0,0,0,0,0,0,na,na
gdelt_354ad3c5,en,LA nightclub car ramming driver charged with attempted murder in US,2025-07-23 14:45:00,2025-07-23 14:45:00,2025-07-23 14:45:00,,,,0,0,0,0,0,0,na,na
gdelt_35822b1f,fr,Le Danemark annonce des investissements record dans le secteur spatial pour renforcer lautonomie de lEurope - Xinhua,2025-10-21 12:15:00,2025-10-21 12:15:00,2025-10-21 12:15:00,,,,0,0,0,0,0,0,na,na
gdelt_3612dacf,uk,"Зеленський : Важливі дні , багато може змінитися – DW – 30 . 11 . 2025",2025-12-01 03:00:00,2025-12-01 03:00:00,2025-11-30 00:00:00,2025-01-01 00:00:00,year,2025,1,1,1,1,1,1,tie,tie
gdelt_36e5dbfb,en,LIVE : Israel pounds Gaza ; Trump says  very good chance  of truce deal | Israel - Palestine conflict News,2025-07-10 13:30:00,2025-07-10 13:30:00,2025-07-10 13:30:00,,,,0,0,0,0,0,0,na,na
gdelt_37196dd3,mk,Трамп ја разреши спорната министерка за внатрешна безбедност,2026-03-06 17:45:00,2026-03-06 17:45:00,2026-03-06 17:45:00,,,,0,0,0,0,0,0,na,na
gdelt_377a381d,en,Air pollution : Delhi toxic air causing  black crust on Red Fort,2025-09-16 20:30:00,2025-09-16 20:30:00,2025-09-16 20:30:00,,,,0,0,0,0,0,0,na,na
gdelt_3794ad59,tr,"12 Dev Adam  geri döndü : EuroBasket 2025 , Türk basketboluna ivme katabilir mi ? ",2025-09-16 05:00:00,2025-09-16 05:00:00,2025-01-01 00:00:00,2025-01-01 00:00:00,year,2025,1,1,1,1,1,1,tie,tie
gdelt_37a8dc8e,en,"No school , no scrolling : Australia teens face holidays under social media ban",2025-12-24 13:00:00,2025-12-24 13:00:00,2025-12-24 13:00:00,,,,0,0,0,0,0,0,na,na
gdelt_38487a9f,ko,北方冷意加深南方频刷气温新低 台风  风神  将影响华南沿海 - 新华网,2025-10-19 16:00:00,2025-10-19 16:00:00,2025-10-19 16:00:00,,,,0,0,0,0,0,0,na,na
gdelt_38a6fdd4,en,"Commentary : Deadly plane crash tests not just Air India , but its Singapore partner too",2025-06-13 14:30:00,2025-06-13 14:30:00,2025-06-13 14:30:00,,,,0,0,0,0,0,0,na,na
gdelt_38cceaa0,da,PM Wong to deliver 2026 Budget Statement on Feb 12,2025-12-29 11:00:00,2025-12-29 11:00:00,2026-02-12 00:00:00,2026-01-01 00:00:00,year,2026,1,1,0,1,0,1,v2_better,v2_better
gdelt_391d0d2d,en,Trump appoints Airbnb co - founder to revamp public websites – DW – 08 / 24 / 2025,2025-08-24 20:00:00,2025-08-24 20:00:00,2025-08-24 00:00:00,2025-01-01 00:00:00,year,08 / 24 / 2025,1,1,1,1,1,1,tie,tie
gdelt_3927e786,en,Trump says US will  obliterate  Iran power plants if Strait of Hormuz not open before 48 - hour deadline,2026-03-22 14:15:00,2048-03-22 00:00:00,2026-03-01 00:00:00,,,,0,0,0,0,0,0,na,na
gdelt_395e427f,nl,"Iran Khamenei rejects US nuclear demand , vows to keep enriching uranium",2025-06-04 15:45:00,2025-06-04 15:45:00,2025-06-04 15:45:00,,,,0,0,0,0,0,0,na,na
gdelt_3980a3cb,en,Women Pro Baseball League to play inaugural 2026 season at neutral Illinois venue,2025-11-18 01:00:00,2026-11-18 00:00:00,2026-01-01 00:00:00,2026-01-01 00:00:00,year,2026,1,1,1,1,1,1,tie,tie
gdelt_3a2e76f9,ur,جڑواں بھائی ، دہرا قتل اور ایک جیسا ڈی این اے : وہ پیچیدہ مقدمہ جس میں قاتل کی شناخت معمہ بن گئی,2026-02-09 16:00:00,2026-02-09 16:00:00,2026-02-09 16:00:00,,,,0,0,0,0,0,0,na,na
gdelt_3a7ce2d7,en,"From struggle to strength , women in KL are giving back through beauty",2025-10-30 12:45:00,2025-10-30 12:45:00,2025-10-30 12:45:00,,,,0,0,0,0,0,0,na,na
gdelt_3a834087,uk,"Чоловік надіслав родині посилку з вибухівкою : дружина загинула , діти – поранені",2026-03-25 02:45:00,2026-03-25 02:45:00,2026-03-25 02:45:00,,,,0,0,0,0,0,0,na,na
gdelt_3a9859ba,pt,"As mensagens de Vorcaro com o poder : Ciro Nogueira , Lula e outros citados",2026-03-06 08:45:00,2026-03-06 08:45:00,2026-03-06 08:45:00,,,,0,0,0,0,0,0,na,na
gdelt_3ab9f93c,en,"What to know about the protests shaking Iran as government shuts down internet , phone networks",2026-01-11 13:00:00,2026-01-11 13:00:00,2026-01-11 13:00:00,,,,0,0,0,0,0,0,na,na
gdelt_3ac682c6,pt,Trump diz que Israel aceitou cessar - fogo de 60 dias em Gaza – DW – 02 / 07 / 2025,2025-07-02 18:15:00,2025-07-02 18:15:00,2025-07-02 00:00:00,2025-01-01 00:00:00,year,02 / 07 / 2025,1,1,1,1,1,1,tie,tie
gdelt_3b26453f,es,  Descartada  acción militar de EE . UU . en México,2026-01-13 01:15:00,2026-01-13 01:15:00,2026-01-13 01:15:00,,,,0,0,0,0,0,0,na,na
gdelt_3b4d2973,en,"Russian drone kills father , 3 children in Ukraine , wounds pregnant mother",2026-02-11 20:30:00,2026-02-11 20:30:00,2026-02-11 20:30:00,,,,0,0,0,0,0,0,na,na
gdelt_3b4ec7d1,de,US - Marken jetzt  Made in Germany ? – DW – 08 . 09 . 2025,2025-09-08 20:45:00,2025-09-08 20:45:00,2025-09-08 00:00:00,2025-01-01 00:00:00,year,2025,1,1,1,1,1,1,tie,tie
gdelt_3c7e73da,es,Especial : Capital de Ecuador celebra fiestas de fundación con desfiles y actividades culturales,2025-11-24 12:45:00,2025-11-24 12:45:00,2025-11-24 12:45:00,,,,0,0,0,0,0,0,na,na
gdelt_3cb57b89,en,Prince William in Rio at start of Brazil visit for COP30 and Earthshot Prize,2025-11-04 04:30:00,2025-11-04 04:30:00,2025-11-04 04:30:00,,,,0,0,0,0,0,0,na,na
gdelt_3ce20599,en,PM Lawrence Wong 2025 National Day Message to Singaporeans,2025-08-08 19:15:00,2025-08-08 00:00:00,2025-01-01 00:00:00,2025-01-01 00:00:00,year,2025,1,1,1,1,1,1,tie,tie
gdelt_3d005e31,ru,FT : Зеленский 24 февраля объявит о выборах и референдуме,2026-02-11 18:30:00,2026-02-11 18:30:00,2024-02-01 00:00:00,,,,0,0,0,0,0,0,na,na
gdelt_3d1e22ad,el,Τουρκία : Δεδομένη η επιστροφή στα F - 35 ; – DW – 21 / 09 / 2025,2025-09-22 01:00:00,2025-09-22 01:00:00,2025-09-21 00:00:00,2025-01-01 00:00:00,year,21 / 09 / 2025,1,1,1,1,1,1,tie,tie
gdelt_3d5166e9,en,Australia to toughen gun laws after deadly Bondi shootings,2025-12-15 20:00:00,2025-12-15 20:00:00,2025-12-15 20:00:00,,,,0,0,0,0,0,0,na,na
gdelt_3d62b008,en,Two people in hospital after building collapses in Oldham,2026-03-25 00:30:00,2026-03-25 00:30:00,2026-03-25 00:30:00,,,,0,0,0,0,0,0,na,na
gdelt_3db2d61e,en,Cloudbursts are causing chaos in parts of India and Pakistan . Here what they are,2025-08-20 15:45:00,2025-08-20 15:45:00,2025-08-20 15:45:00,,,,0,0,0,0,0,0,na,na
gdelt_3dde9241,zh-cn,南非总统 ： 停火协议无碍南非诉以色列种族灭绝 - 新华网,2025-10-15 13:30:00,2025-10-15 13:30:00,2025-10-15 13:30:00,,,,0,0,0,0,0,0,na,na
gdelt_3e0c20bb,ru,Як набрати людей до Бундесверу ? Що радять експерти – DW – 10 . 11 . 2025,2025-11-11 03:30:00,2025-11-11 03:30:00,2025-11-10 00:00:00,2025-01-01 00:00:00,year,2025,1,1,1,1,1,1,tie,tie
gdelt_3e268ba7,ur,مولای ادریس : مراکش کا  مقدس  قصبہ جس کے کچھ حصوں میں آج بھی غیرمسلموں کا داخلہ ممنوع ہے,2025-08-11 17:45:00,2025-08-11 17:45:00,2025-08-11 17:45:00,,,,0,0,0,0,0,0,na,na
gdelt_3e695b4f,en,"Iran IRGC claims attacks on UAE , Bahrain aluminium facilities | US - Israel war on Iran News",2026-03-29 18:15:00,2026-03-29 18:15:00,2026-03-29 18:15:00,,,,0,0,0,0,0,0,na,na
gdelt_3e821b34,en,The Ocean Adventures You Didnt Know Singapore Had,2025-11-22 01:45:00,2025-11-22 01:45:00,2025-11-22 01:45:00,,,,0,0,0,0,0,0,na,na
gdelt_3e8b2981,en,"Man who dated his boss awarded S$82 , 000 in unpaid salary in wrongful termination suit",2025-09-08 16:00:00,1982-09-08 00:00:00,2025-09-08 16:00:00,,,,0,0,0,0,0,0,na,na
gdelt_3ea138fe,en,Israeli settlers burn buildings in attacks on West Bank villages,2026-03-23 04:00:00,2026-03-23 04:00:00,2026-03-23 04:00:00,,,,0,0,0,0,0,0,na,na
gdelt_3ef02a04,en,"Despite antiwar MAGA wing , Trump gets Republican support for Iran strikes",2026-03-01 15:30:00,2026-03-01 15:30:00,2026-03-01 15:30:00,,,,0,0,0,0,0,0,na,na
gdelt_3f2b41b6,en,"Toa Payoh fire : Faulty dry riser could be due to underground pipe leak , says town council",2025-07-31 14:00:00,2025-07-31 14:00:00,2025-07-31 14:00:00,,,,0,0,0,0,0,0,na,na
gdelt_3f6a6758,ar,وثائق مسربة تكشف عن تعزيز دول عربية للتعاون العسكري مع إسرائيل أثناء حرب غزة – الواشنطن بوست,2025-10-13 00:45:00,2025-10-13 00:45:00,2025-10-13 00:45:00,,,,0,0,0,0,0,0,na,na
gdelt_3fa98a73,ta,முகப்பு - BBC News தமிழ்,2025-11-24 23:15:00,2025-11-24 23:15:00,2025-11-24 23:15:00,,,,0,0,0,0,0,0,na,na
gdelt_3faf3888,ru,Известный немецкий дирижер получил в Кремле орден Дружбы – DW – 05 . 11 . 2025,2025-11-05 22:00:00,2025-11-05 22:00:00,2025-11-05 00:00:00,2025-01-01 00:00:00,year,2025,1,1,1,1,1,1,tie,tie
gdelt_3fbf6d47,en,"At least 19 killed in Nepal protests over social media ban , corruption",2025-09-08 23:00:00,2025-09-08 23:00:00,2025-09-08 23:00:00,,,,0,0,0,0,0,0,na,na
gdelt_3fc54558,en,"Lilly King , U . S . star who finger - wagged to Olympic gold in Rio , says farewell to swimming",2025-08-03 21:15:00,2025-08-03 21:15:00,2025-08-03 21:15:00,,,,0,0,0,0,0,0,na,na
gdelt_3fd83114,vi,  Nỗi sợ trên đường phố : người Venezuela trước tương lai bất định,2026-01-08 17:45:00,2026-01-08 17:45:00,2026-01-08 17:45:00,,,,0,0,0,0,0,0,na,na
gdelt_3fecd544,ko,我国285家仲裁委员会累计办理仲裁案件500多万件 - 新华网,2025-09-30 11:15:00,2025-09-30 11:15:00,2025-09-30 11:15:00,,,,0,0,0,0,0,0,na,na
gdelt_400f41f0,en,"Some saved , some not : Rescuers face Thai train crash havoc",2026-01-15 12:30:00,2026-01-15 12:30:00,2026-01-15 12:30:00,,,,0,0,0,0,0,0,na,na
gdelt_401aeda4,en,Pakistan floods spark cholera fears amid other rising health risks,2025-09-23 14:00:00,2025-09-23 14:00:00,2025-09-23 14:00:00,,,,0,0,0,0,0,0,na,na
gdelt_40704f0d,zh-cn,三亚首单肉类加工增值内销免关税业务落地 - 新华网,2025-07-06 09:30:00,2025-07-06 09:30:00,2025-07-06 09:30:00,,,,0,0,0,0,0,0,na,na
gdelt_4072caad,en,Republicans push to strip Zohran Mamdani of US citizenship . Is it possible ? ,2025-11-09 19:30:00,2025-11-09 19:30:00,2025-11-09 19:30:00,,,,0,0,0,0,0,0,na,na
gdelt_40bf5ae9,sw,Putin :  Tunashinda vita vya haki  nchini Ukraine – DW – 30 . 09 . 2025,2025-09-30 13:00:00,2025-09-30 00:00:00,2025-09-30 00:00:00,2025-01-01 00:00:00,year,2025,1,1,1,1,1,1,tie,tie
gdelt_40db2d1b,pt,Kast : quem é o aliado de Bolsonaro que foi eleito presidente do Chile,2025-12-17 04:30:00,2025-12-17 04:30:00,2025-12-01 00:00:00,,,,0,0,0,0,0,0,na,na
gdelt_410ed73f,en,Live updates : Trump homeland security nominee promises  better approach  on immigration enforcement,2026-03-19 01:30:00,2026-03-19 01:30:00,2026-03-19 01:30:00,,,,0,0,0,0,0,0,na,na
gdelt_4144835c,ja,中国国産自動車部品を積んだ 「 中欧班列 」、 黒竜江省ハルビンを出発,2025-12-21 10:30:00,2025-12-21 10:30:00,2025-12-21 10:30:00,,,,0,0,0,0,0,0,na,na
gdelt_4145ee0e,en,Cambodia and Thailand begin talks in Malaysia amid fragile ceasefire,2025-08-04 22:30:00,2025-08-04 22:30:00,2025-08-04 22:30:00,,,,0,0,0,0,0,0,na,na
gdelt_4195bc98,zh-cn, 《 澄迈县城市更新专项规划 （ 2025 - 2035年 ）》 发布 - 新华网,2026-03-23 09:00:00,2035-03-23 00:00:00,2025-01-01 00:00:00,2035-01-01 00:00:00,year,2035年,1,1,1,0,1,0,v1_better,v1_better
gdelt_41b3894a,en,A 3 - D Look Inside Trump Revamped Oval Office - The New York Times,2025-12-24 20:15:00,2025-12-24 20:15:00,2025-01-03 00:00:00,,,,0,0,0,0,0,0,na,na
gdelt_41b6b7ef,en,Inside Malaysia last match factory,2025-12-08 17:45:00,2025-12-08 17:45:00,2025-12-08 17:45:00,,,,0,0,0,0,0,0,na,na
gdelt_4264c2c9,fr,La Chine souhaite la stabilité en Iran ( porte - parole ) - Xinhua,2026-01-12 17:45:00,2026-01-12 17:45:00,2026-01-12 17:45:00,,,,0,0,0,0,0,0,na,na
gdelt_42bf6dd9,zh-cn,扫毒行动打死毒枭 墨西哥多地爆发骚乱 - 新华网,2026-02-23 20:45:00,2026-02-23 20:45:00,2026-02-23 20:45:00,,,,0,0,0,0,0,0,na,na
gdelt_43158bd9,zh-cn,新华视点｜沙县小吃的跃升之路 - 新华网,2026-01-19 00:30:00,2026-01-19 00:30:00,2026-01-19 00:30:00,,,,0,0,0,0,0,0,na,na
gdelt_43295adf,en,TikTok ban in flux as White House announces China - US framework deal,2025-09-16 05:30:00,2025-09-16 05:30:00,2025-09-16 05:30:00,,,,0,0,0,0,0,0,na,na
gdelt_43318918,da,Grieving dad makes plea after Bedford killer driver jailed,2025-10-19 16:45:00,2025-10-19 16:45:00,2025-10-19 16:45:00,,,,0,0,0,0,0,0,na,na
gdelt_435d4c43,hi,जर्मनी से सीरिया लौट रहे हैं शरणार्थी लेकिन संख्या कम – DW – 07 . 09 . 2025,2025-09-07 19:30:00,2025-09-07 19:30:00,2025-09-07 00:00:00,2025-01-01 00:00:00,year,2025,1,1,1,1,1,1,tie,tie
gdelt_43bb585c,en,Commentary : You should ask your teens for shopping and investing tips,2025-08-20 08:45:00,2025-08-20 08:45:00,2025-08-20 08:45:00,,,,0,0,0,0,0,0,na,na
gdelt_43f5b46f,ko,云南省交通部门全力筑牢汛期安全防线 _ 新华网,2025-07-04 13:15:00,2025-07-04 13:15:00,2025-07-04 13:15:00,,,,0,0,0,0,0,0,na,na
gdelt_44eb8318,en,Texas Democrats leave state to block vote on new House map backed by Trump,2025-08-04 08:00:00,2025-08-04 08:00:00,2025-08-04 08:00:00,,,,0,0,0,0,0,0,na,na
gdelt_454eccd9,ru,Сирийская криминальная семья из Штутгарта покинула Германию – DW – 21 . 10 . 2025,2025-10-21 13:00:00,2025-10-21 13:00:00,2025-10-21 00:00:00,2025-01-01 00:00:00,year,2025,1,1,1,1,1,1,tie,tie
gdelt_457faaaa,ko,"中 허베이 , 올림픽 시설 활용해  빙설 경제  박차 ... 산업 클러스터 생산액 3조원 넘어 - Xinhua",2025-12-14 10:00:00,2025-12-14 10:00:00,2025-12-14 10:00:00,,,,0,0,0,0,0,0,na,na
gdelt_45d3a3b7,so,Xiisadda Itoobiya iyo Eriteriya : Sidee ayay u saamayn kartaa Soomaaliya ? ,2026-02-25 13:15:00,2026-02-25 13:15:00,2026-02-25 13:15:00,,,,0,0,0,0,0,0,na,na
gdelt_45e987e5,zh-cn,既能  补  山体 ， 还能  榨  硫酸 133万吨磷石膏  零浪费 - 新华网,2025-09-22 14:45:00,2025-09-22 14:45:00,2025-09-22 14:45:00,,,,0,0,0,0,0,0,na,na
gdelt_462f3719,en,The upcoming elections will not help stabilise Syria,2025-08-17 23:00:00,2025-08-17 23:00:00,2025-08-17 23:00:00,,,,0,0,0,0,0,0,na,na
gdelt_46671182,es,Londres anuncia visita de Estado de Trump en Septiembre – DW – 14 / 07 / 2025,2025-07-14 09:00:00,2025-07-14 09:00:00,2025-07-14 00:00:00,2025-01-01 00:00:00,year,14 / 07 / 2025,1,1,1,1,1,1,tie,tie
gdelt_466bdffa,ur,  خدا سے بات  کے لیے اے آئی کا استعمال :  اپنے عمل پر توجہ دو اور نتیجے کی فکر چھوڑ دو  ,2025-10-21 20:15:00,2025-10-21 20:15:00,2025-10-21 20:15:00,,,,0,0,0,0,0,0,na,na
gdelt_46a5634a,en,FBI raids homes after two National Guard members shot near White House,2025-11-28 07:00:00,2025-11-28 07:00:00,2025-11-28 07:00:00,,,,0,0,0,0,0,0,na,na
gdelt_46a79bb3,en,Newsmax settles Dominion election defamation case for $67m,2025-08-19 07:00:00,2025-08-19 07:00:00,2025-08-19 07:00:00,,,,0,0,0,0,0,0,na,na
gdelt_46c367c6,uk,ВМС України знищили російський Ка - 27 над Чорним морем,2026-03-05 23:45:00,2026-03-05 23:45:00,2026-03-05 23:45:00,,,,0,0,0,0,0,0,na,na
gdelt_470ebb28,zh-cn,遵义会议纪念馆单日接待近7万人次 - 新华网,2025-08-13 23:00:00,2025-08-13 23:00:00,2025-08-13 23:00:00,,,,0,0,0,0,0,0,na,na
gdelt_470ed616,en,Twelve men basketball teams with the best chance of winning their first championship,2026-03-17 21:30:00,2026-03-17 21:30:00,2026-03-17 21:30:00,,,,0,0,0,0,0,0,na,na
gdelt_473d93db,es,Rusia declara  extremista  al grupo de punk Pussy Riot – DW – 15 / 12 / 2025,2025-12-15 21:15:00,2025-12-15 21:15:00,2025-12-15 00:00:00,2025-01-01 00:00:00,year,15 / 12 / 2025,1,1,1,1,1,1,tie,tie
gdelt_4828c5ee,zh-cn,兰洽会庆阳市签约62个项目 - 新华网,2025-07-06 14:45:00,2025-07-06 14:45:00,2025-07-06 14:45:00,,,,0,0,0,0,0,0,na,na
gdelt_489d1af6,ne,दलाई लामा का ट्रस्ट तय करेगा उनका उत्तराधिकारी – DW – 02 . 07 . 2025,2025-07-02 14:45:00,2025-07-02 14:45:00,2025-07-02 00:00:00,2025-01-01 00:00:00,year,2025,1,1,1,1,1,1,tie,tie
gdelt_48bb49fe,fr,"Chine : création de 6 , 95 millions demplois urbains au premier semestre , 58 % de son objectif annuel atteint - Xinhua",2025-07-22 16:15:00,2025-07-22 16:15:00,2025-07-22 16:15:00,,,,0,0,0,0,0,0,na,na
gdelt_48e29872,en,Cuomo wants to be New York City next mayor . Will his plans help the city ? | Elections News,2025-09-27 00:45:00,2025-09-27 00:45:00,2025-09-27 00:45:00,,,,0,0,0,0,0,0,na,na
gdelt_492c70b5,es,Comentario : Se necesitan esfuerzos conjuntos para garantizar estabilidad y sostenibilidad de los vínculos económicos China - EE . UU . ,2026-03-15 20:00:00,2026-03-15 20:00:00,2026-03-15 20:00:00,,,,0,0,0,0,0,0,na,na
gdelt_49ea3eda,en,"Trump - Albanese G7 meeting in limbo as ties sour over Israeli sanctions , AUKUS pact",2025-06-13 15:45:00,2025-06-13 15:45:00,2025-06-13 15:45:00,,,,0,0,0,0,0,0,na,na
gdelt_4a19025f,id,Berhemat : Perang Iran Menekan Investasi Teluk,2026-03-19 03:30:00,2026-03-19 03:30:00,2026-03-19 03:30:00,,,,0,0,0,0,0,0,na,na
gdelt_4ac47b4f,zh-cn,投贷保联动支持科技企业成长 - 新华网,2025-06-10 12:00:00,2025-06-10 12:00:00,2025-06-10 12:00:00,,,,0,0,0,0,0,0,na,na
gdelt_4acc7be8,ko, 《 科学 》 杂志发表我国科研新成果 为精准医学提供新工具 - 新华网,2026-01-02 21:45:00,2026-01-02 21:45:00,2026-01-02 21:45:00,,,,0,0,0,0,0,0,na,na
gdelt_4ad82293,zh-cn,  我是厨神  美食嘉年华在南京开幕 _ 新华网江苏频道,2026-02-01 11:30:00,2026-02-01 11:30:00,2026-02-01 00:00:00,,,,0,0,0,0,0,0,na,na
gdelt_4b06abf0,fr,Le Parlement européen reporte lapprobation de laccord commercial UE - Etats - Unis après les menaces tarifaires de Trump liées au Groenland - Xinhua,2026-01-22 08:30:00,2026-01-22 08:30:00,2026-01-22 08:30:00,,,,0,0,0,0,0,0,na,na
gdelt_4b09a0a1,es,General israelí : línea de repliegue en Gaza es la frontera – DW – 07 / 12 / 2025,2025-12-08 06:45:00,2025-12-08 06:45:00,2025-12-07 00:00:00,2025-01-01 00:00:00,year,07 / 12 / 2025,1,1,1,1,1,1,tie,tie
gdelt_4b3a1f98,de,Ekrem Imamoglu : Erdogans Rivale im Visier der Justiz,2026-03-09 01:30:00,2026-03-09 01:30:00,2026-03-09 01:30:00,,,,0,0,0,0,0,0,na,na
gdelt_4b3e1409,nl,Howard Sapers | Al Jazeera,2026-03-23 01:15:00,2026-03-23 01:15:00,2026-03-19 00:00:00,,,,0,0,0,0,0,0,na,na
gdelt_4b7e929e,en,Trump to hold fresh talks with Netanyahu to end Gaza  tragedy  ,2025-07-09 11:00:00,2025-07-09 11:00:00,2025-07-09 11:00:00,,,,0,0,0,0,0,0,na,na
gdelt_4b88c34a,en,Chris Mason : Why protests have started a debate over  Britishness  ,2025-10-06 14:30:00,2025-10-06 14:30:00,2025-10-06 14:30:00,,,,0,0,0,0,0,0,na,na
gdelt_4b95e30b,en,President Trump to meet Prime Minister on Scotland visit,2025-07-14 21:00:00,2025-07-14 21:00:00,2025-07-14 21:00:00,,,,0,0,0,0,0,0,na,na
gdelt_4ba1ede8,sw,Msaada wa Ulaya barani Afrika haujafikia lengo lake – DW – 20 . 11 . 2025,2025-11-20 19:00:00,2025-11-20 00:00:00,2025-11-20 00:00:00,2025-01-01 00:00:00,year,2025,1,1,1,1,1,1,tie,tie
gdelt_4ba488c4,en,UK police arrest two after  multiple people  stabbed on train,2025-11-02 08:30:00,2025-11-02 08:30:00,2025-11-02 08:30:00,,,,0,0,0,0,0,0,na,na
gdelt_4bba33fe,fr,La République de Corée réaffirme sa souveraineté sur les îlots Dokdo contre une récente revendication de la PM japonaise - Xinhua,2025-12-10 10:15:00,2025-12-10 10:15:00,2025-12-06 00:00:00,,,,0,0,0,0,0,0,na,na
gdelt_4c03e1e4,en,Commentary : Nvidia CEO Jensen Huang is right about the real AI race with China,2025-07-16 09:15:00,2025-07-16 09:15:00,2025-07-16 09:15:00,,,,0,0,0,0,0,0,na,na
gdelt_4c1c482e,en,Musk chatbot Grok removes posts after complaints of antisemitism,2025-07-09 16:00:00,2025-07-09 16:00:00,2025-07-09 16:00:00,,,,0,0,0,0,0,0,na,na
gdelt_4c2a74f1,ar,قتلى وجرحى إثر فيضانات جارفة في المفرب – DW – 2025 / 12 / 15,2025-12-15 19:45:00,2025-12-15 19:45:00,2025-01-01 00:00:00,2025-01-01 00:00:00,year,2025 / 12 / 15,1,1,1,1,1,1,tie,tie
gdelt_4c73f17a,zh-cn,2025年六五环境日河北省主场活动在邯郸举办 - 新华网河北频道 - 新华网,2025-06-04 14:15:00,2025-06-04 00:00:00,2025-01-01 00:00:00,2025-01-01 00:00:00,year,2025年,1,1,1,1,1,1,tie,tie
gdelt_4c9c1e09,fa,بحران کم‌آبی در ایران ؛ « تا ۱۰ روز آینده باران نمی‌بارد » ,2025-11-09 22:00:00,2025-11-09 22:00:00,2025-10-30 22:00:00,,,,0,0,0,0,0,0,na,na
gdelt_4cbd529d,en,Seahawks vs . Commanders score and live updates : Seattle leads 31 - 7 at halftime behind Darnold four TD passes on  SNF  ,2025-11-03 11:15:00,2025-11-03 11:15:00,2025-11-03 11:15:00,,,,0,0,0,0,0,0,na,na
gdelt_4cc693b9,et,"Trump kupokelewa kishujaa Israel , kuhutubia Knesset – DW – 13 . 10 . 2025",2025-10-13 11:30:00,2025-10-13 11:30:00,2025-10-13 00:00:00,2025-01-01 00:00:00,year,2025,1,1,1,1,1,1,tie,tie
gdelt_4d2f0619,en,Russian volcano erupts for first time in centuries,2025-08-03 18:30:00,2025-08-03 18:30:00,2025-08-03 18:30:00,,,,0,0,0,0,0,0,na,na
gdelt_4d4631ec,sw,"Ujerumani , nchi zingine zaadhimisha Siku ya Wanawake Duniani",2026-03-09 01:00:00,2026-03-09 01:00:00,2026-03-09 01:00:00,,,,0,0,0,0,0,0,na,na
gdelt_4dee7b0e,ru,Cаммит ШОС принял итоговую декларацию без упоминания Украины – DW – 01 . 09 . 2025,2025-09-02 01:30:00,2025-09-02 01:30:00,2025-09-01 00:00:00,2025-01-01 00:00:00,year,2025,1,1,1,1,1,1,tie,tie
gdelt_4e46dfb6,zh-cn,新华时评 · 树立和践行正确政绩观丨  骂声  何尝不是改进工作的鞭策声 - 新华网,2026-03-24 10:00:00,2026-03-24 10:00:00,2026-03-24 10:00:00,,,,0,0,0,0,0,0,na,na
gdelt_4e6f4605,pl,Karol Nawrocki wygrał wybory prezydenckie – DW – 02 . 06 . 2025,2025-06-02 14:30:00,2025-06-02 14:30:00,2025-06-02 00:00:00,2025-01-01 00:00:00,year,2025,1,1,1,1,1,1,tie,tie
gdelt_4e8a7164,en,Bangladesh Khaleda Zia hospitalised in  very critical  condition | News,2025-11-30 11:30:00,2025-11-30 11:30:00,2025-11-30 11:30:00,,,,0,0,0,0,0,0,na,na
gdelt_4edbe5f3,en,US plans to ask visitors to share 5 years of social media history to enter,2025-12-11 10:15:00,2020-12-11 10:15:00,2025-12-11 10:15:00,,,,0,0,0,0,0,0,na,na
gdelt_4f2b4942,en,China names new Central Military Commission vice chair amid ruling elite biggest shake - up in 8 years,2025-10-23 19:00:00,2017-10-23 19:00:00,2025-10-23 19:00:00,,,,0,0,0,0,0,0,na,na
gdelt_4f3d5b20,ca,"Alba financial difficulties due to fraud , leader claims",2026-02-23 19:30:00,2026-02-23 19:30:00,2026-02-19 00:00:00,,,,0,0,0,0,0,0,na,na
gdelt_4f57a3b8,en,Prankster Daniel Jarvis charged over joining Australia rugby line - up,2025-11-03 06:00:00,2025-11-03 06:00:00,2025-11-03 06:00:00,,,,0,0,0,0,0,0,na,na
gdelt_4f682be5,en,"Brandon Ingram doesnt need to prove himself with Raptors , but he might do it anyway",2025-10-22 19:00:00,2025-10-22 19:00:00,2025-10-22 19:00:00,,,,0,0,0,0,0,0,na,na
gdelt_4f9248a1,en,Protected marine wildlife still being sold illegally in Singapore,2026-02-20 03:00:00,2026-02-20 03:00:00,2026-02-20 03:00:00,,,,0,0,0,0,0,0,na,na
gdelt_4fe571cb,ru,ЕС обсуждает санкции против портов Грузии и Индонезии,2026-02-10 08:30:00,2026-02-10 08:30:00,2026-02-10 08:30:00,,,,0,0,0,0,0,0,na,na
gdelt_4ff849c4,es,"Coalición gobernante de Japón aseguraría mayoría de escaños en la Cámara Baja , según sondeo de NHK",2026-02-08 22:15:00,2026-02-08 22:15:00,2026-02-08 22:15:00,,,,0,0,0,0,0,0,na,na
gdelt_50325312,en,"Baby could have had checks on heart , Maidstone inquest hears",2025-09-30 00:00:00,2025-09-30 00:00:00,2025-09-30 00:00:00,,,,0,0,0,0,0,0,na,na
gdelt_50aa093f,es,Balotaje en Portugal le da triunfo a la izquierda,2026-02-09 07:00:00,2026-02-09 07:00:00,2026-02-01 00:00:00,,,,0,0,0,0,0,0,na,na
gdelt_50fc4dbb,zh-cn,昆明卷烟厂曹剑成 ： 与机械设备对话的  技术能手 - 新华网,2025-06-03 21:45:00,2025-06-03 21:45:00,2025-06-03 21:45:00,,,,0,0,0,0,0,0,na,na
gdelt_513a2caa,en,"Driver who crashed into tree , splitting car in two and killing his passengers , gets jail",2025-09-04 17:15:00,2025-09-04 17:15:00,2025-09-04 17:15:00,,,,0,0,0,0,0,0,na,na
gdelt_5172ad14,en,Trump says Smithsonian museums only cover  how bad Slavery wa in US | Slavery News,2025-08-20 11:15:00,2025-08-20 11:15:00,2025-08-20 11:15:00,,,,0,0,0,0,0,0,na,na
gdelt_518035b0,zh-cn,浙江龙泉新晋2个省级人文乡村 - 新华网,2026-01-08 19:45:00,2026-01-08 19:45:00,2026-01-08 19:45:00,,,,0,0,0,0,0,0,na,na
gdelt_51ecc101,zh-cn,北京警方严打无人机  黑飞  查处案件51起 - 新华网,2025-10-15 12:45:00,2025-10-15 12:45:00,2025-10-15 12:45:00,,,,0,0,0,0,0,0,na,na
gdelt_521d841b,ko,福建顺昌 ： 高龄津贴  免申即享  暖人心 - 新华网,2026-03-24 13:00:00,2026-03-24 13:00:00,2026-03-24 13:00:00,,,,0,0,0,0,0,0,na,na
gdelt_52766576,vi,Ông Trump công bố thuế mới cho Việt Nam : 20 % là cao hay thấp ? ,2025-07-03 16:30:00,2025-07-03 16:30:00,2025-07-03 16:30:00,,,,0,0,0,0,0,0,na,na
gdelt_52aa2feb,zh-cn,哈尔滨打造夏季文旅新体验 - 新华网,2025-08-04 11:00:00,2025-08-04 11:00:00,2025-08-04 11:00:00,,,,0,0,0,0,0,0,na,na
gdelt_52d1e2b7,ko,"자판기에서 나오는 책 ... 中 홍콩 , 스마트 기술로 북 크로싱 열기  UP - Xinhua",2026-02-10 11:15:00,2026-02-10 11:15:00,2026-02-10 11:15:00,,,,0,0,0,0,0,0,na,na
gdelt_536330c0,en,"Kazakhstan , which already recognises Israel , to join  Abraham Accord | Politics News",2025-11-07 09:15:00,2025-11-07 09:15:00,2025-11-07 09:15:00,,,,0,0,0,0,0,0,na,na
gdelt_538aee81,en,Finland plans to lift decades - old ban on hosting nuclear weapons,2026-03-06 07:30:00,2026-03-06 07:30:00,2026-03-06 07:30:00,,,,0,0,0,0,0,0,na,na
gdelt_5395a289,en,Police £900k Trump state visit costs  will not be reimbursed  ,2026-03-24 15:15:00,2026-03-24 15:15:00,2026-03-24 15:15:00,,,,0,0,0,0,0,0,na,na
gdelt_53adb9bd,en,Our body is a mosaic of fungi . Some scientists think they could be influencing our brain,2025-07-20 20:45:00,2025-07-20 20:45:00,2025-07-20 20:45:00,,,,0,0,0,0,0,0,na,na
gdelt_53cc5f91,en,Suffolk teen quit refereeing football due to abuse from parents,2025-07-15 14:45:00,2025-07-15 14:45:00,2025-07-15 14:45:00,,,,0,0,0,0,0,0,na,na
gdelt_541504d3,en,Read the White House Letter to Senate Republicans,2026-03-18 06:30:00,2026-03-18 06:30:00,2026-03-18 06:30:00,,,,0,0,0,0,0,0,na,na
gdelt_544a59a0,ca,Kim Jong - un llega a Pekín para asistir a desfile militar – DW – 02 / 09 / 2025,2025-09-02 18:00:00,2025-09-02 18:00:00,2025-09-02 00:00:00,2025-01-01 00:00:00,year,02 / 09 / 2025,1,1,1,1,1,1,tie,tie
gdelt_5468ed0b,en,The  007  insult : What is it and why is it an unfair way to judge new players ? ,2025-10-04 13:00:00,2025-10-04 13:00:00,2025-10-04 13:00:00,,,,0,0,0,0,0,0,na,na
gdelt_549173fc,en,Italy citizenship referendum : What at stake ? | Civil Rights News,2025-06-08 19:45:00,2025-06-08 19:45:00,2025-06-08 19:45:00,,,,0,0,0,0,0,0,na,na
gdelt_54d46453,en,Israel  engineering massacre as more Palestinians starve to death in Gaza | Conflict News,2025-08-02 08:15:00,2025-08-02 08:15:00,2025-08-02 08:15:00,,,,0,0,0,0,0,0,na,na
gdelt_54e43d63,en,Bondi Beach shooting : Locals and visitors hope magic of iconic spot will not be lost,2025-12-17 19:00:00,2025-12-17 19:00:00,2025-12-17 19:00:00,,,,0,0,0,0,0,0,na,na
gdelt_54eb63d5,zh-cn,浙江规上工业企业突破6万家 - 新华网,2025-09-07 10:15:00,2025-09-07 10:15:00,2025-09-07 10:15:00,,,,0,0,0,0,0,0,na,na
gdelt_55148c85,en,Ousted Bangladesh PM Hasina death sentence could deepen country political crisis : Analysts,2025-11-18 18:30:00,2025-11-18 18:30:00,2025-11-18 18:30:00,,,,0,0,0,0,0,0,na,na
gdelt_55b3fc8a,zh-cn,美国再在委内瑞拉扣押一艘油轮 委 ： 严重国际海盗行为 – DW – 2025年12月21日,2025-12-22 00:15:00,2025-12-21 00:00:00,2025-12-21 00:00:00,2025-12-21 00:00:00,day,2025年12月21日,1,1,1,1,1,1,tie,tie
gdelt_55eceab1,de,Best Restaurants in NYC,2025-06-03 14:30:00,2025-06-03 14:30:00,2025-06-03 14:30:00,,,,0,0,0,0,0,0,na,na
gdelt_55fccf6c,no,Trump says not planning US strikes on Venezuela,2025-11-01 11:00:00,2025-11-01 11:00:00,2025-10-29 00:00:00,,,,0,0,0,0,0,0,na,na
gdelt_55ffcd9f,de,Weltpremiere : Mexikaner bestimmen die Richter des Landes – DW – 02 . 06 . 2025,2025-06-02 19:15:00,2025-06-02 19:15:00,2025-06-02 00:00:00,2025-01-01 00:00:00,year,2025,1,1,1,1,1,1,tie,tie
gdelt_5637f25f,en,Texas Attorney General Primary Election Results 2026,2026-03-04 11:00:00,2026-03-04 00:00:00,2026-01-01 00:00:00,2026-01-01 00:00:00,year,2026,1,1,1,1,1,1,tie,tie
gdelt_5641f47e,es,30 años de paz : Guatemala sigue en conflicto con el pasado – DW – 16 / 12 / 2025,2025-12-17 01:15:00,2025-12-17 01:15:00,2025-12-16 00:00:00,2025-01-01 00:00:00,year,16 / 12 / 2025,1,1,1,1,1,1,tie,tie
gdelt_5669120a,en,MLS misses out on De Bruyne ; Which global star will be next to sign ? ,2025-06-13 04:30:00,2025-06-13 04:30:00,2025-06-13 04:30:00,,,,0,0,0,0,0,0,na,na
gdelt_56f75417,tr,Yerleşimcilerin Filistinlileri Batı Şeriadan kovma planları,2025-08-12 11:30:00,2025-08-12 11:30:00,2025-08-12 11:30:00,,,,0,0,0,0,0,0,na,na
gdelt_57141de1,en,Why Anantara could be Asia most interesting hotel brand,2025-06-04 08:15:00,2025-06-04 08:15:00,2025-06-04 08:15:00,,,,0,0,0,0,0,0,na,na
gdelt_5729812f,en,Ken Goodall : Rugby star family appeal for return of stolen caps,2025-12-23 15:45:00,2025-12-23 15:45:00,2025-12-23 15:45:00,,,,0,0,0,0,0,0,na,na
gdelt_57858240,en,Pro - Palestine activists acquitted of burglary at Israeli arms site in united kingdom ,2026-02-18 22:30:00,2026-02-18 22:30:00,2026-02-18 22:30:00,,,,0,0,0,0,0,0,na,na
gdelt_57ac0eaf,zh-cn,霍尔木兹海峡  锁喉  影响 ： 日韩面临危机 、 中国提前囤油 、 俄罗斯大赚一笔,2026-03-16 11:45:00,2026-03-16 11:45:00,2026-03-16 11:45:00,,,,0,0,0,0,0,0,na,na
gdelt_57afce3b,sw,"Mzozo kati ya Israel na Palestina : Kwanini mji wa Jerusalem ni mji mtakatifu kwa Waislamu , Wakristo na Wayahudi",2025-11-12 07:00:00,2025-11-12 07:00:00,2025-11-12 07:00:00,,,,0,0,0,0,0,0,na,na
gdelt_583c4b18,ko,GDP 3경원 육박 ... 글로벌 관점에서 바라본 2025년 中 경제 성과 - Xinhua,2026-02-09 16:00:00,2026-02-09 16:00:00,2026-02-09 16:00:00,,,,0,0,0,0,0,0,na,na
gdelt_585fa641,en,  It detective work : Finding and counting Singapore otters,2026-02-18 08:00:00,2026-02-18 08:00:00,2026-02-18 08:00:00,,,,0,0,0,0,0,0,na,na
gdelt_586fdb70,fa,صدها گروه‌ بشردوستانه از اسرائیل خواستند از « کمک‌ها به عنوان نوعی سلاح » در غزه استفاده نکند,2025-08-14 14:45:00,2025-08-14 14:45:00,2025-08-14 14:45:00,,,,0,0,0,0,0,0,na,na
gdelt_58736871,en,Dalton Smith beats Subriel Matias to become world champion in New York,2026-01-11 17:30:00,2026-01-11 17:30:00,2026-01-11 17:30:00,,,,0,0,0,0,0,0,na,na
gdelt_5901e7d1,en,Wale first minister Eluned Morgan refuses to support Sir Keir Starmer,2026-01-28 19:45:00,2026-01-28 19:45:00,2026-01-28 19:45:00,,,,0,0,0,0,0,0,na,na
gdelt_5904b192,en,"NBA Rewind : Hawks , Mavericks among teams with tough decisions before NBA trade deadline",2026-01-06 01:00:00,2026-01-06 01:00:00,2026-01-06 01:00:00,,,,0,0,0,0,0,0,na,na
gdelt_5963613f,sw,Kwa nini kuenea kwa magonjwa kutoka kwa wanyama kwenda kwa binadamu kunakuwa rahisi zaidi na hatari zaidi,2026-01-06 19:00:00,2026-01-06 19:00:00,2026-01-06 19:00:00,,,,0,0,0,0,0,0,na,na
gdelt_59ab2e3a,sw,Ulaya na Australia zakubaliana biashara huria,2026-03-24 22:30:00,2026-03-24 22:30:00,2026-03-24 22:30:00,,,,0,0,0,0,0,0,na,na
gdelt_59ea78ac,zh-cn,赴美学生签总量下降 ， 印度骤减近一半 – DW – 2025年10月8日,2025-10-08 16:15:00,2025-10-08 00:00:00,2025-10-08 00:00:00,2025-10-08 00:00:00,day,2025年10月8日,1,1,1,1,1,1,tie,tie
gdelt_5a054db1,en,Penguin Rickard Rakell out 6 - 8 weeks with broken hand ; Ville Koivunen recalled,2025-10-27 02:00:00,2025-09-01 02:00:00,2025-09-01 02:00:00,,,,0,0,0,0,0,0,na,na
gdelt_5a1f9b3d,en,Rob Reiner son pleads not guilty to murder in the killing of his parents,2026-02-24 03:15:00,2026-02-24 03:15:00,2026-02-24 03:15:00,,,,0,0,0,0,0,0,na,na
gdelt_5a341a17,ko,广播剧 《 三毛之父  张乐平 》 上线 - 新华网,2025-09-05 19:00:00,2025-09-05 19:00:00,2025-09-05 19:00:00,,,,0,0,0,0,0,0,na,na
gdelt_5a3f35fe,en,YouTube rejects addiction claims in landmark social media trial,2026-02-11 07:00:00,2026-02-11 07:00:00,2026-02-11 07:00:00,,,,0,0,0,0,0,0,na,na
gdelt_5a6602f9,en,Trump says US could end war in Iran in two to three weeks,2026-04-01 08:15:00,2026-04-01 08:15:00,2026-03-11 08:15:00,,,,0,0,0,0,0,0,na,na
gdelt_5aa0558a,en,"Josh Allen is the center of Buffalo universe , from the end zone to the produce aisle",2026-01-08 19:45:00,2026-01-08 19:45:00,2026-01-08 19:45:00,,,,0,0,0,0,0,0,na,na
gdelt_5ab9e70f,en,Karnataka High Court conducts hearing into Bengaluru stampede,2025-06-05 22:00:00,2025-06-05 22:00:00,2025-06-05 22:00:00,,,,0,0,0,0,0,0,na,na
gdelt_5b12b45e,ru,Еврокомиссия утвердила кредит Украине на 90 млрд евро,2026-01-14 23:00:00,2026-01-14 23:00:00,2026-01-14 23:00:00,,,,0,0,0,0,0,0,na,na
gdelt_5b2d6e05,pl,Media publiczne pod presją . Reporterzy Bez Granic ostrzegają – DW – 21 . 07 . 2025,2025-07-22 00:30:00,2025-07-22 00:30:00,2025-07-21 00:00:00,2025-01-01 00:00:00,year,2025,1,1,1,1,1,1,tie,tie
gdelt_5b2f5858,en,Akash Deep : India seamer journey to Test glory,2025-07-29 18:00:00,2025-07-29 18:00:00,2025-07-29 18:00:00,,,,0,0,0,0,0,0,na,na
gdelt_5b3ba617,ro,Berlinale faces difficult balancing act in Gaza debate,2026-02-24 01:00:00,2026-02-24 01:00:00,2026-02-24 01:00:00,,,,0,0,0,0,0,0,na,na
gdelt_5b46ed95,pt,Israel e Irã atacam infraestrutura - chave no Oriente Médio,2026-03-08 19:15:00,2026-03-08 19:15:00,2026-03-08 19:15:00,,,,0,0,0,0,0,0,na,na
gdelt_5ba47d10,uk,Німеччина вдруге стала чемпіоном Європи з баскетболу – DW – 15 . 09 . 2025,2025-09-15 13:45:00,2025-09-15 13:45:00,2025-09-15 00:00:00,2025-01-01 00:00:00,year,2025,1,1,1,1,1,1,tie,tie
gdelt_5c484a7c,ko,中 지난해 가전제품 · 통신기기 소매판매액 모두 210조원 넘어 - Xinhua,2026-01-22 08:30:00,2026-01-22 08:30:00,2026-01-22 08:30:00,,,,0,0,0,0,0,0,na,na
gdelt_5c550a66,ko,海南上半年推广新能源汽车5 . 97万辆 - 新华网,2025-08-03 11:00:00,2025-08-03 11:00:00,2025-01-01 00:00:00,2025-01-01 00:00:00,month,上半年,1,1,0,1,0,1,v2_better,v2_better
gdelt_5c56ff08,en,"UN human rights council to hold emergency session on Iran , a document shows",2026-01-20 23:15:00,2026-01-20 23:15:00,2026-01-20 23:15:00,,,,0,0,0,0,0,0,na,na
gdelt_5c577d3d,en,Israel extends ban on Al Jazeera operations by 90 days | Freedom of the Press News,2026-01-26 04:45:00,2025-10-28 04:45:00,2025-10-28 04:45:00,,,,0,0,0,0,0,0,na,na
gdelt_5c81b032,en,North Carolina 10th Congressional District Primary Election Results 2026,2026-03-04 19:45:00,2026-03-04 00:00:00,2026-01-01 00:00:00,2026-01-01 00:00:00,year,2026,1,1,1,1,1,1,tie,tie
gdelt_5d0d47dd,en,Jacob Bethell . England Star Boy - The Athletic,2026-01-07 21:45:00,2026-01-07 21:45:00,2026-01-07 21:45:00,,,,0,0,0,0,0,0,na,na
gdelt_5d189e14,en,"Alpacas , buses and pints : Five laws you may have missed in 2025",2025-12-30 11:15:00,2025-12-30 00:00:00,2025-01-01 00:00:00,2025-01-01 00:00:00,year,in 2025,1,1,1,1,1,1,tie,tie
gdelt_5d264609,en,"Trump orders easing of commercial spaceflight rules , in boon to Musk SpaceX",2025-08-14 12:30:00,2025-08-14 12:30:00,2025-08-14 12:30:00,,,,0,0,0,0,0,0,na,na
gdelt_5d9f8202,en,Keeping children away from harmful social media content is key focus for government,2026-04-01 01:30:00,2026-04-01 01:30:00,2026-04-01 01:30:00,,,,0,0,0,0,0,0,na,na
gdelt_5da43164,uk,ЗМІ : США захопили вже третій танкер із венесуельською нафтою – DW – 21 . 12 . 2025,2025-12-22 03:00:00,2025-12-22 03:00:00,2025-12-21 00:00:00,2025-01-01 00:00:00,year,2025,1,1,1,1,1,1,tie,tie
gdelt_5dc02b44,en,Publishers fear AI summaries are hitting online traffic,2025-09-09 08:00:00,2025-09-09 08:00:00,2025-09-09 08:00:00,,,,0,0,0,0,0,0,na,na
gdelt_5e30887c,en,Chocolate manufacturer Barry Callebaut opens global innovation centre in Singapore,2026-02-10 23:30:00,2026-02-10 23:30:00,2026-02-10 23:30:00,,,,0,0,0,0,0,0,na,na
gdelt_5e475fc5,tr,Myanmar – DW,2025-12-29 05:30:00,2025-12-29 05:30:00,2025-12-29 05:30:00,,,,0,0,0,0,0,0,na,na
gdelt_5e85bb19,en,Indranee Rajah files motion for parliament to consider Pritam Singh unsuitable to be Leader of the Opposition,2026-01-09 10:45:00,2026-01-09 10:45:00,2026-01-09 10:45:00,,,,0,0,0,0,0,0,na,na
gdelt_5ed3e5c4,en,Trump : Greenland agreement  a deal everyone is happy with  ,2026-01-22 06:30:00,2026-01-22 06:30:00,2026-01-22 06:30:00,,,,0,0,0,0,0,0,na,na
gdelt_5edb96be,zh-cn,浙江省浙商涉外法律服务中心启用 - 新华网,2025-11-24 11:15:00,2025-11-24 11:15:00,2025-11-24 11:15:00,,,,0,0,0,0,0,0,na,na
gdelt_5f59af9e,en,"UN warns of record hunger , 45 million more at risk , if Iran war continues",2026-03-18 00:30:00,2026-03-18 00:30:00,2026-03-18 00:30:00,,,,0,0,0,0,0,0,na,na
gdelt_5ff130b3,uk,У Росії відновлюють пряме залізничне сполучення з Пхеньяном – DW – 10 . 06 . 2025,2025-06-10 18:00:00,2025-06-10 18:00:00,2025-06-10 00:00:00,2025-01-01 00:00:00,year,2025,1,1,1,1,1,1,tie,tie
gdelt_6038f1d4,en,"This must be moment of change for Labour after day of  peril  for Starmer , Miliband says - live updates",2026-02-10 19:45:00,2026-02-10 19:45:00,2026-02-10 19:45:00,,,,0,0,0,0,0,0,na,na
gdelt_60da771a,en,US deports eight men to South Sudan after legal battle,2025-07-06 19:30:00,2025-07-06 19:30:00,2025-07-06 19:30:00,,,,0,0,0,0,0,0,na,na
gdelt_610fec28,en,  Melania : What to know about the US first lady new documentary | Donald Trump News,2026-01-30 05:45:00,2026-01-30 05:45:00,2026-01-30 05:45:00,,,,0,0,0,0,0,0,na,na
gdelt_61129da6,en,Trump yanks G20 invitation from South Africa over false genocide claims,2025-11-27 07:15:00,2025-11-27 07:15:00,2025-11-27 07:15:00,,,,0,0,0,0,0,0,na,na
gdelt_61335a6b,en,"Four years after deadly China Eastern plane crash , investigators offer no answers",2026-03-22 12:00:00,2022-03-22 12:00:00,2026-03-22 12:00:00,,,,0,0,0,0,0,0,na,na
gdelt_61795038,ko,浙派名师千里赴滇送教 _ 新华网,2025-09-28 18:30:00,2025-09-28 18:30:00,2025-09-28 18:30:00,,,,0,0,0,0,0,0,na,na
gdelt_61a64b4e,es,Medios : China detiene a uno de sus destacados diplomáticos – DW – 10 / 08 / 2025,2025-08-10 21:00:00,2025-08-10 21:00:00,2025-08-10 00:00:00,2025-01-01 00:00:00,year,10 / 08 / 2025,1,1,1,1,1,1,tie,tie
gdelt_61b8b46b,en,Celtic  young wolve continue to impress Jaylen Brown despite late loss to Thunder,2026-03-13 20:45:00,2026-03-13 20:45:00,2026-03-13 20:45:00,,,,0,0,0,0,0,0,na,na
gdelt_61c6f31d,fr,Xi Jinping visite un parc dinnovation en technologies de linformation à Beijing - Xinhua,2026-02-09 14:00:00,2026-02-09 14:00:00,2026-02-09 14:00:00,,,,0,0,0,0,0,0,na,na
gdelt_61ed0c50,en,"No translation help for riot forms , Cleveland PCC says",2025-06-08 15:30:00,2025-06-08 15:30:00,2025-06-08 15:30:00,,,,0,0,0,0,0,0,na,na
gdelt_61efb896,bn,"খবর , সর্বশেষ খবর , ব্রেকিং নিউজ | News , latest news , breaking news",2025-11-24 23:15:00,2025-11-24 23:15:00,2025-11-24 23:15:00,,,,0,0,0,0,0,0,na,na
gdelt_625f676d,zh-cn,四川省人大常委会原党组成员 、 副主任宋朝华严重违纪违法被开除党籍 - 新华网,2025-11-03 15:30:00,2025-11-03 15:30:00,2025-11-03 15:30:00,,,,0,0,0,0,0,0,na,na
gdelt_62967b85,en,"Divorced woman turns to court to get  her dog back from ex - husband , fails",2025-11-13 18:15:00,2025-11-13 18:15:00,2025-11-13 18:15:00,,,,0,0,0,0,0,0,na,na
gdelt_62b42785,en,"Jayden Daniels card prices going the way of C . J . Stroud , but can they bounce back ? ",2025-11-09 20:00:00,2025-11-09 20:00:00,2025-11-09 20:00:00,,,,0,0,0,0,0,0,na,na
gdelt_62e6dd47,en,Border residents return home as fragile Cambodia - Thailand peace holds,2025-09-01 17:30:00,2025-09-01 17:30:00,2025-09-01 17:30:00,,,,0,0,0,0,0,0,na,na
gdelt_631e7e78,es,Japón : gobierno pierde mayoría pero Ishiba promete seguir – DW – 20 / 07 / 2025,2025-07-21 10:15:00,2025-07-21 10:15:00,2025-07-20 00:00:00,2025-01-01 00:00:00,year,20 / 07 / 2025,1,1,1,1,1,1,tie,tie
gdelt_6335b4dc,en,"49ers vs . Colts live updates : NFL  Monday Night Football  score , prediction , odds and latest",2025-12-23 09:15:00,2025-12-23 09:15:00,2025-12-22 00:00:00,,,,0,0,0,0,0,0,na,na
gdelt_633e5240,en,Zelensky and allies head to White House for Ukraine talks with Trump,2025-08-18 08:45:00,2025-08-18 08:45:00,2025-08-18 08:45:00,,,,0,0,0,0,0,0,na,na
gdelt_63576b16,en,"Philippine flooding displaces thousands in Manila , two missing",2025-07-22 12:00:00,2025-07-22 12:00:00,2025-07-22 12:00:00,,,,0,0,0,0,0,0,na,na
gdelt_63968841,es,"Trump fue informado sobre opciones para realizar ataques militares en Irán , según The New York Times",2026-01-11 13:45:00,2026-01-11 13:45:00,2026-01-11 13:45:00,,,,0,0,0,0,0,0,na,na
gdelt_63ab45a1,es,La pelvis sufrió cambios clave para poder caminar erguidos – DW – 02 / 09 / 2025,2025-09-03 02:15:00,2025-09-03 02:15:00,2025-09-02 00:00:00,2025-01-01 00:00:00,year,02 / 09 / 2025,1,1,1,1,1,1,tie,tie
gdelt_63d18e14,en,Paris unveils new urban cableway ; longest in Europe,2025-12-20 21:45:00,2025-12-20 21:45:00,2025-12-20 21:45:00,,,,0,0,0,0,0,0,na,na
gdelt_63f5c2de,en,Germany news : 3 in 4 fear wave of refugees from Iran war,2026-03-24 19:15:00,2026-03-24 19:15:00,2026-03-24 19:15:00,,,,0,0,0,0,0,0,na,na
gdelt_64b9f077,zh-cn,敦煌的女儿们｜樊锦诗 ： 此生命定 ， 我是莫高窟守护人 ！- 新华网,2025-12-16 19:15:00,2025-12-16 19:15:00,2025-12-16 19:15:00,,,,0,0,0,0,0,0,na,na
gdelt_64c94352,zh-cn,浙江省特高压交流环网工程属地推进  一路疾驰 - 新华网,2025-07-28 20:30:00,2025-07-28 20:30:00,2025-07-28 20:30:00,,,,0,0,0,0,0,0,na,na
gdelt_64e1425e,ko,未上市先评级 ESG重塑企业市值管理逻辑 - 新华网,2025-11-17 10:30:00,2025-11-17 10:30:00,2025-11-17 10:30:00,,,,0,0,0,0,0,0,na,na
gdelt_656d444a,uk,Мерц : Імперський план Путіна лише починається з України – DW – 08 . 09 . 2025,2025-09-09 00:45:00,2025-09-09 00:45:00,2025-09-08 00:00:00,2025-01-01 00:00:00,year,2025,1,1,1,1,1,1,tie,tie
gdelt_65738230,en,"Trump signs US stablecoin law , pushing crypto industry closer to mainstream adoption",2025-07-19 05:30:00,2025-07-19 05:30:00,2025-07-19 05:30:00,,,,0,0,0,0,0,0,na,na
gdelt_667445d3,en,20 new heritage trails in next 2 years aim to deepen Singapore identity,2026-03-14 23:15:00,2026-03-14 23:15:00,2028-03-14 23:15:00,,,,0,0,0,0,0,0,na,na
gdelt_6702ffb4,ur,پُرتشدد مظاہرے ، قتل کے واقعات اور الزامات : بنگلہ دیش اور انڈیا کے تعلقات میں  تاریخی بحران  شدید تر کیوں ہوتا جا رہا ہے ؟ ,2025-12-24 17:15:00,2025-12-24 17:15:00,2025-12-24 17:15:00,,,,0,0,0,0,0,0,na,na
gdelt_67610dc0,ko,전통 춤에서 스트리트댄스까지 ... 中에서 펼쳐진 로봇  춤 대결 - Xinhua,2025-08-05 14:15:00,2025-08-05 14:15:00,2025-08-05 14:15:00,,,,0,0,0,0,0,0,na,na
gdelt_67650e70,es,"Empieza el 4 festival de pesca de invierno del lago Hasuhai en Hohhot , Mongolia Interior",2026-01-11 13:45:00,2026-01-11 13:45:00,2026-01-11 13:45:00,,,,0,0,0,0,0,0,na,na
gdelt_67c04ea2,bg,"Що за държава е това , щом съдии се страхуват от прокурори",2026-02-24 22:00:00,2026-02-24 22:00:00,2026-02-24 22:00:00,,,,0,0,0,0,0,0,na,na
gdelt_67c88fb7,en,Concern for young boy cycling alone on Dundee main road with no helmet,2025-10-20 00:30:00,2025-10-20 00:30:00,2025-10-20 00:30:00,,,,0,0,0,0,0,0,na,na
gdelt_67ef68c7,en,MasterChef : Grace Dent and Anna Haugh to replace Gregg Wallace and John Torode on BBC show,2025-09-09 00:30:00,2025-09-09 00:30:00,2025-09-09 00:30:00,,,,0,0,0,0,0,0,na,na
gdelt_6844c66f,en,Bird call contest boosts conservation awareness in Hong Kong concrete jungle,2025-08-24 17:00:00,2025-08-24 17:00:00,2025-08-24 17:00:00,,,,0,0,0,0,0,0,na,na
gdelt_686a7df9,sw,Mahakama Kuu Tanzania yatupilia mbali mapingamizi ya Lissu – DW – 22 . 09 . 2025,2025-09-22 23:00:00,2025-09-22 00:00:00,2025-09-22 00:00:00,2025-01-01 00:00:00,year,2025,1,1,1,1,1,1,tie,tie
gdelt_6883f24a,en,Revolut posts US$1 . 7b in net profit for 2025 ; targets growth in Southeast Asia from Singapore base,2026-03-24 16:00:00,2025-03-24 00:00:00,2025-01-01 00:00:00,2025-01-01 00:00:00,year,2025,1,1,1,1,1,1,tie,tie
gdelt_688d93a1,en,Lyon contact Liverpool over Tyler Morton,2025-07-30 16:45:00,2025-07-30 16:45:00,2025-07-30 16:45:00,,,,0,0,0,0,0,0,na,na
gdelt_68a8d7d5,ko,福州 ： 垃圾综合治理助力城市绿色发展 - 新华网,2025-09-14 19:45:00,2025-09-14 19:45:00,2025-09-14 19:45:00,,,,0,0,0,0,0,0,na,na
gdelt_68c44f52,en,Croydon retail park stabbing victim was  caring and smart man  ,2026-02-17 23:00:00,2026-02-17 23:00:00,2026-02-17 23:00:00,,,,0,0,0,0,0,0,na,na
gdelt_690a947d,en,"  Encouraging  dip in animal cruelty and welfare cases in Singapore , but numbers remain  alarming : SPCA",2026-02-02 15:30:00,2026-02-02 15:30:00,2026-02-02 15:30:00,,,,0,0,0,0,0,0,na,na
gdelt_693d634c,en,LIVE : Palestinians lose hope in ceasefire after Israeli strike wave on Gaza | Israel - Palestine conflict News,2025-10-30 16:45:00,2025-10-30 16:45:00,2025-10-30 16:45:00,,,,0,0,0,0,0,0,na,na
gdelt_6961333a,en,Lithuania : Balloons used to smuggle cigarettes shut Vilnius airport,2025-10-06 19:00:00,2025-10-06 19:00:00,2025-10-06 19:00:00,,,,0,0,0,0,0,0,na,na
gdelt_6971cc5e,en,HSBC to review Singapore insurance business as it slims down globally,2026-01-16 15:00:00,2026-01-16 15:00:00,2026-01-16 15:00:00,,,,0,0,0,0,0,0,na,na
gdelt_697e4e75,en,Selling Kudus to Tottenham : A necessary evil for West Ham ? ,2025-07-08 13:30:00,2025-07-08 13:30:00,2025-07-08 13:30:00,,,,0,0,0,0,0,0,na,na
gdelt_699347e7,en,Chainsaw - wielding robbers flee Louvre with jewellery,2025-10-19 18:45:00,2025-10-19 18:45:00,2025-10-19 18:45:00,,,,0,0,0,0,0,0,na,na
gdelt_699dff5e,en,Man charged in connection with death at Edinburgh flat,2025-12-15 16:15:00,2025-12-15 16:15:00,2025-12-15 16:15:00,,,,0,0,0,0,0,0,na,na
gdelt_6a06cd62,ko,"  시원한 물총싸움 어때 ? 中 산둥성 , 다양한 콘텐츠로 여름철 관광객 사로잡아 - Xinhua",2025-09-07 15:45:00,2025-09-07 15:45:00,2025-09-07 15:45:00,,,,0,0,0,0,0,0,na,na
gdelt_6a0ffb0d,en,Hong Kong looks for ways to better support its elderly,2026-02-26 11:45:00,2026-02-26 11:45:00,2026-02-26 11:45:00,,,,0,0,0,0,0,0,na,na
gdelt_6a13d3f2,en,LIVE : Hamas hands over more Israeli bodies amid shaky Gaza ceasefire | Israel - Palestine conflict News,2025-10-31 02:30:00,2025-10-31 02:30:00,2025-10-31 02:30:00,,,,0,0,0,0,0,0,na,na
gdelt_6a182974,en,UK weather : Temperatures set to hit 33C in third heatwave of the summer,2025-07-08 16:15:00,2025-07-08 16:15:00,2025-07-08 16:15:00,,,,0,0,0,0,0,0,na,na
gdelt_6a5b507a,tr,Güney Kıbrıstan Türkiye - AB ilişkileri için şartlı destek – DW – 12 . 11 . 2025,2025-11-13 02:30:00,2025-11-13 02:30:00,2025-11-12 00:00:00,2025-01-01 00:00:00,year,2025,1,1,1,1,1,1,tie,tie
gdelt_6a6c0f26,en,Fact check : Israeli Prime Minister Netanyahu speech at the UNGA | United Nations News,2025-09-28 04:45:00,2025-09-28 04:45:00,2025-09-28 04:45:00,,,,0,0,0,0,0,0,na,na
gdelt_6aad8b5b,zh-cn,聚焦数据资产化和数字经济发展水平 ， 贵州省社会科学院发布两项研究成果 - 新华网,2025-09-02 15:30:00,2025-09-02 15:30:00,2025-09-02 15:30:00,,,,0,0,0,0,0,0,na,na
gdelt_6ab5759c,zh-cn,浙江临海 ： 先体验后创业  模式为青年乡创铺路 - 新华网,2026-02-15 19:45:00,2026-02-15 19:45:00,2026-02-01 00:00:00,,,,0,0,0,0,0,0,na,na
gdelt_6b53ddda,en,Wall Street ends higher as investors digest Trump trade comments,2025-10-18 07:00:00,2025-10-18 07:00:00,2025-10-18 07:00:00,,,,0,0,0,0,0,0,na,na
gdelt_6c01e13f,en,"F1 Q & A : Verstappen and Aston Martin , Mekies at Red Bull , floors and 2026 engines",2025-07-22 20:45:00,2026-07-22 00:00:00,2026-01-01 00:00:00,2026-01-01 00:00:00,year,and 2026,1,1,1,1,1,1,tie,tie
gdelt_6c839ccf,en,Cole Palmer celebration trademark : Have others done the same ? Will it become more common ? ,2025-11-18 14:15:00,2025-11-18 14:15:00,2025-11-18 14:15:00,,,,0,0,0,0,0,0,na,na
gdelt_6c9da714,uk,У ЄП відмовилися ратифікувати торговельну угоду зі США,2026-01-19 08:45:00,2026-01-19 08:45:00,2026-01-19 08:45:00,,,,0,0,0,0,0,0,na,na
gdelt_6d20bdda,sv,Israel kills Hezbollah military leader in Beirut strike,2025-11-24 05:15:00,2025-11-24 05:15:00,2025-11-24 05:15:00,,,,0,0,0,0,0,0,na,na
gdelt_6d6a34d3,es,China experimentará lluvias y descenso de temperatura durante regreso masivo de vacaciones por Día Nacional,2025-10-08 14:30:00,2025-10-08 14:30:00,2025-10-08 14:30:00,,,,0,0,0,0,0,0,na,na
gdelt_6e01399a,fa,ترامپ : مدل پیشنهادی تحریم‌های شدید علیه روسیه شاید شامل ایران هم بشود,2025-11-17 18:30:00,2025-11-17 18:30:00,2025-11-17 18:30:00,,,,0,0,0,0,0,0,na,na
gdelt_6e51010f,en,Barcelona rail crash kills 1 days after deadly train wreck in Spain south | Transport News,2026-01-21 11:30:00,2026-01-20 11:30:00,2026-01-20 11:30:00,,,,0,0,0,0,0,0,na,na
gdelt_6e6875b4,en,President Dina Boluarte slams court call to suspend Peru amnesty law | Human Rights News,2025-08-01 09:15:00,2025-08-01 09:15:00,2025-08-01 09:15:00,,,,0,0,0,0,0,0,na,na
gdelt_6e779324,id,Nasib Kuda Delman dan Harapan RUU Kesejahteraan Hewan – DW – 31 . 10 . 2025,2025-10-31 14:00:00,2025-10-31 14:00:00,2025-10-31 00:00:00,2025-01-01 00:00:00,year,2025,1,1,1,1,1,1,tie,tie
gdelt_6ef52734,en,Two men charged after allegedly giving ICA officer sexual favours for help with visit pass applications,2025-09-18 13:30:00,2025-09-18 13:30:00,2025-09-18 13:30:00,,,,0,0,0,0,0,0,na,na
gdelt_6f18e472,en,Man charged over  stabbing  on Sauchie footpath,2026-02-16 22:45:00,2026-02-16 22:45:00,2026-02-16 22:45:00,,,,0,0,0,0,0,0,na,na
gdelt_6f250a7c,en,Why international law is still the world best defence | Opinions,2026-03-08 21:45:00,2026-03-08 21:45:00,2026-03-08 21:45:00,,,,0,0,0,0,0,0,na,na
gdelt_6f32abba,en,"Clashes between Syrian army , Kurdish - led SDF break out in Aleppo",2025-12-23 00:30:00,2025-12-23 00:30:00,2025-12-23 00:30:00,,,,0,0,0,0,0,0,na,na
gdelt_6f6bde80,en,Formula 1 fan travels the world to watch every race,2025-11-17 17:15:00,2025-11-17 17:15:00,2025-11-17 17:15:00,,,,0,0,0,0,0,0,na,na
gdelt_6f8efcab,en,Rage bait named word of the year 2025 by Oxford University Press,2025-12-01 06:30:00,2025-12-01 00:00:00,2025-01-01 00:00:00,2025-01-01 00:00:00,year,of the year 2025 by,1,1,1,1,1,1,tie,tie
gdelt_700754e1,sw,WHO : Serikali zapaswa kutanua tiba mpya za VVU – DW – 01 . 12 . 2025,2025-12-01 21:00:00,2025-12-01 00:00:00,2025-12-01 00:00:00,2025-01-01 00:00:00,year,2025,1,1,1,1,1,1,tie,tie
gdelt_703c2d5f,unknown,ප්‍රධාන පුවත් - BBC News සිංහල,2025-11-24 23:15:00,2025-11-24 23:15:00,2025-11-24 23:15:00,,,,0,0,0,0,0,0,na,na
gdelt_70bded7d,en,"LIVE : Israel kills at least 34 in Gaza today , aid point violence continues | Israel - Palestine conflict News",2025-06-07 19:00:00,2025-06-07 19:00:00,2025-06-07 19:00:00,2025-06-07 00:00:00,day,today,1,1,1,1,1,1,tie,tie
gdelt_70de3128,sw,E3 yajiandaa kwa mazungumzo ya nyuklia na Iran – DW – 20 . 07 . 2025,2025-07-21 02:45:00,2025-07-21 00:00:00,2025-07-20 00:00:00,2025-01-01 00:00:00,year,2025,1,1,1,1,1,1,tie,tie
gdelt_7111e416,en,Brazil approves oil drilling near mouth of Amazon River – DW – 10 / 21 / 2025,2025-10-21 11:00:00,2025-10-21 11:00:00,2025-10-21 00:00:00,2025-01-01 00:00:00,year,10 / 21 / 2025,1,1,1,1,1,1,tie,tie
gdelt_714cff9e,bg,Kой спря ескалатора на Тръмп ? – DW – 25 . 09 . 2025,2025-09-25 23:00:00,2025-09-25 23:00:00,2025-09-25 00:00:00,2025-01-01 00:00:00,year,2025,1,1,1,1,1,1,tie,tie
gdelt_71b0d721,ko,推动更多科技成果走向生产线 - 新华网,2026-03-27 13:30:00,2026-03-27 13:30:00,2026-03-27 13:30:00,,,,0,0,0,0,0,0,na,na
gdelt_71b78da0,en,Train - attack accused  maybe linked to other incidents  ,2025-11-04 05:30:00,2025-11-04 05:30:00,2025-11-04 05:30:00,,,,0,0,0,0,0,0,na,na
gdelt_72119fe7,tr,İranda protestolar : Görgü tanıkları yaşananları BBCye anlattı,2026-01-13 10:30:00,2026-01-13 10:30:00,2026-01-13 10:30:00,,,,0,0,0,0,0,0,na,na
gdelt_721631c9,en,"Anutin , Trump set to speak as Thailand - Cambodia clashes continue for fifth day",2025-12-12 19:45:00,2025-12-12 19:45:00,2025-12-12 19:45:00,,,,0,0,0,0,0,0,na,na
gdelt_722a894e,zh-cn,以赛促产 2025机器人技能大赛在深圳龙岗闭幕 - 新华网,2025-12-30 19:45:00,2025-12-30 19:45:00,2025-01-01 00:00:00,2025-01-01 00:00:00,year,2025,1,1,1,1,1,1,tie,tie
gdelt_7230fe1a,en,"How Brazil won the 2002 World Cup : Unleashing the brilliance of Ronaldo , Rivaldo and Ronaldinho",2026-02-15 14:30:00,2026-02-15 14:30:00,2026-02-15 14:30:00,2002-01-01 00:00:00,year,the 2002,1,1,0,0,0,0,tie,tie
gdelt_7252e4df,en,Star Awards 2025 : Highlights from red carpet Walk of Fame,2025-07-12 22:00:00,2025-07-12 22:00:00,2025-01-01 00:00:00,2025-01-01 00:00:00,year,2025,1,1,1,1,1,1,tie,tie
gdelt_72b6871b,en,  Im selling my torture chair so I can move house  ,2025-11-16 13:30:00,2025-11-16 13:30:00,2025-11-16 13:30:00,,,,0,0,0,0,0,0,na,na
gdelt_72d3e8c0,vi,Vụ lạt ma Tây Tạng chết ở Việt Nam : Thư tố cáo của nhóm nhân quyền Liên Hợp Quốc viết gì ? ,2025-10-21 14:15:00,2025-10-21 14:15:00,2025-10-01 00:00:00,,,,0,0,0,0,0,0,na,na
gdelt_72fbec08,uk,Секрети ідеального схуднення : як спалювати жир і зберігати м  язи,2025-08-11 19:45:00,2025-08-11 19:45:00,2025-08-11 19:45:00,,,,0,0,0,0,0,0,na,na
gdelt_732da11b,zh-cn,临高县21个重大项目集中开工 总投资近20亿元 - 新华网,2025-07-02 18:45:00,2025-07-02 18:45:00,2025-07-02 18:45:00,,,,0,0,0,0,0,0,na,na
gdelt_733fd2cf,en,Singapore Budget 2026 calculator : What in it for you ? | Interactive,2026-02-12 20:30:00,2026-02-12 20:30:00,2026-01-01 00:00:00,2026-01-01 00:00:00,year,2026,1,1,1,1,1,1,tie,tie
gdelt_739889dc,zh-cn,朱琳 、 袁悦无缘中网女单32强 - 新华网,2025-09-28 12:00:00,2025-09-28 12:00:00,2025-09-28 12:00:00,,,,0,0,0,0,0,0,na,na
gdelt_73c14884,en,"As the Dodgers face elimination , their deficiencies are showing up everywhere",2025-11-01 08:15:00,2025-11-01 08:15:00,2025-11-01 08:15:00,,,,0,0,0,0,0,0,na,na
gdelt_73e3f795,pt,Poesia consegue desativar mecanismos de segurança de IA – DW – 21 / 12 / 2025,2025-12-21 20:45:00,2025-12-21 20:45:00,2025-12-21 00:00:00,2025-01-01 00:00:00,year,21 / 12 / 2025,1,1,1,1,1,1,tie,tie
gdelt_740a23bd,uk,У Республіці Сербській призначили тимчасову президентку – DW – 19 . 10 . 2025,2025-10-19 19:45:00,2025-10-19 19:45:00,2025-10-19 00:00:00,2025-01-01 00:00:00,year,2025,1,1,1,1,1,1,tie,tie
gdelt_7447ac1f,tr,Lufthansa yarın greve gidiyor,2026-02-11 19:15:00,2026-02-11 19:15:00,2026-02-12 19:15:00,,,,0,0,0,0,0,0,na,na
gdelt_749ba702,sq,"Merz , ai që e kuptonte Trump - in , sërish një kritik ndaj tij",2026-03-17 06:15:00,2026-03-17 06:15:00,2026-03-17 06:15:00,,,,0,0,0,0,0,0,na,na
gdelt_74e2fbf0,zh-cn,国际可持续水产养殖大会在榕举行 - 新华网,2026-03-19 14:15:00,2026-03-19 14:15:00,2026-03-19 14:15:00,,,,0,0,0,0,0,0,na,na
gdelt_74f15774,zh-cn,三亚交警开展交通安全专题教育活动 - 新华网,2025-07-04 09:00:00,2025-07-04 09:00:00,2025-07-04 09:00:00,,,,0,0,0,0,0,0,na,na
gdelt_74f24b57,zh-cn,解锁假日消费的流量密码 - 新华网,2026-01-14 12:45:00,2026-01-14 12:45:00,2026-01-14 12:45:00,,,,0,0,0,0,0,0,na,na
gdelt_750bb076,en,"Ukraine : 1 million without water , heat after Russian strike – DW – 01 / 08 / 2026",2026-01-08 19:15:00,2026-01-08 00:00:00,2026-01-08 00:00:00,2026-01-01 00:00:00,year,01 / 08 / 2026,1,1,1,1,1,1,tie,tie
gdelt_7539e93f,en,How many defensive records could Arsenal break this season ? ,2025-10-26 16:30:00,2025-10-26 16:30:00,2025-10-26 16:30:00,,,,0,0,0,0,0,0,na,na
gdelt_755b48b6,en,2026 MLB Franchise Rankings : Dodgers overtake Yankees as No . 1 team of past 25 years,2026-03-12 18:15:00,2026-03-12 00:00:00,2026-01-01 00:00:00,2026-01-01 00:00:00,year,2026,1,1,1,1,1,1,tie,tie
gdelt_7575c9f3,pl,Wojna i zbrojenia : protesty w Niemczech coraz głośniejsze – DW – 28 . 09 . 2025,2025-09-28 16:30:00,2025-09-28 16:30:00,2025-09-28 00:00:00,2025-01-01 00:00:00,year,2025,1,1,1,1,1,1,tie,tie
gdelt_7579f071,ru,Мерц : За дронами над ФРГ может стоять Россия – DW – 05 . 10 . 2025,2025-10-06 07:15:00,2025-10-06 07:15:00,2025-10-05 00:00:00,2025-01-01 00:00:00,year,2025,1,1,1,1,1,1,tie,tie
gdelt_75c423ed,de,China reagiert harsch auf Hegseth - Äußerung – DW – 01 . 06 . 2025,2025-06-01 20:45:00,2025-06-01 20:45:00,2025-06-01 00:00:00,2025-01-01 00:00:00,year,2025,1,1,1,1,1,1,tie,tie
gdelt_75cad047,en,BBC pay 2024 - 2025 : The full list of star salaries,2025-07-15 22:30:00,2025-07-15 22:30:00,2024-01-01 00:00:00,,,,0,0,0,0,0,0,na,na
gdelt_75f08df2,en,"Cameroon presidential election : Paul Biya , Issa Bakary , Bello Maigari , odas dey look to win di 2025 presidential election for Cameroon",2025-10-12 19:45:00,2025-10-12 00:00:00,2025-01-01 00:00:00,2025-01-01 00:00:00,year,2025,1,1,1,1,1,1,tie,tie
gdelt_7605dd57,ru,Война в Украине : магнитные экстракторы спасают жизни раненых украинских солдат,2025-07-02 13:45:00,2025-07-02 13:45:00,2025-07-02 13:45:00,,,,0,0,0,0,0,0,na,na
gdelt_762ed01e,en,"Former vice - principal , executive director who covered up molestation of toddlers by preschool cook get jail",2026-01-19 11:45:00,2026-01-19 11:45:00,2026-01-19 11:45:00,,,,0,0,0,0,0,0,na,na
gdelt_766d19ae,cy,Saif al - Islam Gaddafi auawa,2026-02-04 12:15:00,2026-02-04 12:15:00,2026-02-04 12:15:00,,,,0,0,0,0,0,0,na,na
gdelt_767c1ff3,en,"How to watch Puppy Bowl 2026 : Start time , TV channel and streaming info",2026-02-08 20:15:00,2026-02-08 20:15:00,2026-01-01 00:00:00,2026-01-01 00:00:00,year,2026,1,1,1,1,1,1,tie,tie
gdelt_7688d0ed,zh-cn,2026年铁路春运火车票开售 - 新华网,2026-01-19 12:00:00,2026-01-19 00:00:00,2026-01-01 00:00:00,2026-01-01 00:00:00,year,2026年,1,1,1,1,1,1,tie,tie
gdelt_76b5f03d,en,Seven ways the government plan could change the NHS,2025-07-04 01:00:00,2025-07-04 01:00:00,2025-07-04 01:00:00,,,,0,0,0,0,0,0,na,na
gdelt_77556a16,en,Venezuela demands immediate release of Maduro from US custody,2026-02-24 04:00:00,2026-02-24 04:00:00,2026-02-24 04:00:00,,,,0,0,0,0,0,0,na,na
gdelt_77b10f14,en,Watch : Moment Hawaii volcano eruption engulfs camera,2025-12-07 18:15:00,2025-12-07 18:15:00,2025-12-07 18:15:00,,,,0,0,0,0,0,0,na,na
gdelt_77e8926f,en,NI housing : Funding plan hits  brick wall  says Gordon Lyons,2025-10-26 16:45:00,2025-10-26 16:45:00,2025-10-26 16:45:00,,,,0,0,0,0,0,0,na,na
gdelt_77f6b4f7,et,"Uganda kupiga kura Alhamisi , Museveni akijiandaa kurejea",2026-01-14 20:00:00,2026-01-14 20:00:00,2026-01-14 20:00:00,,,,0,0,0,0,0,0,na,na
gdelt_77fd6b32,en,Nigel Farage pledges to deport small boat asylum seekers,2025-08-25 18:15:00,2025-08-25 18:15:00,2025-08-25 18:15:00,,,,0,0,0,0,0,0,na,na
gdelt_78410b2f,en,"Protests , vigils held worldwide over Israel killing of Gaza journalists | Israel - Palestine conflict News",2025-08-14 04:00:00,2025-08-14 04:00:00,2025-08-14 04:00:00,,,,0,0,0,0,0,0,na,na
gdelt_784e3b5b,fr,50ème anniversaire de la Marche verte au Maroc – DW – 06 / 11 / 2025,2025-11-06 20:15:00,2025-11-06 20:15:00,2025-11-06 00:00:00,2025-01-01 00:00:00,year,06 / 11 / 2025,1,1,1,1,1,1,tie,tie
gdelt_78e033d1,en,"LIVE : Israel kills nearly 100 people in Gaza in 24 hours , halts aid | Israel - Palestine conflict News",2025-06-05 00:00:00,2025-06-04 00:00:00,2025-06-04 00:00:00,,,,0,0,0,0,0,0,na,na
gdelt_78f1ec9b,en,Philippines shifts to four - day work week as Iran war pushes oil prices up,2026-03-06 22:30:00,2026-03-06 22:30:00,2026-03-06 22:30:00,,,,0,0,0,0,0,0,na,na
gdelt_79165783,fa,چرا دعوا بر سر نقشه حوزه‌های انتخاباتی در آمریکا تا این حد بالا گرفته است ؟ ,2025-08-25 17:00:00,2025-08-25 17:00:00,2025-08-25 17:00:00,,,,0,0,0,0,0,0,na,na
gdelt_795eb9bf,zh-cn,质量管理增能 云药茁壮生长 _ 新华网,2025-08-17 13:30:00,2025-08-17 13:30:00,2025-08-17 13:30:00,,,,0,0,0,0,0,0,na,na
gdelt_797c0595,en,"Spurs , Celtics look like title contenders . Should they be active at NBA trade deadline ? ",2026-01-21 03:15:00,2026-01-21 03:15:00,2026-01-21 03:15:00,,,,0,0,0,0,0,0,na,na
gdelt_79b45afa,zh-cn,2025年服贸会健康卫生服务专题推介会召开 - 新华网,2025-06-09 01:00:00,2025-06-09 00:00:00,2025-01-01 00:00:00,2025-01-01 00:00:00,year,2025年,1,1,1,1,1,1,tie,tie
gdelt_79c89f5a,ur,بشار الاسد کے دور میں سیاسی قیدی بنائی گئی شامی ماؤں کو اپنے بچوں کی تلاش :  ایسی خواتین بھی ہیں جنھوں نے تین یا چار بچے کھوئے  ,2026-01-11 22:30:00,2026-01-11 22:30:00,2026-01-11 22:30:00,,,,0,0,0,0,0,0,na,na
gdelt_7a0e381d,en,Emergency services lose out on extra funding in Scottish budget,2026-01-14 12:15:00,2026-01-14 12:15:00,2026-01-14 12:15:00,,,,0,0,0,0,0,0,na,na
gdelt_7a68d570,tr,Demirtaş ve Kavala ile ilgili Konsey süreci ne aşamada ? – DW – 05 . 11 . 2025,2025-11-05 18:45:00,2025-11-05 18:45:00,2025-11-05 00:00:00,2025-01-01 00:00:00,year,2025,1,1,1,1,1,1,tie,tie
gdelt_7b1fb18b,en,The Ashes : Brendon McCullum on England team to face Australia,2025-09-08 20:45:00,2025-09-08 20:45:00,2025-09-08 20:45:00,,,,0,0,0,0,0,0,na,na
gdelt_7b8ac005,en,  Make emitters responsible : Thailand clean air activists,2025-12-28 12:30:00,2025-12-28 12:30:00,2025-12-28 12:30:00,,,,0,0,0,0,0,0,na,na
gdelt_7b92fd4e,sl,"Ko će vladati Venecuelom : Dve žene , dva sveta",2026-01-12 21:15:00,2026-01-12 21:15:00,2026-01-12 21:15:00,,,,0,0,0,0,0,0,na,na
gdelt_7b93a92e,ar,ياسمين ناصر : شيف أردنية تبتكر وصفات تساعد الغزيين على تحضير الطعام في ظل المكونات المحدودة,2025-09-14 16:15:00,2025-09-14 16:15:00,2025-09-14 16:15:00,,,,0,0,0,0,0,0,na,na
gdelt_7ba6cd13,zh-cn,云南师范大学毕业生用艺术助力乡村振兴 _ 新华网,2025-07-03 22:45:00,2025-07-03 22:45:00,2025-07-03 22:45:00,,,,0,0,0,0,0,0,na,na
gdelt_7bdde5ba,zh-cn,记者手记 ： 在广州之夜感受  广交  消费热 - 新华网,2025-10-20 11:15:00,2025-10-20 11:15:00,2025-10-20 11:15:00,,,,0,0,0,0,0,0,na,na
gdelt_7be305a2,en,Charlotte Church says she  would be dead  without dad help,2026-01-07 02:45:00,2026-01-07 02:45:00,2026-01-07 02:45:00,,,,0,0,0,0,0,0,na,na
gdelt_7be872ed,hr,Njemačka i Japan žele se zajedno naoružavati,2026-03-24 20:00:00,2026-03-24 20:00:00,2026-09-01 00:00:00,,,,0,0,0,0,0,0,na,na
gdelt_7c0123c0,en,Teen denies murdering Ipswich man found dead on New Year Day,2025-11-18 02:15:00,2025-11-18 02:15:00,2025-11-01 00:00:00,,,,0,0,0,0,0,0,na,na
gdelt_7c67c753,en,LIVE : Israel kills more than 50 people as Gaza City endures deadly night | Israel - Palestine conflict News,2025-09-06 13:30:00,2025-09-06 13:30:00,2025-09-06 13:30:00,,,,0,0,0,0,0,0,na,na
gdelt_7c6ce624,zh-cn,60年前开启的这项报道 ， 我们代代接力 - 新华网河南频道,2026-02-08 14:30:00,1966-02-08 14:30:00,2026-02-08 14:30:00,,,,0,0,0,0,0,0,na,na
gdelt_7c6ed2d9,zh-cn,德国商界说欧洲不应被美国关税威胁吓倒 - 新华网,2025-07-13 10:45:00,2025-07-13 10:45:00,2025-07-13 10:45:00,,,,0,0,0,0,0,0,na,na
gdelt_7c786029,zh-cn,江苏发布省照明电器协会负责人人选公示 _ 新华网江苏频道,2025-09-22 12:45:00,2025-09-22 12:45:00,2025-09-22 12:45:00,,,,0,0,0,0,0,0,na,na
gdelt_7cb0ef6a,fa,گزارش‌ها از کشته شدن سیف الاسلام ، پسر معمر قذافی و سرکوب‌گر اعتراضات لیبی,2026-02-04 06:15:00,2026-02-04 06:15:00,2026-02-04 06:15:00,,,,0,0,0,0,0,0,na,na
gdelt_7ce48623,en,Police urged to dig at Billericay site where dead dogs found,2026-02-22 18:00:00,2026-02-22 18:00:00,2026-02-22 18:00:00,,,,0,0,0,0,0,0,na,na
gdelt_7d28d697,es,Costa Rica celebra elecciones presidenciales,2026-02-01 17:00:00,2026-02-01 17:00:00,2026-02-01 17:00:00,,,,0,0,0,0,0,0,na,na
gdelt_7dd06e95,en,In pictures : 21st Belladrum Tartan Heart Festival,2025-08-05 05:15:00,2025-08-05 05:15:00,2025-08-05 05:15:00,,,,0,0,0,0,0,0,na,na
gdelt_7dd1f574,en,Lessons to learn from Toto Wolff pessimism . Plus : F1 Super Bowl crossover,2026-02-07 07:15:00,2026-02-07 07:15:00,2026-02-07 07:15:00,,,,0,0,0,0,0,0,na,na
gdelt_7dd478bb,es,Administración Trump publica expedientes sobre asesinato de Martin Luther King Jr . ,2025-07-22 08:45:00,2025-07-22 08:45:00,2025-07-22 08:45:00,,,,0,0,0,0,0,0,na,na
gdelt_7de6f1c7,hi,कैसी है भारत की पहली स्वदेशी सेमीकंडक्टर चिप  विक्रम  – DW – 02 . 09 . 2025,2025-09-02 21:30:00,2025-09-02 21:30:00,2025-09-02 00:00:00,2025-01-01 00:00:00,year,2025,1,1,1,1,1,1,tie,tie
gdelt_7df4c9c9,en,G7 energy ministers  ready  to take  necessary measure on oil reserves,2026-03-11 20:15:00,2026-03-11 20:15:00,2026-03-11 20:15:00,,,,0,0,0,0,0,0,na,na
gdelt_7e15aad8,en,Commentary : Heatwaves and jellyfish are causing the grid to wilt,2025-08-17 06:30:00,2025-08-17 06:30:00,2025-08-17 06:30:00,,,,0,0,0,0,0,0,na,na
gdelt_7e252190,es,España anuncia medidas contra Israel por  genocidio  en Gaza – DW – 08 / 09 / 2025,2025-09-08 16:15:00,2025-09-08 16:15:00,2025-09-08 00:00:00,2025-01-01 00:00:00,year,08 / 09 / 2025,1,1,1,1,1,1,tie,tie
gdelt_7e56de01,en,Commentary : PM Lawrence Wong NDR speech focused largely on practical policy issues for a reason,2025-08-18 16:15:00,2025-08-18 16:15:00,2025-08-18 16:15:00,,,,0,0,0,0,0,0,na,na
gdelt_7ec7b40e,en,12 foreign nationals arrested in drug raid at Woodlands migrant worker dormitory,2025-11-28 17:30:00,2025-11-28 17:30:00,2025-11-28 17:30:00,,,,0,0,0,0,0,0,na,na
gdelt_7f0b9c41,en,"In Trump - Xi summit , a shifting US - China power dynamic on display",2025-10-31 17:15:00,2025-10-31 17:15:00,2025-10-31 17:15:00,,,,0,0,0,0,0,0,na,na
gdelt_7f0f061a,es,"Exposición de mascotas en Lanzhou , Gansu | Spanish . xinhuanet . com",2026-03-28 18:15:00,2026-03-28 18:15:00,2026-03-28 18:15:00,,,,0,0,0,0,0,0,na,na
gdelt_7f172d55,en,Changi Naval Base steps up monitoring after crocodile sighting in waters,2026-02-05 08:30:00,2026-02-05 08:30:00,2026-02-05 08:30:00,,,,0,0,0,0,0,0,na,na
gdelt_7faa6191,fr,Chine : lorgane législatif national conclut une session de son comité permanent - Xinhua,2025-12-28 14:30:00,2025-12-28 14:30:00,2025-12-28 14:30:00,,,,0,0,0,0,0,0,na,na
gdelt_8026532e,tl,RSAF aerial display at Singapore 2025 National Day Parade,2025-08-11 10:45:00,2025-08-11 10:45:00,2025-01-01 00:00:00,2025-01-01 00:00:00,year,2025,1,1,1,1,1,1,tie,tie
gdelt_802d232e,ur,  گوریلا جنگ کا وسیع تجربہ  رکھنے والے افغان طالبان کے پاس کون سے ہتھیار ہیں اور کیا وہ پاکستان کے خلاف روایتی جنگ کے متحمل ہو سکتے ہیں ؟ ,2026-02-23 21:15:00,2026-02-23 21:15:00,2026-02-23 21:15:00,,,,0,0,0,0,0,0,na,na
gdelt_80335b25,fr,La publication par Donald Trump dune image suggérant le contrôle des Etats - Unis sur le Groenland est irrespectueuse ( PM groenlandais ) - Xinhua,2026-01-21 11:15:00,2026-01-21 11:15:00,2026-01-21 11:15:00,,,,0,0,0,0,0,0,na,na
gdelt_808e12a9,zh-cn,无3C标识不能登机 充电宝安全新规的背后 - 新华网,2025-07-04 13:15:00,2025-07-04 13:15:00,2025-07-04 13:15:00,,,,0,0,0,0,0,0,na,na
gdelt_809a42dc,bg,Какво може да научи България от Норвегия ? ,2026-02-25 22:15:00,2026-02-25 22:15:00,2026-02-23 00:00:00,,,,0,0,0,0,0,0,na,na
gdelt_80deca48,ko,"자오러지 中 전인대 상무위원장 , 뉴질랜드 공식 친선 방문 - Xinhua",2025-11-23 09:15:00,2025-11-23 09:15:00,2025-11-23 09:15:00,,,,0,0,0,0,0,0,na,na
gdelt_8106ea33,en,Chan Chun Sing urges ASEAN countries to take lead in maritime security in region,2026-02-14 23:45:00,2026-02-14 23:45:00,2026-02-14 23:45:00,,,,0,0,0,0,0,0,na,na
gdelt_81134897,hr,Njemačka tehnologija : sateliti za otkrivanje šumskih požara – DW – 21 . 07 . 2025,2025-07-21 17:30:00,2025-07-21 17:30:00,2025-07-21 00:00:00,2025-01-01 00:00:00,year,2025,1,1,1,1,1,1,tie,tie
gdelt_81138566,ko,甘津鲁教育协作帮扶开启  云端共育  新模式 - 新华网,2026-01-22 12:00:00,2026-01-22 12:00:00,2026-01-22 12:00:00,,,,0,0,0,0,0,0,na,na
gdelt_818abc6f,ru,IHR : На протестах в Иране погибли не менее 648 человек,2026-01-13 09:30:00,2026-01-13 09:30:00,2026-01-13 09:30:00,,,,0,0,0,0,0,0,na,na
gdelt_818ee742,zh-cn,2025深圳网络安全宣传周圆满举行 增强网络安全意识和防护能力 - 新华网,2025-09-22 17:15:00,2025-09-22 00:00:00,2025-01-01 00:00:00,2025-01-01 00:00:00,year,2025,1,1,1,1,1,1,tie,tie
gdelt_81f53a85,en,Rossendale man  did not know what was wrong until I got NHS text  ,2025-06-10 15:30:00,2025-06-10 15:30:00,2025-06-10 15:30:00,,,,0,0,0,0,0,0,na,na
gdelt_81fc2cc3,en,"India budget bets on infrastructure , manufacturing amid global trade war | Business and Economy News",2026-02-01 20:00:00,2026-02-01 20:00:00,2026-02-01 20:00:00,,,,0,0,0,0,0,0,na,na
gdelt_822d6373,zh-cn,专家解读RWA代币化监管新规 ： 重在遏制  币圈  非法金融活动 - 新华网,2026-02-09 10:15:00,2026-02-09 10:15:00,2026-02-09 10:15:00,,,,0,0,0,0,0,0,na,na
gdelt_82ba5e77,en,LIVE : US government shutdown starts as Trump threatens mass layoffs,2025-10-01 14:45:00,2025-10-01 14:45:00,2025-10-01 14:45:00,,,,0,0,0,0,0,0,na,na
gdelt_82ceee81,de,Deutsche Bahn and sheep : A German summer travel adventure – DW – 07 / 27 / 2025,2025-07-27 19:00:00,2025-07-27 19:00:00,2025-07-27 00:00:00,2025-01-01 00:00:00,year,07 / 27 / 2025,1,1,1,1,1,1,tie,tie
gdelt_82fb0470,hi,डॉनल्ड ट्रंप को साधने में कामयाब रहेंगे नए जर्मन चांसलर ? – DW – 01 . 06 . 2025,2025-06-01 21:15:00,2025-06-01 21:15:00,2025-06-01 00:00:00,2025-01-01 00:00:00,year,01 . 06 . 2025,1,1,1,1,1,1,tie,tie
gdelt_837210a8,ar,بزفّة طبول عراقية وبصحبة سبايدرمان مصري … كيف شجع آباء أطفالهم في أول أيام الدراسة ؟ ,2025-09-26 01:30:00,2025-09-26 01:30:00,2025-09-26 01:30:00,,,,0,0,0,0,0,0,na,na
gdelt_83849259,en,US Fed focus moves from inflation to jobs as it makes first rate cut of 2025,2025-09-18 07:15:00,2025-09-18 00:00:00,2025-01-01 00:00:00,2025-01-01 00:00:00,year,of 2025,1,1,1,1,1,1,tie,tie
gdelt_839015da,en,Isles crofters call for greater controls on wild geese numbers,2026-02-11 08:30:00,2026-02-11 08:30:00,2026-02-11 08:30:00,,,,0,0,0,0,0,0,na,na
gdelt_83ba137a,fr,Trump affirme que lIran est en train de négocier avec les Etats - Unis - Xinhua,2026-02-01 13:15:00,2026-02-01 13:15:00,2026-02-01 13:15:00,,,,0,0,0,0,0,0,na,na
gdelt_8423d254,en,West Bank : Palestinians say new Israeli steps amount to de facto annexation,2026-02-10 00:45:00,2026-02-10 00:45:00,2026-02-10 00:45:00,,,,0,0,0,0,0,0,na,na
gdelt_8436e4a8,fr,Reform united kingdom se retire dun documentaire de la BBC après une polémique sur le montage de propos de Trump ( BBC ) - Xinhua,2025-11-13 08:00:00,2025-11-13 08:00:00,2025-11-13 08:00:00,,,,0,0,0,0,0,0,na,na
gdelt_843aa257,en,LIVE : Israel kills 46 despite Trump saying it has  stopped bombing  Gaza | Israel - Palestine conflict News,2025-10-05 02:15:00,2025-10-05 02:15:00,2025-10-05 02:15:00,,,,0,0,0,0,0,0,na,na
gdelt_84695ea4,en,Sergio Ramos leading €400m bid to buy boyhood club Sevilla,2026-01-04 11:00:00,2026-01-04 11:00:00,2026-01-04 11:00:00,,,,0,0,0,0,0,0,na,na
gdelt_84c4cf5c,en,Seychelles Patrick Herminie wins presidential run - off election | Politics News,2025-10-12 14:00:00,2025-10-12 14:00:00,2025-10-12 14:00:00,,,,0,0,0,0,0,0,na,na
gdelt_85013f5f,ca,Milicia iraquí reivindica 28 ataques contra  bases enemigas  | Spanish . xinhuanet . com,2026-03-03 18:15:00,2026-03-03 18:15:00,2026-03-03 18:15:00,,,,0,0,0,0,0,0,na,na
gdelt_85061678,zh-cn,柯桥 ， 描绘文旅融合新图景 - 新华网,2025-12-28 12:45:00,2025-12-28 12:45:00,2025-12-28 12:45:00,,,,0,0,0,0,0,0,na,na
gdelt_85092b1b,fa,بولسنارو به علت سکسکه تحت درمان قرار گرفت,2025-12-29 11:00:00,2025-12-29 11:00:00,2025-12-29 11:00:00,,,,0,0,0,0,0,0,na,na
gdelt_8539e1ce,en,Tollymore : Fears for future of mothballed outdoor activity centre,2025-08-03 14:30:00,2025-08-03 14:30:00,2025-08-03 14:30:00,,,,0,0,0,0,0,0,na,na
gdelt_85750060,es,Inversión en activos fijos de China registra crecimiento estable en primer semestre,2025-07-15 16:30:00,2025-07-15 16:30:00,2025-07-15 16:30:00,,,,0,0,0,0,0,0,na,na
gdelt_85e18578,en,Bank of America reaches settlement in Epstein lawsuit,2026-03-29 00:30:00,2026-03-29 00:30:00,2026-03-29 00:30:00,,,,0,0,0,0,0,0,na,na
gdelt_861e0dd0,es,Mesa redonda sobre derechos humanos entre China y América Latina destaca cooperación para la gobernanza global,2025-07-27 17:15:00,2025-07-27 17:15:00,2025-07-27 17:15:00,,,,0,0,0,0,0,0,na,na
gdelt_86463aa2,nl,Pakistan : 3 transgender women shot dead in Karachi – DW – 09 / 22 / 2025,2025-09-23 01:00:00,2025-09-23 01:00:00,2025-09-22 00:00:00,2025-01-01 00:00:00,year,09 / 22 / 2025,1,1,1,1,1,1,tie,tie
gdelt_8664494a,en,"Germany vs Spain live updates : Euro 2025 latest score , predictions and team news",2025-07-24 02:45:00,2025-07-24 00:00:00,2025-01-01 00:00:00,2025-01-01 00:00:00,year,2025,1,1,1,1,1,1,tie,tie
gdelt_872d7415,en,"Malaysia ban on raw rare earths exports remains despite US deal , trade minister says",2025-10-30 11:30:00,2025-10-30 11:30:00,2025-10-30 11:30:00,,,,0,0,0,0,0,0,na,na
gdelt_8734a5a6,ko,中 - 아세안 엑스포에 대거 등장한 AI 응용 사례 ... 미래 기대감  UP - Xinhua,2025-09-21 14:15:00,2025-09-21 14:15:00,2025-09-21 14:15:00,,,,0,0,0,0,0,0,na,na
gdelt_8742095d,fr,La Chine rejette les accusations américaines concernant la COVID - 19 et souligne son engagement envers lOMS et le multilatéralisme - Xinhua,2026-01-27 10:30:00,2026-01-27 10:30:00,2026-01-27 10:30:00,,,,0,0,0,0,0,0,na,na
gdelt_87640139,ko,2025武夷山茶叶产销对接会举办 成交茶叶15万公斤 - 新华网,2025-11-17 20:15:00,2025-11-17 20:15:00,2025-11-17 20:15:00,,,,0,0,0,0,0,0,na,na
gdelt_876869ec,en,Colombia : Ex - president Uribe convicted of witness tampering – DW – 07 / 29 / 2025,2025-07-29 08:45:00,2025-07-29 00:00:00,2025-07-29 00:00:00,2025-01-01 00:00:00,year,07 / 29 / 2025,1,1,1,1,1,1,tie,tie
gdelt_8777e2f3,sw,AU yabaini dosari kubwa katika uchaguzi wa Tanzania – DW – 06 . 11 . 2025,2025-11-06 20:00:00,2025-11-06 00:00:00,2025-11-06 00:00:00,2025-01-01 00:00:00,year,2025,1,1,1,1,1,1,tie,tie
gdelt_8796033f,en,"Medical expenses paid by Sumo Salad fully reimbursed , but process not over : MOM",2025-08-01 23:30:00,2025-08-01 23:30:00,2025-08-01 23:30:00,,,,0,0,0,0,0,0,na,na
gdelt_87f64f1e,en,Aravalli : Why India ancient hills are at the centre of growing protests,2025-12-22 19:45:00,2025-12-22 19:45:00,2025-12-22 19:45:00,,,,0,0,0,0,0,0,na,na
gdelt_8880597b,pt,Kuwait diz que vários caças dos EUA caíram em seu território,2026-03-02 19:30:00,2026-03-02 19:30:00,2026-03-02 19:30:00,,,,0,0,0,0,0,0,na,na
gdelt_892867c3,en,Explosion at glue factory in eastern Pakistan kills at least 16,2025-11-21 17:45:00,2025-11-21 17:45:00,2025-11-21 17:45:00,,,,0,0,0,0,0,0,na,na
gdelt_8948e15d,fr,75 % des Japonais désapprouvent les frappes américano - israéliennes en Iran ( sondage ) - Xinhua,2026-03-15 18:00:00,2026-03-15 18:00:00,2026-03-15 18:00:00,,,,0,0,0,0,0,0,na,na
gdelt_897a5d99,zh-cn,  声  入人心 近千名在昆高校师生用声音诠释经典 _ 新华网,2025-06-09 21:15:00,2025-06-09 21:15:00,2025-06-09 21:15:00,,,,0,0,0,0,0,0,na,na
gdelt_8987ec98,mk,Украина : Избори во воени услови - само ако е безбедно – DW – 15 . 12 . 2025,2025-12-15 17:00:00,2025-12-15 17:00:00,2025-12-15 00:00:00,2025-01-01 00:00:00,year,2025,1,1,1,1,1,1,tie,tie
gdelt_8a0c8934,en,"Cluster munitions cause more than 1 , 200 civilian casualties in Ukraine war , global monitor says",2025-09-15 21:15:00,2025-09-15 21:15:00,2025-09-15 21:15:00,,,,0,0,0,0,0,0,na,na
gdelt_8a27cfc0,ur,ٹرمپ کے ایچ ون بی ویزے سے متعلق حکمنامے پر اُلجھن ، خوف اور مستقبل کی فکر :  جوانی امریکہ میں گزار دی لیکن لگتا ہے اسے میری ضرورت نہیں  ,2025-09-22 02:00:00,2025-09-22 02:00:00,2025-09-22 02:00:00,,,,0,0,0,0,0,0,na,na
gdelt_8b0cc3cc,es,Se lleva a cabo Conferencia de Líderes Mundiales sobre la Mujer,2025-10-13 11:30:00,2025-10-13 11:30:00,2025-10-01 00:00:00,,,,0,0,0,0,0,0,na,na
gdelt_8b58f968,en,Belarusians detained after drone flown over Polish president residence | Russia - Ukraine war News,2025-09-16 12:00:00,2025-09-16 12:00:00,2025-09-16 12:00:00,,,,0,0,0,0,0,0,na,na
gdelt_8b946738,en,From concrete to cloud : Reinventing construction from the inside out,2025-10-21 10:30:00,2025-10-21 10:30:00,2025-10-21 10:30:00,,,,0,0,0,0,0,0,na,na
gdelt_8b977f55,zh-cn,办好一件提案 解决一类问题 - 新华网,2026-01-05 11:30:00,2026-01-05 11:30:00,2026-01-05 11:30:00,,,,0,0,0,0,0,0,na,na
gdelt_8bce5ba3,en,"Circle Line tunnel works nearly 50 % completed , on track for April finish",2026-02-10 12:30:00,2026-04-10 00:00:00,2026-04-01 00:00:00,,,,0,0,0,0,0,0,na,na
gdelt_8bd56b0a,ko,外地职工春节后返厦最高可领450元 - 新华网,2026-01-27 13:15:00,2026-01-27 13:15:00,2026-01-27 13:15:00,,,,0,0,0,0,0,0,na,na
gdelt_8bdc8377,ru,Трамп : Новый лидер Ирана  не продержится  без одобрения США,2026-03-09 07:30:00,2026-03-09 07:30:00,2026-03-09 07:30:00,,,,0,0,0,0,0,0,na,na
gdelt_8c2006c4,vi,Người vô gia cư : Ông Trump chụp tôi ngồi cạnh lều - rồi xe ủi ập đến,2025-08-17 15:45:00,2025-08-17 15:45:00,2025-08-17 15:45:00,,,,0,0,0,0,0,0,na,na
gdelt_8c216210,en,Blood supplies running low in Germany,2026-01-25 14:30:00,2026-01-25 14:30:00,2026-01-25 14:30:00,,,,0,0,0,0,0,0,na,na
gdelt_8c2aa7f8,so,"Waa kuma Mojtaba Khamenei , ninka laga yaabo in uu noqdo hugaamiyaha ruuxigaha ee cusub ee Iran ? ",2026-03-06 07:15:00,2026-03-06 07:15:00,2026-03-06 07:15:00,,,,0,0,0,0,0,0,na,na
gdelt_8c78bde7,zh-cn,  竖店  更有戏 各地影视人纷纷  郑  扎堆 - 新华网河南频道,2025-07-03 09:15:00,2025-07-03 09:15:00,2025-07-03 09:15:00,,,,0,0,0,0,0,0,na,na
gdelt_8d20e68d,en,India sees spike in social media censorship amid Iran war,2026-03-26 21:00:00,2026-03-26 21:00:00,2026-03-26 21:00:00,,,,0,0,0,0,0,0,na,na
gdelt_8d4f41a8,en,RTS Link trains to start test runs in Johor Bahru from mid - November : Malaysia transport minister,2025-11-03 19:00:00,2025-11-03 19:00:00,2025-11-01 00:00:00,,,,0,0,0,0,0,0,na,na
gdelt_8d68e5d2,en,J - 10C fighter jet to make Singapore Airshow debut with China PLA aerobatic team,2026-01-27 17:30:00,2026-01-27 17:30:00,2026-01-27 17:30:00,,,,0,0,0,0,0,0,na,na
gdelt_8d9f73f3,uk,Франція розслідує загибель журналіста як воєнний злочин – DW – 06 . 10 . 2025,2025-10-06 19:00:00,2025-10-06 19:00:00,2025-10-06 00:00:00,2025-01-01 00:00:00,year,2025,1,1,1,1,1,1,tie,tie
gdelt_8dad6525,es,Principal grupo de supervivientes de bomba atómica critica impulso de primera ministra japonesa para revisar principios antinucleares,2025-11-21 00:00:00,2025-11-21 00:00:00,2025-11-21 00:00:00,,,,0,0,0,0,0,0,na,na
gdelt_8debcc04,id,  Das crazy  jadi Ungkapan Gaul Terpopuler Remaja Jerman 2025 – DW – 20 . 10 . 2025,2025-10-20 16:45:00,2025-10-20 16:45:00,2025-01-01 00:00:00,2025-01-01 00:00:00,year,2025,1,1,1,1,1,1,tie,tie
gdelt_8def5e72,en,"Indian boy , aged 3 , becomes youngest rated chess player in history",2025-12-08 00:45:00,2025-12-08 00:45:00,2025-12-08 00:45:00,,,,0,0,0,0,0,0,na,na
gdelt_8e11fa55,es,17 Desfile y Concurso de Alebrijes Monumentales en la Ciudad de México,2025-10-19 17:00:00,2025-10-19 17:00:00,2025-10-19 17:00:00,,,,0,0,0,0,0,0,na,na
gdelt_8e574c27,pl, „ Die Welt : dlaczego bez konferencji Dobrindta i Siemoniaka ? – DW – 10 . 06 . 2025,2025-06-10 17:00:00,2025-06-10 17:00:00,2025-06-10 00:00:00,2025-01-01 00:00:00,year,2025,1,1,1,1,1,1,tie,tie
gdelt_8e6df2e1,es,Japón acusa a China de actos hostiles contra su fuerza aérea – DW – 07 / 12 / 2025,2025-12-07 14:45:00,2025-12-07 14:45:00,2025-12-07 00:00:00,2025-01-01 00:00:00,year,07 / 12 / 2025,1,1,1,1,1,1,tie,tie
gdelt_8e73f628,sw,Kwa nini Maduro alifungwa macho na kuzibwa masikio alipokamatwa ? ,2026-01-07 00:00:00,2026-01-07 00:00:00,2026-01-07 00:00:00,,,,0,0,0,0,0,0,na,na
gdelt_8e930695,zh-cn,绿电赋能出行 假期江苏高速服务区见闻 _ 新华网江苏频道,2025-06-03 00:00:00,2025-06-03 00:00:00,2025-06-03 00:00:00,,,,0,0,0,0,0,0,na,na
gdelt_8ec57bda,en,North produces enough nuclear material a year for 10 to 20 weapons : South Korea president,2026-01-21 13:00:00,2026-01-21 13:00:00,2025-01-21 13:00:00,,,,0,0,0,0,0,0,na,na
gdelt_8ec70823,ro,Izolare totală : regimul dur al închisorilor franceze – DW – 03 . 08 . 2025,2025-08-03 19:15:00,2025-08-03 19:15:00,2025-08-03 00:00:00,2025-01-01 00:00:00,year,2025,1,1,1,1,1,1,tie,tie
gdelt_8ee348b2,en,Woman dies and man critically ill after Totton house fire,2025-12-15 00:00:00,2025-12-15 00:00:00,2025-12-15 00:00:00,,,,0,0,0,0,0,0,na,na
gdelt_8ef70414,sq,Izraeli konfirmon fillimin e ofensivës tokësore në Gazë – DW – 16 / 09 / 2025,2025-09-17 00:00:00,2025-09-17 00:00:00,2025-09-16 00:00:00,2025-01-01 00:00:00,year,16 / 09 / 2025,1,1,1,1,1,1,tie,tie
gdelt_8f0a93c0,zh-cn,  云花  寄春来  颜值  变  产值 _ 新华网,2026-02-23 10:30:00,2026-02-23 10:30:00,2026-02-23 10:30:00,,,,0,0,0,0,0,0,na,na
gdelt_8f411a82,zh-cn,超9亿人次 ！ 2025年铁路暑运发送旅客创新高 - 新华网,2025-09-02 11:15:00,2025-09-02 00:00:00,2025-01-01 00:00:00,2025-01-01 00:00:00,year,2025年,1,1,1,1,1,1,tie,tie
gdelt_8fe0af21,zh-cn,  陇上好粮油  亮相第七届中国粮食交易大会 - 新华网,2025-07-14 13:45:00,2025-07-14 13:45:00,2025-07-14 13:45:00,,,,0,0,0,0,0,0,na,na
gdelt_903310f5,en,"World Cup 2026 : Cost , Trump and travel give fans pause",2026-03-26 21:45:00,2026-03-26 21:45:00,2026-01-01 00:00:00,2026-01-01 00:00:00,year,2026,1,1,1,1,1,1,tie,tie
gdelt_90639796,de,Singapore : Life underground,2025-08-29 11:30:00,2025-08-29 11:30:00,2025-08-29 11:30:00,,,,0,0,0,0,0,0,na,na
gdelt_907362d1,so,Maamulka Trump oo bilaabay in uu shaqada ka ruqseeyo suxufiiyinta VOA,2025-08-31 23:30:00,2025-08-31 23:30:00,2025-11-01 00:00:00,,,,0,0,0,0,0,0,na,na
gdelt_9076ac55,en,Israeli forces kill 21 aid seekers as Gaza starvation death toll rises,2025-08-09 23:45:00,2025-08-09 23:45:00,2025-08-09 23:45:00,,,,0,0,0,0,0,0,na,na
gdelt_908aacb1,en,Fossil fuel emissions to hit new record in 2025 : study – DW – 11 / 13 / 2025,2025-11-13 11:15:00,2025-11-13 00:00:00,2025-01-01 00:00:00,2025-01-01 00:00:00,year,in 2025,1,1,1,1,1,1,tie,tie
gdelt_9107ef43,en,"MLB offseason notes : Will the Mariners re - sign Jorge Polanco ? Plus , MacKenzie Gore future",2025-11-18 20:00:00,2025-11-18 20:00:00,2025-11-18 20:00:00,,,,0,0,0,0,0,0,na,na
gdelt_911a9d72,ru,Во Франции проголосовали за бан соцсетей для детей до 15 лет,2026-01-27 12:00:00,2026-01-27 12:00:00,2026-01-27 12:00:00,,,,0,0,0,0,0,0,na,na
gdelt_91464d14,ru,Экономический совет ХДС призвал повысить пенсионный возраст – DW – 28 . 12 . 2025,2025-12-29 02:15:00,2025-12-29 02:15:00,2025-12-28 00:00:00,2025-01-01 00:00:00,year,2025,1,1,1,1,1,1,tie,tie
gdelt_919c8324,en,Can the Gaza ceasefire deal survive ? ,2025-10-30 05:00:00,2025-10-30 05:00:00,2025-10-30 05:00:00,,,,0,0,0,0,0,0,na,na
gdelt_91ba4250,en,Catherine Zeta - Jones and Michael Douglas mark 25th wedding anniversary,2025-11-21 06:15:00,2025-11-21 06:15:00,2025-11-01 00:00:00,,,,0,0,0,0,0,0,na,na
gdelt_91bcf3f3,en,Video emerges of Padres berating umps after blown call in season - ending loss,2025-10-04 01:30:00,2025-10-04 01:30:00,2025-10-04 01:30:00,,,,0,0,0,0,0,0,na,na
gdelt_91c96dee,en,  Shocking and brutal : 18 year jail for woman who killed adoptive father over flat ownership after mother death,2025-07-14 14:30:00,2007-07-14 14:30:00,2025-07-14 14:30:00,,,,0,0,0,0,0,0,na,na
gdelt_91cd701f,en,"Russia - Ukraine war : List of key events , day 1 , 290",2025-09-06 09:00:00,2025-09-06 09:00:00,2025-09-06 09:00:00,,,,0,0,0,0,0,0,na,na
gdelt_91e14dae,en,Ukraine Kremenchuk hit by Russian airstrikes mayor – DW – 12 / 07 / 2025,2025-12-07 17:45:00,2025-12-07 00:00:00,2025-12-07 00:00:00,2025-01-01 00:00:00,year,12 / 07 / 2025,1,1,1,1,1,1,tie,tie
gdelt_91f0c7cf,tr,"İran savaşı , Kim Jong Unun  nükleer tercihini pekiştirebilir  ",2026-03-19 14:15:00,2026-03-19 14:15:00,2026-03-19 14:15:00,,,,0,0,0,0,0,0,na,na
gdelt_921800ca,pl,Wicekanclerz Niemiec : UE przygotuje odpowiedź na cła Trumpa – DW – 13 . 07 . 2025,2025-07-13 22:00:00,2025-07-13 22:00:00,2025-07-13 00:00:00,2025-01-01 00:00:00,year,2025,1,1,1,1,1,1,tie,tie
gdelt_922574c2,zh-cn,贵州省铜仁市人大常委会原党组成员 、 副主任杨彪一审被判十年二个月 - 新华网,2025-12-30 12:30:00,2025-12-30 12:30:00,2025-12-01 00:00:00,,,,0,0,0,0,0,0,na,na
gdelt_922d01bc,ko,"中 신장 ( 新疆 ) 톈산국제공항 , 새 터미널 개장 후 이용객 급증 - Xinhua",2025-07-22 12:15:00,2025-07-22 12:15:00,2025-07-22 12:15:00,,,,0,0,0,0,0,0,na,na
gdelt_92e9b86c,en,Poland : Conservative Karol Nawrocki wins presidential vote – DW – 06 / 02 / 2025,2025-06-02 13:00:00,2025-06-02 00:00:00,2025-06-02 00:00:00,2025-01-01 00:00:00,year,06 / 02 / 2025,1,1,1,1,1,1,tie,tie
gdelt_92eb0034,id,RI Jadi Juara 1 Negara Ekspansi Tambang Batu Bara di ASEAN – DW – 04 . 08 . 2025,2025-08-04 14:30:00,2025-08-04 14:30:00,2025-08-04 00:00:00,2025-01-01 00:00:00,year,2025,1,1,1,1,1,1,tie,tie
gdelt_9300ae96,tr,Hipersonik füze yarışı kızışıyor : Batı geride mi kalıyor ? ,2025-08-24 16:30:00,2025-08-24 16:30:00,2025-08-20 00:00:00,,,,0,0,0,0,0,0,na,na
gdelt_934ac1c9,ro,"Analiză : Moldova și România , punte de sprijin pentru Ucraina – DW – 22 . 12 . 2025",2025-12-22 23:15:00,2025-12-22 23:15:00,2025-12-22 00:00:00,2025-01-01 00:00:00,year,2025,1,1,1,1,1,1,tie,tie
gdelt_93684297,en,Tottenham relegation fight : Are north London club too big to go down ? ,2026-02-25 03:45:00,2026-02-25 03:45:00,2026-02-25 03:45:00,,,,0,0,0,0,0,0,na,na
gdelt_937cc29d,sw,Trump asema makubaliano ya amani ya Ukraine yanakaribia – DW – 29 . 12 . 2025,2025-12-29 13:15:00,2025-12-29 00:00:00,2025-12-29 00:00:00,2025-01-01 00:00:00,year,2025,1,1,1,1,1,1,tie,tie
gdelt_937d79d6,en,Thailand works to repatriate thousands stranded at Cambodia border crossing,2025-12-16 18:30:00,2025-12-16 18:30:00,2025-12-16 18:30:00,,,,0,0,0,0,0,0,na,na
gdelt_9390f1cc,nl,"US weighs strikes on cartels in Venezuela , F - 35 warplanes deploy : Reports",2025-09-06 13:30:00,2025-09-06 13:30:00,2025-09-06 13:30:00,,,,0,0,0,0,0,0,na,na
gdelt_93cd4ea8,en,Appeals court allows Trump National Guard deployment in DC to continue,2025-12-05 12:15:00,2025-12-05 12:15:00,2025-12-05 12:15:00,,,,0,0,0,0,0,0,na,na
gdelt_93fd3450,hr,Crna Gora : Crkva čuva ratnog zločinca Pavla Đurišića – DW – 10 . 8 . 2025 . ,2025-08-10 18:45:00,2025-08-10 18:45:00,2025-08-10 00:00:00,2025-01-01 00:00:00,year,2025,1,1,1,1,1,1,tie,tie
gdelt_9408df13,ru,Роскомнадзор отказался разблокировать Roblox в России,2026-01-12 23:45:00,2026-01-12 23:45:00,2026-01-12 23:45:00,,,,0,0,0,0,0,0,na,na
gdelt_944fd896,es,Lula pide a Trump que reflexione sobre importancia de Brasil y negocie aranceles,2025-07-29 11:45:00,2025-07-29 11:45:00,2025-07-01 00:00:00,,,,0,0,0,0,0,0,na,na
gdelt_94dd0d9f,uk,"Після аварії , яка вбила моїх друзів , мене паралізувало - але врятував танець",2026-03-23 02:45:00,2026-03-23 02:45:00,2026-03-23 02:45:00,,,,0,0,0,0,0,0,na,na
gdelt_951fbfb7,en,Ravens to hire Declan Doyle as offensive coordinator : Source,2026-01-31 06:30:00,2026-01-31 06:30:00,2026-01-31 06:30:00,,,,0,0,0,0,0,0,na,na
gdelt_952ab67b,fr,Le ministère chinois des AE met en garde contre la remise en cause par le Japon de lordre international daprès - guerre - Xinhua,2026-02-15 10:00:00,2026-02-15 10:00:00,2026-02-15 10:00:00,,,,0,0,0,0,0,0,na,na
gdelt_952d8de0,sq,OBSH : Mbi një miliardë njerëz në botë me sëmundje psikike – DW – 08 / 09 / 2025,2025-09-08 14:45:00,2025-09-08 14:45:00,2025-09-08 00:00:00,2025-01-01 00:00:00,year,08 / 09 / 2025,1,1,1,1,1,1,tie,tie
gdelt_953b2d1b,en,Nicolas Sarkozy illegal campaign financing conviction upheld,2025-11-27 00:00:00,2025-11-27 00:00:00,2025-11-27 00:00:00,,,,0,0,0,0,0,0,na,na
gdelt_955b66e6,en,China and India resume direct flights after five - year hiatus,2025-10-27 20:45:00,2025-05-27 00:00:00,2025-05-01 00:00:00,,,,0,0,0,0,0,0,na,na
gdelt_95e07769,bg,До Осака и назад : ЕКСПО 2025 през погледа на един българин – DW – 21 . 09 . 2025,2025-09-21 23:15:00,2025-09-21 23:15:00,2025-01-01 00:00:00,2025-01-01 00:00:00,year,2025,1,1,1,1,1,1,tie,tie
gdelt_96c157cb,es,Milei y el desafío de controlar la SIDE en Argentina – DW – 08 / 01 / 2026,2026-01-09 03:15:00,2026-01-09 03:15:00,2026-01-08 00:00:00,2026-01-01 00:00:00,year,08 / 01 / 2026,1,1,1,1,1,1,tie,tie
gdelt_971fbd12,en,Thursday Murder Club : Pierce Brosnan felt  huge responsibility  towards fans of the book,2025-08-24 13:00:00,2025-08-21 00:00:00,2025-08-21 00:00:00,,,,0,0,0,0,0,0,na,na
gdelt_973302c2,en,Trilateral Ukraine talks to resume in Abu Dhabi on Wednesday : Zelenskyy,2026-02-01 23:00:00,2026-01-28 00:00:00,2026-01-28 00:00:00,,,,0,0,0,0,0,0,na,na
gdelt_975767c9,uk,Зеленський : Європа могла б позичити Києву ЗРК Patriot – DW – 10 . 11 . 2025,2025-11-10 18:15:00,2025-11-10 18:15:00,2025-11-10 00:00:00,2025-01-01 00:00:00,year,2025,1,1,1,1,1,1,tie,tie
gdelt_976a894d,en,Jack Wilshere : Luton Town name ex - Arsenal and England midfielder as manager,2025-10-13 19:15:00,2025-10-13 19:15:00,2025-10-13 19:15:00,,,,0,0,0,0,0,0,na,na
gdelt_977f49ba,en,County Sligo : Four men rescued from Benbulben mountain,2025-06-10 19:45:00,2025-06-10 19:45:00,2025-06-10 19:45:00,,,,0,0,0,0,0,0,na,na
gdelt_979f4b3e,en,Donald Trump 50 % steel and aluminium tariffs take effect | Business and Economy News,2025-06-04 18:00:00,2025-06-04 18:00:00,2025-06-04 18:00:00,,,,0,0,0,0,0,0,na,na
gdelt_97f1cf72,en,  Far too late : Palestinians despair after UN declares famine in Gaza,2025-08-24 02:45:00,2025-08-24 02:45:00,2025-08-24 02:45:00,,,,0,0,0,0,0,0,na,na
gdelt_982101d0,cy,  I was fined £100 for a poo my dog didnt do  ,2025-10-29 16:00:00,2025-10-29 16:00:00,2025-01-01 00:00:00,,,,0,0,0,0,0,0,na,na
gdelt_987742f6,en,Sean Payton chases history : Broncos coach vision puts unique Super Bowl feat in reach,2026-01-18 02:15:00,2026-01-18 02:15:00,2026-01-18 02:15:00,,,,0,0,0,0,0,0,na,na
gdelt_98cc6deb,en,Nephrops : Scientists play hide - and - seek with peek - a - boo prawns,2026-03-15 16:00:00,2026-03-15 16:00:00,2026-03-15 16:00:00,,,,0,0,0,0,0,0,na,na
gdelt_98d0a63e,fa,پاپ لئو شدیدترین انتقاد خود از ترامپ را مطرح کرد,2025-11-06 09:15:00,2025-11-06 09:15:00,2025-11-06 09:15:00,,,,0,0,0,0,0,0,na,na
gdelt_98e44a51,ko,期待春晚  硅基舞团  加速舞进现实 - 新华网,2026-02-17 13:45:00,2026-02-17 13:45:00,2026-02-17 13:45:00,,,,0,0,0,0,0,0,na,na
gdelt_990618d9,uk,"РФ атакувала Кривий Ріг , Херсон і Запоріжжя , є поранені",2026-02-17 06:00:00,2026-02-17 06:00:00,2026-02-17 06:00:00,,,,0,0,0,0,0,0,na,na
gdelt_9950e470,en,"LIVE : Israel hits Gaza with wave of attacks on first day of Eid , killing 42 | Israel - Palestine conflict News",2025-06-07 04:45:00,2025-06-07 04:45:00,2025-06-07 04:45:00,,,,0,0,0,0,0,0,na,na
gdelt_999e0c85,fr,"Indonésie : 15 morts et 19 blessés dans un accident de bus dans la ville de Semarang , dans l  île de Java - Xinhua",2025-12-22 13:30:00,2025-12-22 13:30:00,2025-12-22 13:30:00,,,,0,0,0,0,0,0,na,na
gdelt_99a1e920,en,"Cuba crisis explained : Who holds power , and could Diaz - Canel be replaced ? ",2026-04-01 04:15:00,2026-04-01 04:15:00,2026-04-01 04:15:00,,,,0,0,0,0,0,0,na,na
gdelt_99c91a31,zh-cn,土耳其 、 沙特等七国外长一致同意维护加沙停火协议 - 新华网,2025-11-04 10:00:00,2025-11-04 10:00:00,2025-11-04 10:00:00,,,,0,0,0,0,0,0,na,na
gdelt_99cfd749,fi,Zelenskyy eyes invite to Trump - Putin talks in Budapest,2025-10-20 19:45:00,2025-10-20 19:45:00,2025-10-20 19:45:00,,,,0,0,0,0,0,0,na,na
gdelt_99d58eed,en,Alvin Tan on strengthening global competitiveness of Singapore water tech companies,2026-03-06 12:00:00,2026-03-06 12:00:00,2026-03-06 12:00:00,,,,0,0,0,0,0,0,na,na
gdelt_99de2552,en,Max Maeder wins maiden SEA Games gold with a day to spare,2025-12-19 15:30:00,2025-12-19 15:30:00,2025-12-18 15:30:00,,,,0,0,0,0,0,0,na,na
gdelt_9a94038b,sl,Možemo li i virtualno stvoriti „ prave  prijatelje ? – DW – 26 . 10 . 2025,2025-10-26 19:45:00,2025-10-26 19:45:00,2025-10-26 00:00:00,2025-01-01 00:00:00,year,2025,1,1,1,1,1,1,tie,tie
gdelt_9ab43174,hi,"ऑफिस ही नहीं , किचन का काम भी आसान कर रहा एआई – DW – 23 . 12 . 2025",2025-12-23 17:30:00,2025-12-23 17:30:00,2025-12-23 00:00:00,2025-01-01 00:00:00,year,2025,1,1,1,1,1,1,tie,tie
gdelt_9b6ba15a,hu,A menos cerveza ... Heineken recortará hasta 6 . 000 empleos,2026-02-11 19:00:00,2026-02-11 19:00:00,2026-02-11 19:00:00,,,,0,0,0,0,0,0,na,na
gdelt_9b976f8f,en,China Eastern Airlines to resume flights to India after five - year freeze,2025-10-18 16:00:00,2025-05-18 00:00:00,2025-05-01 00:00:00,,,,0,0,0,0,0,0,na,na
gdelt_9bb49647,en,"Commentary : As Singapore turns 60 , what kind of society do we want to build ? ",2025-08-08 06:30:00,2025-08-08 06:30:00,2025-08-06 00:00:00,,,,0,0,0,0,0,0,na,na
gdelt_9be42bed,ko,研究 ： 全面应用公交车自动驾驶可缩短候车时间,2026-01-18 18:15:00,2026-01-18 18:15:00,2026-01-18 18:15:00,,,,0,0,0,0,0,0,na,na
gdelt_9be97e93,en,How long can Israel sustain a military conflict with Iran ? ,2026-03-04 18:45:00,2026-03-04 18:45:00,2026-03-04 18:45:00,,,,0,0,0,0,0,0,na,na
gdelt_9c97c227,tr,Suriye paradan iki sıfır atıyor – DW – 24 . 08 . 2025,2025-08-24 18:45:00,2025-08-24 18:45:00,2025-08-24 00:00:00,2025-01-01 00:00:00,year,2025,1,1,1,1,1,1,tie,tie
gdelt_9d401006,no,Massive sinkhole opens up outside Bangkok hospital,2025-09-25 18:15:00,2025-09-25 18:15:00,2025-09-25 18:15:00,,,,0,0,0,0,0,0,na,na
gdelt_9d995a55,fr,Chine : le métro de Guangzhou accepte les cartes bancaires internationales sans contact - Xinhua,2025-10-13 13:30:00,2025-10-13 13:30:00,2025-10-13 13:30:00,,,,0,0,0,0,0,0,na,na
gdelt_9df1ec3e,en,"Mikaela Shiffrin , with second - run rally , wins her sixth straight World Cup slalom",2025-12-29 04:00:00,2025-12-29 04:00:00,2025-12-29 04:00:00,,,,0,0,0,0,0,0,na,na
gdelt_9df34b9f,ko,中 세 번째 중대 건설 프로젝트 목록 발표 ... 56조원 이상 지원할 것 - Xinhua,2025-07-04 11:00:00,2025-07-04 11:00:00,2025-07-04 11:00:00,,,,0,0,0,0,0,0,na,na
gdelt_9dff5a4e,de,News kompakt : Ukraine begrt US - Gesandten Keith Kellogg – DW – 14 . 07 . 2025,2025-07-14 15:30:00,2025-07-14 15:30:00,2025-07-14 00:00:00,2025-01-01 00:00:00,year,2025,1,1,1,1,1,1,tie,tie
gdelt_9dffefa9,en,Scottish Borders Council warns of more bin collection disruption,2025-06-10 00:30:00,2025-06-10 00:30:00,2025-06-10 00:30:00,,,,0,0,0,0,0,0,na,na
gdelt_9e476f1b,ru,Axios : Трамп усомнился в способности повлиять на Путина – DW – 14 . 09 . 2025,2025-09-14 19:30:00,2025-09-14 19:30:00,2025-09-14 00:00:00,2025-01-01 00:00:00,year,2025,1,1,1,1,1,1,tie,tie
gdelt_9eb518d2,zh-cn,持续刷新纪录 ， 港口  晴雨表  折射中国经济发展活力 - 新华网,2026-01-05 11:30:00,2026-01-05 11:30:00,2026-01-05 11:30:00,,,,0,0,0,0,0,0,na,na
gdelt_9f0cfd7e,en,Why is India forcing 80 million people to justify their right to vote ? ,2025-07-10 17:45:00,2025-07-10 17:45:00,2025-07-10 17:45:00,,,,0,0,0,0,0,0,na,na
gdelt_9f1decf0,it,Dutch police use water cannon to disperse anti - immigration protestors,2025-09-21 01:15:00,2025-09-21 01:15:00,2025-09-21 01:15:00,,,,0,0,0,0,0,0,na,na
gdelt_9f448a62,en,ASEAN - China free trade upgrade should be ratified swiftly : PM Wong,2025-10-28 13:00:00,2025-10-28 13:00:00,2025-10-28 13:00:00,,,,0,0,0,0,0,0,na,na
gdelt_9f4e117a,es,China publica plan de acción para impulsar el consumo en mayor medida,2025-11-26 20:15:00,2025-11-26 20:15:00,2025-11-26 20:15:00,,,,0,0,0,0,0,0,na,na
gdelt_9f70d944,zh-cn,刘宁到开封顺河回族区禹王台区鼓楼区调研 - 新华网河南频道,2025-11-13 10:45:00,2025-11-13 10:45:00,2025-11-13 10:45:00,,,,0,0,0,0,0,0,na,na
gdelt_9f71967a,en,"Vikas Nath caught spiking woman drink in Annabel , jury told",2026-02-03 05:45:00,2026-02-03 05:45:00,2026-02-03 05:45:00,,,,0,0,0,0,0,0,na,na
gdelt_9f8442d2,en,Trump denies top US officer warned of Iran strike risks,2026-02-24 09:00:00,2026-02-24 09:00:00,2026-02-24 09:00:00,,,,0,0,0,0,0,0,na,na
gdelt_9f8adfa9,en,"Geopolitical Tensions , Tariffs and Tragedy to Shadow Paris Air Show",2025-06-14 04:00:00,2025-06-14 04:00:00,2025-06-14 04:00:00,,,,0,0,0,0,0,0,na,na
gdelt_9fec1a09,ru,Украинские беспилотники атаковали Северную Осетию,2026-01-18 20:30:00,2026-01-18 20:30:00,2026-01-18 20:30:00,,,,0,0,0,0,0,0,na,na
gdelt_a00894e0,ar,دراسة : من لا يمارسون الجنس أذكى من غيرهم ! – DW – 2025 / 9 / 25,2025-09-25 18:15:00,2025-09-25 18:15:00,2025-01-01 00:00:00,2025-01-01 00:00:00,year,2025 / 9 / 25,1,1,1,1,1,1,tie,tie
gdelt_a01a0af9,zh-cn,武威重离子已治疗患者超过2800例 - 新华网,2026-03-26 14:00:00,2026-03-26 14:00:00,2026-03-26 14:00:00,,,,0,0,0,0,0,0,na,na
gdelt_a01c7884,en,"Wild gold medalists reflect on  hectic  week , making sure theyre ready for NHL return",2026-02-27 06:15:00,2026-02-27 06:15:00,2026-02-27 06:15:00,,,,0,0,0,0,0,0,na,na
gdelt_a02a7076,en,UN pushes nations to submit overdue climate plans,2025-09-03 21:45:00,2025-09-03 21:45:00,2025-09-03 21:45:00,,,,0,0,0,0,0,0,na,na
gdelt_a06dbe44,en,  We need a real solution : Gazans welcome aid plan but fear it will not end crisis,2025-07-27 18:45:00,2025-07-27 18:45:00,2025-07-30 00:00:00,,,,0,0,0,0,0,0,na,na
gdelt_a09437a6,uk,Генштаб підтвердив ураження низки об  єктів у РФ,2026-02-16 01:30:00,2026-02-16 01:30:00,2026-02-16 01:30:00,,,,0,0,0,0,0,0,na,na
gdelt_a0a6b426,da,Killer left partner to die after attacking her at Chester home,2026-02-26 05:15:00,2026-02-26 05:15:00,2026-02-26 05:15:00,,,,0,0,0,0,0,0,na,na
gdelt_a0a6d129,ca,Delegación del PCCh visita Brasil | Spanish . xinhuanet . com,2025-06-09 00:15:00,2025-06-09 00:15:00,2025-06-09 00:15:00,,,,0,0,0,0,0,0,na,na
gdelt_a0ac85ce,en,Royal Parks Half runner dies after collapsing at finish line,2025-10-15 19:00:00,2025-10-15 19:00:00,2025-10-15 19:00:00,,,,0,0,0,0,0,0,na,na
gdelt_a0bd360f,en,"Russia - Ukraine war : List of key events , day 1 , 380",2025-12-05 10:15:00,2025-12-05 10:15:00,2025-12-05 10:15:00,,,,0,0,0,0,0,0,na,na
gdelt_a0f5f213,zh-cn,文化新观察|广电视听精品创作 ， 路在何方 ？- 新华网,2025-10-30 10:00:00,2025-10-30 10:00:00,2025-10-30 10:00:00,,,,0,0,0,0,0,0,na,na
gdelt_a10f0cf2,en,Xi to Modi : the Chinese  dragon  and the Indian  elephant  need to be friends,2025-08-31 15:30:00,2025-08-31 15:30:00,2025-08-31 15:30:00,,,,0,0,0,0,0,0,na,na
gdelt_a1c46024,pt,"Quem é Zohran Mamdani , o prefeito eleito de Nova York – DW – 05 / 11 / 2025",2025-11-05 17:15:00,2025-11-05 17:15:00,2025-11-05 00:00:00,2025-01-01 00:00:00,year,05 / 11 / 2025,1,1,1,1,1,1,tie,tie
gdelt_a1f964e8,en,"Three people suffer serious side effects after taking potent products for knee pain , slimming",2026-03-18 15:15:00,2026-03-18 15:15:00,2026-03-18 15:15:00,,,,0,0,0,0,0,0,na,na
gdelt_a208e18f,fr,La Chine est prête à apporter de nouvelles contributions à la gouvernance marine mondiale ( ministre des AE ) - Xinhua,2026-03-26 11:00:00,2026-03-26 11:00:00,2026-03-26 11:00:00,,,,0,0,0,0,0,0,na,na
gdelt_a21da2cc,en,Doctor suspended for three years for forging MCs to cover her own absences at SGH,2025-09-10 13:45:00,2022-09-10 13:45:00,2025-09-10 13:45:00,,,,0,0,0,0,0,0,na,na
gdelt_a21f55b2,en,Starmer backs down in farm tax row - but why now ? ,2025-12-24 19:45:00,2025-12-24 19:45:00,2025-12-24 19:45:00,,,,0,0,0,0,0,0,na,na
gdelt_a22398a1,en,Has Bangladesh new PM named student leaders to his cabinet ? | Explainer News,2026-02-18 01:45:00,2026-02-18 01:45:00,2026-02-18 01:45:00,,,,0,0,0,0,0,0,na,na
gdelt_a2773ddf,en,  It still hurts your soul : Inside the Japanese Grand Prix vanishing F1 challenge,2026-03-29 10:30:00,2026-03-29 10:30:00,2026-03-29 10:30:00,,,,0,0,0,0,0,0,na,na
gdelt_a2eb1c2a,ur,بلیک ستمبر : کیا 1970 میں فلسطینیوں کے  قتل عام  میں ضیاالحق بھی ملوث تھے ؟ ,2025-08-17 11:15:00,2025-08-17 11:15:00,2025-08-01 00:00:00,1970-01-01 00:00:00,year,1970,1,1,0,0,0,0,tie,tie
gdelt_a32b3141,en,Thailand and Cambodia agree on ceasefire to end weeks of deadly fighting,2025-12-27 13:45:00,2025-12-27 13:45:00,2025-12-27 13:45:00,,,,0,0,0,0,0,0,na,na
gdelt_a37ef54f,en,China Communist Party to finalise next five - year plan,2025-10-20 13:30:00,2025-05-20 00:00:00,2026-05-01 00:00:00,,,,0,0,0,0,0,0,na,na
gdelt_a3a7aff0,so,Netanyahu oo ka welwelsan qorshaha Madaxweyne Trump,2026-01-19 02:00:00,2026-01-19 02:00:00,2026-11-01 00:00:00,,,,0,0,0,0,0,0,na,na
gdelt_a40f21e6,en,"Malaysia PN opposition coalition appoints PAS VP Ahmad Samsuri Mokhtar as chairman , replacing Muhyiddin",2026-02-23 17:15:00,2026-02-23 17:15:00,2026-02-23 17:15:00,,,,0,0,0,0,0,0,na,na
gdelt_a435be60,hr, „ Lažna dihotomija Bosne  – kako se proizvodi podela – DW – 30 . 9 . 2025 . ,2025-09-30 16:15:00,2025-09-30 16:15:00,2025-09-30 00:00:00,2025-01-01 00:00:00,year,2025,1,1,1,1,1,1,tie,tie
gdelt_a4776899,en,"Absence of Ben Kindel , Harrison Brunicke shows in Penguin loss : 10 observations",2025-10-26 19:45:00,2025-10-26 19:45:00,2025-10-26 19:45:00,,,,0,0,0,0,0,0,na,na
gdelt_a49c8b4a,en,Selena Gomez marries music producer Benny Blanco in California,2025-09-28 17:15:00,2025-09-28 17:15:00,2025-09-28 17:15:00,,,,0,0,0,0,0,0,na,na
gdelt_a4b2cf0a,fr,Un indice révèle lamélioration de l  économie maritime chinoise - Xinhua,2025-06-09 11:00:00,2025-06-09 11:00:00,2025-06-09 11:00:00,,,,0,0,0,0,0,0,na,na
gdelt_a4bf535a,en,"Who wins the F1 championship ? Six scenarios ; Plus , Hadjar math - y race helmet",2025-10-11 03:15:00,2025-10-11 03:15:00,2025-10-01 00:00:00,,,,0,0,0,0,0,0,na,na
gdelt_a4fe315a,fr,Mexique : 62 morts dans les violences après la mort du baron de la drogue El Mencho - Xinhua,2026-02-24 22:45:00,2026-02-24 22:45:00,2026-02-24 22:45:00,,,,0,0,0,0,0,0,na,na
gdelt_a56ae3d2,en,Trump 100 % tariff threat : History of US trade measures against China | Donald Trump News,2025-10-14 00:30:00,2025-10-14 00:30:00,2025-10-14 00:30:00,,,,0,0,0,0,0,0,na,na
gdelt_a6a00cd4,ko,浙江庆元加快培育荒野茶品牌 - 新华网,2025-08-24 12:45:00,2025-08-24 12:45:00,2025-08-24 12:45:00,,,,0,0,0,0,0,0,na,na
gdelt_a73ae2aa,en,"Income Insurance , NCSS launch new S$10m grant for social service agencies to support caregivers",2025-07-26 01:30:00,2025-07-26 01:30:00,2025-07-26 01:30:00,,,,0,0,0,0,0,0,na,na
gdelt_a77d90fe,af,"D - Day veteran Jim Glennie , 100 , awarded honorary Aberdeen degree",2025-10-15 03:15:00,2025-10-15 03:15:00,2025-10-10 00:00:00,,,,0,0,0,0,0,0,na,na
gdelt_a7b6f739,en,"Japan vs . Korea score , live updates : World Baseball Classic game tied in sixth inning",2026-03-07 20:15:00,2026-03-07 20:15:00,2026-03-07 20:15:00,,,,0,0,0,0,0,0,na,na
gdelt_a7ec91fe,uk,Антиурядові протести у Сербії не вщухають кілька діб поспіль – DW – 17 . 08 . 2025,2025-08-17 17:00:00,2025-08-17 17:00:00,2025-08-17 00:00:00,2025-01-01 00:00:00,year,2025,1,1,1,1,1,1,tie,tie
gdelt_a8509975,en,LegCo : Hong Kong to vote in election as city mourns deadly fire,2025-12-07 09:45:00,2025-12-07 09:45:00,2025-12-07 09:45:00,,,,0,0,0,0,0,0,na,na
gdelt_a86a35ff,en,Venezuela Machado taunts Maduro government after dramatic exit to Oslo | Nicolas Maduro News,2025-12-11 23:15:00,2025-12-11 23:15:00,2025-12-11 23:15:00,,,,0,0,0,0,0,0,na,na
gdelt_a88800eb,zh-cn,中国体育彩票安心购彩守护行动走进北京亦庄 - 新华网,2025-12-28 13:00:00,2025-12-28 13:00:00,2025-12-28 13:00:00,,,,0,0,0,0,0,0,na,na
gdelt_a8cf02e8,en,Did God want Trump to bomb Iran ? ,2025-07-02 23:30:00,2025-07-02 23:30:00,2025-07-02 23:30:00,,,,0,0,0,0,0,0,na,na
gdelt_a8e525bf,en,"India Supreme Court upholds rights of poorest - but language reveals  bia , study says",2025-12-02 10:15:00,2025-12-02 10:15:00,2025-12-02 10:15:00,,,,0,0,0,0,0,0,na,na
gdelt_a9087aee,en,Germany updates : Finance Minister in Washington for talks – DW – 08 / 04 / 2025,2025-08-04 19:00:00,2025-08-04 00:00:00,2025-08-04 00:00:00,2025-01-01 00:00:00,year,08 / 04 / 2025,1,1,1,1,1,1,tie,tie
gdelt_a90c47e0,en,Live : More than 500 people to lose jobs as Jetstar Asia closes,2025-06-11 10:00:00,2025-06-11 10:00:00,2025-06-11 10:00:00,,,,0,0,0,0,0,0,na,na
gdelt_a94d9fe3,vi,"AI sẽ thay thế phần lớn con người , sau đó thì sao nữa ? ",2025-08-25 10:00:00,2025-08-25 10:00:00,2025-08-25 10:00:00,,,,0,0,0,0,0,0,na,na
gdelt_aa130aef,ru,Ракетний удар по Дніпру : Уже 40 постраждалих – DW – 01 . 12 . 2025,2025-12-02 01:15:00,2025-12-02 01:15:00,2025-12-01 00:00:00,2025-01-01 00:00:00,year,2025,1,1,1,1,1,1,tie,tie
gdelt_aa4587ee,pl,Media : Niemcy planują wielki zakup czołgów – DW – 07 . 07 . 2025,2025-07-08 01:45:00,2025-07-08 01:45:00,2025-07-07 00:00:00,2025-01-01 00:00:00,year,2025,1,1,1,1,1,1,tie,tie
gdelt_aaa6bffc,en,"The longtime Tiong Bahru residents in post - war flats who wont budge , even for S$1 million",2026-01-07 09:30:00,2026-01-07 09:30:00,2026-01-07 09:30:00,,,,0,0,0,0,0,0,na,na
gdelt_aae87a6d,zh-cn,云南楚雄永仁 ： 一根  银丝  织就富民强县新画卷 _ 新华网,2026-01-19 09:45:00,2026-01-19 09:45:00,2026-01-19 09:45:00,,,,0,0,0,0,0,0,na,na
gdelt_aafd4f0c,en,Colombia Petro inks $4 . 3bn deal for 17 fighter jets amid regional tension | Military News,2025-11-15 15:30:00,2025-11-15 15:30:00,2025-11-15 15:30:00,,,,0,0,0,0,0,0,na,na
gdelt_ab2eee35,pt,Como aeroporto de Bogotá desbancou os de São Paulo e Cidade do México e se tornou o mais movimentado da América Latina,2025-09-01 03:00:00,2025-09-01 03:00:00,2025-12-01 00:00:00,,,,0,0,0,0,0,0,na,na
gdelt_ab79f60e,id,ESDM Buka Suara soal Gunung Lawu Dilelang buat Proyek – DW – 20 . 10 . 2025,2025-10-20 16:45:00,2025-10-20 16:45:00,2025-10-20 00:00:00,2025-01-01 00:00:00,year,2025,1,1,1,1,1,1,tie,tie
gdelt_ab851b49,sq,Sulmet kibernetike në aeroporte : Çfarë duhet të dini – DW – 22 / 09 / 2025,2025-09-23 01:00:00,2025-09-23 01:00:00,2025-09-22 00:00:00,2025-01-01 00:00:00,year,22 / 09 / 2025,1,1,1,1,1,1,tie,tie
gdelt_ab85c3f5,sl,Brazil : Over 100 killed in major Rio drugs raid – DW – 10 / 29 / 2025,2025-10-30 01:45:00,2025-10-30 01:45:00,2025-10-29 00:00:00,2025-01-01 00:00:00,year,10 / 29 / 2025,1,1,1,1,1,1,tie,tie
gdelt_ab960115,en,Trump warns new Venezuelan leader as Maduro set to appear in court,2026-01-05 11:15:00,2026-01-05 11:15:00,2026-01-05 11:15:00,,,,0,0,0,0,0,0,na,na
gdelt_ab9de25f,en,"Michael Johnson : Grand Slam Track founder to give back $500 , 000 payment",2026-03-26 11:00:00,2026-03-26 11:00:00,2026-03-26 11:00:00,,,,0,0,0,0,0,0,na,na
gdelt_abc85122,en,Man in China jailed 4 years for poisoning and killing 9 pet dogs,2025-12-12 18:15:00,2021-12-12 18:15:00,2025-12-12 18:15:00,,,,0,0,0,0,0,0,na,na
gdelt_ac1ea42d,en,  The Swiftologist : A full - time Taylor Swift content creator in Singapore,2025-10-22 17:45:00,2025-10-22 17:45:00,2025-10-22 17:45:00,,,,0,0,0,0,0,0,na,na
gdelt_ac31d8ca,ru,Марк Рютте : Статус украинских территорий обсуждать придется – DW – 11 . 08 . 2025,2025-08-11 19:15:00,2025-08-11 19:15:00,2025-08-11 00:00:00,2025-01-01 00:00:00,year,2025,1,1,1,1,1,1,tie,tie
gdelt_ac3e7f64,en,Thailand and Cambodia militaries clash at disputed border,2025-07-24 12:00:00,2025-07-24 12:00:00,2025-07-24 12:00:00,,,,0,0,0,0,0,0,na,na
gdelt_ac90fc95,en,Judge blocks Trump attempts to deploy troops to Portland – DW – 10 / 06 / 2025,2025-10-06 12:45:00,2025-10-06 00:00:00,2025-10-06 00:00:00,2025-01-01 00:00:00,year,10 / 06 / 2025,1,1,1,1,1,1,tie,tie
gdelt_ace7f6bd,id,"Hormuz Memanas , AS Tunda Serangan ke Fasilitas Energi Iran",2026-03-27 23:15:00,2026-03-27 23:15:00,2026-03-25 00:00:00,,,,0,0,0,0,0,0,na,na
gdelt_ad1070e8,pl,Trump straszy cłami . Tak odpowiada Berlin,2026-01-20 01:30:00,2026-01-20 01:30:00,2026-01-20 01:30:00,,,,0,0,0,0,0,0,na,na
gdelt_ad1276bf,en,"Committee of Supply 2026 debate , Day 5 : Goh Hanyan on shared stake in climate adaptation",2026-03-04 12:30:00,2026-03-04 12:30:00,2026-01-01 00:00:00,2026-01-01 00:00:00,year,2026,1,1,1,1,1,1,tie,tie
gdelt_ad86b0b5,en,"Ukraine to share revised peace plan with US , Zelenskyy says",2025-12-09 05:15:00,2025-12-09 05:15:00,2025-12-09 05:15:00,,,,0,0,0,0,0,0,na,na
gdelt_ad965eaf,en,Two men convicted of sexually assaulting woman in hotel ; judge rejects consensual sex defence,2025-07-22 16:15:00,2025-07-22 16:15:00,2025-07-22 16:15:00,,,,0,0,0,0,0,0,na,na
gdelt_adcc693e,pt,Lula na Assembleia Geral da ONU : presidente brasileiro chega fortalecido ou isolado ? ,2025-09-23 07:30:00,2025-09-23 07:30:00,2025-09-23 07:30:00,,,,0,0,0,0,0,0,na,na
gdelt_ae1ce663,en,Meet Singapore only authorised cuckoo clock repair specialist,2025-08-29 11:30:00,2025-08-29 11:30:00,2025-08-29 11:30:00,,,,0,0,0,0,0,0,na,na
gdelt_ae467881,zh-cn,十五运会和残特奥会倒计时100天启动仪式在深圳举行 - 新华网,2025-08-03 09:15:00,2025-04-25 09:15:00,2025-04-25 09:15:00,,,,0,0,0,0,0,0,na,na
gdelt_ae575239,en,"Jail for man who scuffled with another driver over lane - cutting , hurt him with scissors",2025-06-02 14:45:00,2025-06-02 14:45:00,2025-06-02 14:45:00,,,,0,0,0,0,0,0,na,na
gdelt_ae81566b,en,"Budget 2026 : Rebates for scrapping cars early to be reduced , cap lowered",2026-02-12 18:45:00,2026-02-12 18:45:00,2026-01-01 00:00:00,2026-01-01 00:00:00,year,2026,1,1,1,1,1,1,tie,tie
gdelt_aef8bb90,en,Ukraine accuses Hungary of sending spy drones into its airspace,2025-09-27 02:45:00,2025-09-27 02:45:00,2025-09-27 02:45:00,,,,0,0,0,0,0,0,na,na
gdelt_aefbe734,en,  Today is your opportunity : Behind the scenes at a Premier League academy,2025-10-16 14:00:00,2025-10-16 14:00:00,2025-10-16 14:00:00,2025-10-16 00:00:00,day,Today,1,1,1,1,1,1,tie,tie
gdelt_af04fe46,es,Publicarán artículo de Xi sobre firme promoción de apertura de alto nivel,2025-07-15 21:15:00,2025-07-15 21:15:00,2025-07-15 21:15:00,,,,0,0,0,0,0,0,na,na
gdelt_b056e195,en,What is wrong with the Blues at home this season ?  Good question … I dont know  ,2025-10-24 20:30:00,2025-10-24 20:30:00,2025-10-24 20:30:00,,,,0,0,0,0,0,0,na,na
gdelt_b05b4ff4,en,UK fighter jets begin NATO air defence mission over Poland,2025-09-21 06:45:00,2025-09-21 06:45:00,2025-09-21 06:45:00,,,,0,0,0,0,0,0,na,na
gdelt_b06b7f9b,ko,探访海南三沙永兴岛 赵述岛  海上公交 - 新华网,2026-03-23 00:15:00,2026-03-23 00:15:00,2026-03-23 00:15:00,,,,0,0,0,0,0,0,na,na
gdelt_b07855b8,en,Japan PM hopeful Takaichi avoids WWII shrine visit amid political tussle,2025-10-17 15:45:00,2025-10-17 15:45:00,2025-10-17 15:45:00,,,,0,0,0,0,0,0,na,na
gdelt_b08dd784,uk,"ФРН має намір висилати сирійців , яким відмовляють у притулку – DW – 13 . 10 . 2025",2025-10-13 17:00:00,2025-10-13 17:00:00,2025-10-13 00:00:00,2025-01-01 00:00:00,year,2025,1,1,1,1,1,1,tie,tie
gdelt_b0b37fdf,en,From NYT 10 Best Books of 2025 : A . O . Scott on Kiran Desai New Novel,2025-12-02 20:00:00,2025-12-02 00:00:00,2025-01-01 00:00:00,,,,0,0,0,0,0,0,na,na
gdelt_b0c2052d,fr,Les Etats - Unis vont cesser de percevoir certains droits de douane suite à la décision de la Cour suprême - Xinhua,2026-02-24 18:15:00,2026-02-24 18:15:00,2026-02-24 18:15:00,,,,0,0,0,0,0,0,na,na
gdelt_b0f2c131,en,"Rockets vs . Thunder live updates : How to watch NBA opening night game , start time , predictions and latest",2025-10-22 07:15:00,2025-10-22 07:15:00,2025-10-22 07:15:00,,,,0,0,0,0,0,0,na,na
gdelt_b0ffa460,es,Albanese celebra  histórico  veto de redes a menores de edad – DW – 10 / 12 / 2025,2025-12-10 12:30:00,2025-12-10 12:30:00,2025-12-10 00:00:00,2025-01-01 00:00:00,year,10 / 12 / 2025,1,1,1,1,1,1,tie,tie
gdelt_b155061b,zh-cn,第四届北京人工智能产业创新发展大会在京开幕 - 新华网,2026-03-01 11:15:00,2026-03-01 11:15:00,2026-03-01 11:15:00,,,,0,0,0,0,0,0,na,na
gdelt_b16b7810,fa,هنگام وقوع زلزله چه باید کرد ؟ - BBC News فارسی,2025-09-01 17:15:00,2025-09-01 17:15:00,2025-09-01 17:15:00,,,,0,0,0,0,0,0,na,na
gdelt_b2676ac1,sw,Trump ajitosa katika jitihada za kutafuta amani Sudan – DW – 20 . 11 . 2025,2025-11-20 19:00:00,2025-11-20 00:00:00,2025-11-20 00:00:00,2025-01-01 00:00:00,year,2025,1,1,1,1,1,1,tie,tie
gdelt_b290a681,ko,锻造  投资江苏  金招牌 ， 打造高水平对外开放新高地 _ 新华网江苏频道,2026-01-06 09:45:00,2026-01-06 09:45:00,2026-01-06 09:45:00,,,,0,0,0,0,0,0,na,na
gdelt_b3187902,en,UN official warns Gaza risks  lost generation  as schools lie in ruins,2025-10-25 04:15:00,2025-10-25 04:15:00,2025-10-25 04:15:00,,,,0,0,0,0,0,0,na,na
gdelt_b39cad64,uk,Виїжджати чи залишитися ? Наступ росіян змусив українців на Сході вирішувати,2025-09-14 21:15:00,2025-09-14 21:15:00,2025-09-14 21:15:00,,,,0,0,0,0,0,0,na,na
gdelt_b3bb819e,tr, büyklerin sponsoru Gain Medyaya kayyum atandı – DW – 16 . 12 . 2025,2025-12-16 19:15:00,2025-12-16 19:15:00,2025-12-16 00:00:00,2025-01-01 00:00:00,year,2025,1,1,1,1,1,1,tie,tie
gdelt_b3d879df,en,"  Unprecedented  36 , 000 Palestinians displaced in West Bank in one year : UN",2026-03-17 19:45:00,2036-03-17 00:00:00,2025-03-17 19:45:00,,,,0,0,0,0,0,0,na,na
gdelt_b4013b45,ar,كيف فرضت مظاهرات جيل Z تغييرات في نيبال ؟ ,2025-09-15 02:00:00,2025-09-15 02:00:00,2025-09-15 02:00:00,,,,0,0,0,0,0,0,na,na
gdelt_b4105437,fr,Trois scientifiques remportent le prix Nobel de physique pour leur découverte des phénomènes quantiques macroscopiques - Xinhua,2025-10-08 10:30:00,2025-10-08 10:30:00,2025-10-08 10:30:00,,,,0,0,0,0,0,0,na,na
gdelt_b44300e4,en,Cambodia evacuates a village on disputed border with Thailand as tensions rise,2025-11-14 05:30:00,2025-11-14 05:30:00,2025-11-14 05:30:00,,,,0,0,0,0,0,0,na,na
gdelt_b446ba9b,sw,Tetesi za soka Ulaya Jumapili : Reijnders mbioni kuhamia Man City,2025-06-08 13:15:00,2025-06-08 00:00:00,2025-06-08 00:00:00,,,,0,0,0,0,0,0,na,na
gdelt_b4906a06,bg,Жертви при стрелба в училище в Австрия . Какво е известно ? – DW – 10 . 06 . 2025,2025-06-10 18:45:00,2025-06-10 18:45:00,2025-06-10 00:00:00,2025-01-01 00:00:00,year,2025,1,1,1,1,1,1,tie,tie
gdelt_b4cb7cf9,zh-cn,2025年海峡两岸休闲农业发展 （ 海南 ） 研讨会开幕 - 新华网,2025-10-30 11:15:00,2025-10-30 00:00:00,2025-01-01 00:00:00,2025-01-01 00:00:00,year,2025年,1,1,1,1,1,1,tie,tie
gdelt_b4fee75e,af,Ukraine drones strike deep in Russian territory on eve of new talks,2025-06-02 10:00:00,2025-06-02 10:00:00,2025-06-02 10:00:00,,,,0,0,0,0,0,0,na,na
gdelt_b5156605,en,Buccaneers vs . Texans score and live updates : Stroud connects with Collins for opening TD,2025-09-16 07:30:00,2025-09-16 07:30:00,2025-09-16 07:30:00,,,,0,0,0,0,0,0,na,na
gdelt_b52e97f0,pt,O alemão que foi o  homem mais rico que já existiu  – DW – 16 / 12 / 2025,2025-12-17 04:15:00,2025-12-17 04:15:00,2025-12-16 00:00:00,2025-01-01 00:00:00,year,16 / 12 / 2025,1,1,1,1,1,1,tie,tie
gdelt_b53494ba,en,"Belarus , Russia conduct joint military drills amid NATO tensions",2025-09-16 05:30:00,2025-09-16 05:30:00,2025-09-16 05:30:00,,,,0,0,0,0,0,0,na,na
gdelt_b5a4f298,en,"Grading the Big 12 transfer portal classes , from Texas Tech  A  to Iowa State  D  ",2026-02-24 20:30:00,2026-02-24 20:30:00,2026-02-24 20:30:00,,,,0,0,0,0,0,0,na,na
gdelt_b5c26c9e,hr,FAZ : Vučić potrošio sav kredit koji mu je EU dao,2026-02-04 18:45:00,2026-02-04 18:45:00,2026-01-29 00:00:00,,,,0,0,0,0,0,0,na,na
gdelt_b5dd5895,en,How will the next Dalai Lama be chosen – and could there be two ? | Dalai Lama News,2025-07-02 16:00:00,2025-07-02 16:00:00,2025-07-02 16:00:00,,,,0,0,0,0,0,0,na,na
gdelt_b5e260a9,en,Bafta TV Awards 2026 : Aimee Lou Wood and Erin Doherty land double nominations,2026-03-24 21:15:00,2026-03-24 21:15:00,2026-01-01 00:00:00,2026-01-01 00:00:00,year,2026,1,1,1,1,1,1,tie,tie
gdelt_b62a2aa8,mk,В Волгограде из - за дронов произошли утечка и пожар на НПЗ – DW – 14 . 08 . 2025,2025-08-14 13:45:00,2025-08-14 13:45:00,2025-08-14 00:00:00,2025-01-01 00:00:00,year,2025,1,1,1,1,1,1,tie,tie
gdelt_b67a290c,en,"LIVE : Israeli attack wounds child , calls grow for next phase of Gaza truce | Conflict News",2025-12-08 02:45:00,2025-12-08 02:45:00,2025-12-08 02:45:00,,,,0,0,0,0,0,0,na,na
gdelt_b68cc099,sw,Marekani yasema imerejesha $500m kwa Venezuela,2026-02-04 12:15:00,2026-02-04 03:55:00,2026-02-04 12:15:00,,,,0,0,0,0,0,0,na,na
gdelt_b6a84534,tl,Super Typhoon Ragasa hits Hong Kong,2025-09-24 13:30:00,2025-09-24 13:30:00,2025-09-24 13:30:00,,,,0,0,0,0,0,0,na,na
gdelt_b6e9cdca,en,The business of saving nature,2026-01-22 18:15:00,2026-01-22 18:15:00,2026-01-22 18:15:00,,,,0,0,0,0,0,0,na,na
gdelt_b72cf619,en,"260 needy families in Singapore to each get up to S$1 , 500 in household and learning items",2025-10-19 00:00:00,2025-10-19 00:00:00,2025-10-19 00:00:00,,,,0,0,0,0,0,0,na,na
gdelt_b7601d03,en,Red carpet moments and politics at the Berlinale 2026,2026-02-16 18:45:00,2026-02-16 18:45:00,2026-01-01 00:00:00,2026-01-01 00:00:00,year,2026,1,1,1,1,1,1,tie,tie
gdelt_b7ccc984,en,Investigation reveals Israeli campaign to flatten Gaza town of Beit Hanoon,2026-01-26 16:00:00,2026-01-26 16:00:00,2026-01-26 16:00:00,,,,0,0,0,0,0,0,na,na
gdelt_b88013bc,en,India cuts consumption taxes to boost demand after Trump tariff blow | Business and Economy News,2025-09-04 09:15:00,2025-09-04 09:15:00,2025-09-04 09:15:00,,,,0,0,0,0,0,0,na,na
gdelt_b89e2b22,en,Malaysia Mahathir at 100 : Israel genocide in Gaza will not be forgotten | Israel - Palestine conflict News,2025-09-28 10:45:00,2025-09-28 10:45:00,2025-09-28 10:45:00,,,,0,0,0,0,0,0,na,na
gdelt_b8aeea51,zh-cn,机器人 、 AI与  黑灯工厂  从粮交会看中国粮食产业智能跃迁 - 新华网辽宁频道,2025-07-14 14:30:00,2025-07-14 14:30:00,2025-07-14 14:30:00,,,,0,0,0,0,0,0,na,na
gdelt_b97a1658,fa,سفر شگفت‌انگیز یک ستاره ؛ صلاح چگونه « پادشاه مصر » شد ؟ ,2025-08-24 22:00:00,2025-08-24 22:00:00,2025-08-24 22:00:00,,,,0,0,0,0,0,0,na,na
gdelt_b9a10528,en,"Dick Cheney , the controversial power behind the Bush throne , dead at 84",2025-11-04 22:00:00,2025-11-04 22:00:00,2025-11-04 22:00:00,,,,0,0,0,0,0,0,na,na
gdelt_ba6897cd,en,"Extendend interview : Dr Roham Alvandi on Iran , Britain , and the futures that might have been",2026-03-24 01:45:00,2026-03-24 01:45:00,2026-03-24 01:45:00,,,,0,0,0,0,0,0,na,na
gdelt_baf776a8,en,"Richard Carapaz interview :  When Im at altitude in Europe , I never feel that burden  ",2025-06-14 15:45:00,2025-06-14 15:45:00,2025-06-14 15:45:00,,,,0,0,0,0,0,0,na,na
gdelt_bba6601f,zh-cn,国庆 、 中秋  双节  将至 云南文旅推出秋季  旅游大礼包 _ 新华网,2025-09-25 10:30:00,2025-09-25 10:30:00,2025-09-25 10:30:00,,,,0,0,0,0,0,0,na,na
gdelt_bbf68014,en,VP Vance blames Democrats for looming US government shutdown,2025-09-30 14:00:00,2025-09-30 14:00:00,2025-09-30 14:00:00,,,,0,0,0,0,0,0,na,na
gdelt_bc50e1a6,uk,DeepState : Росіяни окупували Зелений Гай на Харківщині – DW – 17 . 08 . 2025,2025-08-17 17:00:00,2025-08-17 17:00:00,2025-08-17 00:00:00,2025-01-01 00:00:00,year,2025,1,1,1,1,1,1,tie,tie
gdelt_bc71d855,ko,绍兴市越城区  精康融合行动  助力精神障碍患者重拾生活信心 - 新华网,2025-12-08 22:15:00,2025-12-08 22:15:00,2025-12-08 22:15:00,,,,0,0,0,0,0,0,na,na
gdelt_bc7a7738,zh-cn,聚焦创新发展与全球视野 2025第二十二届中国并购年会在海口举行 - 新华网,2025-11-30 22:15:00,2025-11-30 22:15:00,2025-01-01 00:00:00,2025-01-01 00:00:00,year,2025,1,1,1,1,1,1,tie,tie
gdelt_bcab234a,mk,Кај притворот за Груби „ два плус два  не се четири,2026-02-25 17:30:00,2026-02-25 17:30:00,2026-02-25 17:30:00,,,,0,0,0,0,0,0,na,na
gdelt_bcde9245,en,Two Lebanese soldiers killed in Israeli drone explosion in southern Lebanon,2025-08-29 06:45:00,2025-08-29 06:45:00,2025-08-29 06:45:00,,,,0,0,0,0,0,0,na,na
gdelt_bcf6052a,en,UN official says Israel expanding Gaza operations would risk  catastrophic consequences  ,2025-08-06 13:30:00,2025-08-06 13:30:00,2025-08-06 13:30:00,,,,0,0,0,0,0,0,na,na
gdelt_bcfca2ed,en,Commentary : Indonesia makes a quiet return to Pyongyang,2025-10-15 07:00:00,2025-10-15 07:00:00,2025-10-15 07:00:00,,,,0,0,0,0,0,0,na,na
gdelt_bd5e2af7,es,"Turismo receptivo de China experimenta prometedor inicio de 2026 , impulsado por política de exención de visado",2026-01-19 23:30:00,2026-01-19 23:30:00,2026-01-01 00:00:00,2026-01-01 00:00:00,year,de 2026,1,1,1,1,1,1,tie,tie
gdelt_bdc84364,en,Contractors absorbing higher costs to complete projects on time amid Middle East war,2026-03-16 11:00:00,2026-03-16 11:00:00,2026-03-16 11:00:00,,,,0,0,0,0,0,0,na,na
gdelt_bdd67437,en,"Macron , Merz call for European resolve against  dark enlightenment  of authoritarianism",2025-10-04 03:15:00,2025-10-04 03:15:00,2025-10-04 03:15:00,,,,0,0,0,0,0,0,na,na
gdelt_be01bb8f,hr,Rasizam na tržištu nekretnina u Njemačkoj – DW – 28 . 12 . 2025,2025-12-28 22:00:00,2025-12-28 22:00:00,2025-12-28 00:00:00,2025-01-01 00:00:00,year,2025,1,1,1,1,1,1,tie,tie
gdelt_be8793bd,en,Vaping deaths :  A new generation of nicotine addicts  ,2025-10-08 05:15:00,2025-10-08 05:15:00,2025-10-08 05:15:00,,,,0,0,0,0,0,0,na,na
gdelt_bede4480,mk,Соработка со АфД : Се урива ли „ заштитниот ѕид ? ,2026-03-17 19:45:00,2026-03-17 19:45:00,2026-03-17 19:45:00,,,,0,0,0,0,0,0,na,na
gdelt_bedf90d0,ko,卖全球通路更宽 买全球体验更佳 - 新华网,2025-09-28 12:45:00,2025-09-28 12:45:00,2025-09-28 12:45:00,,,,0,0,0,0,0,0,na,na
gdelt_beeec0a1,es,Xi envía mensaje de felicitación a 39ª Cumbre de la Unión Africana,2026-02-15 12:00:00,2026-02-15 12:00:00,2026-02-01 00:00:00,,,,0,0,0,0,0,0,na,na
gdelt_bf095161,zh-cn,人民币市场汇价 （ 10月13日 ）- 新华网,2025-10-13 11:45:00,2010-10-13 00:00:00,2025-10-13 00:00:00,2025-10-13 00:00:00,day,10月13日,1,1,0,1,0,1,v2_better,v2_better
gdelt_bf86f2ee,sw,Viongozi wa Ulaya kukutana Paris kuijadili Ukraine – DW – 02 . 09 . 2025,2025-09-03 00:45:00,2025-09-03 00:00:00,2025-09-02 00:00:00,2025-01-01 00:00:00,year,2025,1,1,1,1,1,1,tie,tie
gdelt_bfb1f431,id,Posisi Eropa dalam perang AS – Israel dengan Iran,2026-03-10 13:45:00,2026-03-10 13:45:00,2026-03-10 13:45:00,,,,0,0,0,0,0,0,na,na
gdelt_bfebe34d,es,Asesinato de Patrice Lumumba regresa a los tribunales belgas,2026-01-25 18:15:00,2026-01-25 18:15:00,2026-01-01 00:00:00,,,,0,0,0,0,0,0,na,na
gdelt_c0124ac4,ko,单板滑雪 大跳台世界杯 ： 苏翊鸣夺冠 - 新华网,2025-12-07 11:15:00,2025-12-07 11:15:00,2025-12-07 11:15:00,,,,0,0,0,0,0,0,na,na
gdelt_c05d7259,en,Will Bangkok move to Singapore - style hawker centres kill the city street food scene ? ,2025-07-03 12:30:00,2025-07-03 12:30:00,2025-07-03 12:30:00,,,,0,0,0,0,0,0,na,na
gdelt_c0b0e1f9,fr,Le chef du Hezbollah promet de poursuivre la lutte contre Israël - Xinhua,2026-02-11 08:45:00,2026-02-11 08:45:00,2026-02-11 08:45:00,,,,0,0,0,0,0,0,na,na
gdelt_c0bfbf25,uk,Вночі Росія била по українських теплоелектростанціях,2026-02-03 16:15:00,2026-02-03 16:15:00,2026-02-03 16:15:00,,,,0,0,0,0,0,0,na,na
gdelt_c0c68c6a,zh-cn,经济学家 ： 德国目前的情形非常严峻 – DW – 2025年10月27日,2025-10-27 19:45:00,2025-10-27 00:00:00,2025-10-27 00:00:00,2025-10-27 00:00:00,day,2025年10月27日,1,1,1,1,1,1,tie,tie
gdelt_c0e05cb9,sw,Yafahamu mambo matatu yenye utata katika mswada wa fedha wa Kenya 2025,2025-06-10 17:45:00,2025-06-10 00:00:00,2025-01-01 00:00:00,2025-01-01 00:00:00,year,2025,1,1,1,1,1,1,tie,tie
gdelt_c11b179b,en,Arsenal agree deal for 16 - year - old Shamrock Rovers midfielder Victor Ozhianvuna,2025-08-24 18:00:00,2025-08-24 18:00:00,2025-08-01 00:00:00,,,,0,0,0,0,0,0,na,na
gdelt_c1b4f664,en,How a case about secularism in a Canadian province could affect the country as a whole,2026-03-23 08:45:00,2026-03-23 08:45:00,2026-03-23 08:45:00,,,,0,0,0,0,0,0,na,na
gdelt_c1bd875a,pl, „ Szokujące  i „ głupie . Trump atakuje partnerów z NATO,2026-03-18 18:15:00,2026-03-18 18:15:00,2026-03-18 18:15:00,,,,0,0,0,0,0,0,na,na
gdelt_c1bfb0d6,ur,پی آئی اے کی خریداری کے لیے عارف حبیب اور لکی گروپس کے درمیان مقابلہ : بولی 121 ارب روپے تک پہنچ گئی,2025-12-23 21:45:00,2025-12-23 21:45:00,2025-12-23 21:45:00,,,,0,0,0,0,0,0,na,na
gdelt_c1d1dd7d,en,Nimroy Hendricks : Social worker had concerns for killer child,2025-07-08 05:30:00,2025-07-08 05:30:00,2025-07-08 05:30:00,,,,0,0,0,0,0,0,na,na
gdelt_c1efbe66,ru,Renault изучает возможность производства БПЛА в Украине – DW – 09 . 06 . 2025,2025-06-09 10:00:00,2025-06-09 10:00:00,2025-06-09 00:00:00,2025-01-01 00:00:00,year,2025,1,1,1,1,1,1,tie,tie
gdelt_c1f1c80a,en,Woman fined for hiring maid illegally on rest days ; helper also penalised,2025-08-25 16:30:00,2025-08-25 16:30:00,2025-08-25 16:30:00,,,,0,0,0,0,0,0,na,na
gdelt_c22943dc,en,UN lists 150 firms tied to illegal Israeli settlements,2025-09-27 05:45:00,2025-09-27 05:45:00,2025-09-27 05:45:00,,,,0,0,0,0,0,0,na,na
gdelt_c2308253,ko,권기식 한중도시우호협회장  민간 교류와 상호 신뢰로 한 · 중 미래 열어야  - Xinhua,2026-03-24 10:00:00,2026-03-24 10:00:00,2026-03-24 10:00:00,,,,0,0,0,0,0,0,na,na
gdelt_c24dd45f,en,2026 Year of the Horse : Humans and horses go way back,2026-02-16 16:45:00,2026-02-16 00:00:00,2026-01-01 00:00:00,2026-01-01 00:00:00,year,2026 Year of the,1,1,1,1,1,1,tie,tie
gdelt_c276633f,hi,बिना नतीजा खत्म हुई एमएच 370 उड़ान की तलाश,2026-03-09 04:45:00,2026-03-09 04:45:00,2026-03-09 04:45:00,,,,0,0,0,0,0,0,na,na
gdelt_c2d27ae8,fa,مدیرکل آژانس به ایران : نمی‌شود بگویید که عضو ان‌پی‌تی هستیم اما به تعهدات خود عمل نمی‌کنیم,2025-11-05 21:00:00,2025-11-05 21:00:00,2025-11-05 21:00:00,,,,0,0,0,0,0,0,na,na
gdelt_c2ec5409,en,Germany updates : Weather service issues heat warnings – DW – 08 / 13 / 2025,2025-08-13 16:45:00,2025-08-13 00:00:00,2025-08-13 00:00:00,2025-01-01 00:00:00,year,08 / 13 / 2025,1,1,1,1,1,1,tie,tie
gdelt_c2fbac75,en,Swedish authorities board sanctioned Russian ship in national waters,2025-12-22 03:00:00,2025-12-22 03:00:00,2025-12-22 03:00:00,,,,0,0,0,0,0,0,na,na
gdelt_c2ff184b,en,The Complex Deportation Network Behind Trump Immigration Crackdown,2025-12-23 22:15:00,2025-12-23 22:15:00,2025-12-23 22:15:00,,,,0,0,0,0,0,0,na,na
gdelt_c37b993b,uk,Як у Білорусі страчують засуджених і що відбувається з їхніми родинами,2025-11-23 12:30:00,2025-11-23 12:30:00,2025-11-23 12:30:00,,,,0,0,0,0,0,0,na,na
gdelt_c4920298,ko,云南腾药亮相2025腾冲科学家论坛 - 新华网,2025-12-07 15:00:00,2025-12-07 15:00:00,2025-12-07 15:00:00,,,,0,0,0,0,0,0,na,na
gdelt_c492d606,zh-cn,电子航道图为京杭大运河北京段装上精准  数字导航 - 新华网,2025-08-14 10:45:00,2025-08-14 10:45:00,2025-08-14 10:45:00,,,,0,0,0,0,0,0,na,na
gdelt_c49d5bc5,ro,Cum s - a văzut din Ucraina întâlnirea lui Trump cu Putin ? – DW – 17 . 08 . 2025,2025-08-17 16:45:00,2025-08-17 16:45:00,2025-08-17 00:00:00,2025-01-01 00:00:00,year,2025,1,1,1,1,1,1,tie,tie
gdelt_c4c62669,fr,La COP30 transforme une enclave amazonienne en un haut lieu mondial de la lutte contre le changement climatique - Xinhua,2025-11-17 11:30:00,2025-11-17 11:30:00,2025-11-17 11:30:00,,,,0,0,0,0,0,0,na,na
gdelt_c4eae66c,en,"NFL Week 8 scores and live updates : Giants - Eagles , Bears - Ravens , schedule , inactives , predictions , odds and latest",2025-10-27 03:15:00,2025-10-27 03:15:00,2025-10-27 03:15:00,,,,0,0,0,0,0,0,na,na
gdelt_c4ef5e61,fr,"Le chef de lONU propose une baisse du budget ordinaire pour 2026 à 3 , 238 milliards de dollars - Xinhua",2025-12-02 08:15:00,2025-12-02 08:15:00,2026-01-01 00:00:00,,,,0,0,0,0,0,0,na,na
gdelt_c53b8701,en,Tanzania election failed to comply with democratic standards : African Union,2025-11-06 10:00:00,2025-11-06 10:00:00,2025-11-06 10:00:00,,,,0,0,0,0,0,0,na,na
gdelt_c629c522,es,Liberan a 100 escolares secuestrados en noviembre en Nigeria – DW – 07 / 12 / 2025,2025-12-08 08:30:00,2025-12-08 08:30:00,2025-12-07 00:00:00,2025-01-01 00:00:00,year,07 / 12 / 2025,1,1,1,1,1,1,tie,tie
gdelt_c694fab5,ru,"Смерть , расчленения , магические амулеты . Сьерра - Леоне захлестнула волна ритуальных убийств",2025-11-26 00:45:00,2025-11-26 00:45:00,2025-11-26 00:45:00,,,,0,0,0,0,0,0,na,na
gdelt_c71b00e2,zh-cn,泉州市丰泽区 ： 一座数字新城的  破壁  生长 - 新华网,2026-01-19 15:15:00,2026-01-19 15:15:00,2026-01-19 15:15:00,,,,0,0,0,0,0,0,na,na
gdelt_c743cd78,en,Spelthorne Borough Council finances will not be fixed before merger,2026-01-26 01:30:00,2026-01-26 01:30:00,2026-01-26 01:30:00,,,,0,0,0,0,0,0,na,na
gdelt_c75a0a4a,tr,"Kolajen nedir , takviyeler gerçekten işe yarıyor mu ? ",2025-09-28 23:00:00,2025-09-28 23:00:00,2025-09-28 23:00:00,,,,0,0,0,0,0,0,na,na
gdelt_c7677887,el,Τι γυρεύει ο Ερντογάν στη Βενεζουέλα ; – DW – 07 / 12 / 2025,2025-12-08 01:15:00,2025-12-08 01:15:00,2025-12-07 00:00:00,2025-01-01 00:00:00,year,07 / 12 / 2025,1,1,1,1,1,1,tie,tie
gdelt_c78e42d7,pt,Saída dos EUA da OMS ameaça décadas de avanços na África,2026-02-03 01:45:00,2026-02-03 01:45:00,2026-02-03 01:45:00,,,,0,0,0,0,0,0,na,na
gdelt_c7c73678,en,Scottish SPCA workers to vote on strike action over pay,2025-09-03 16:30:00,2025-09-03 16:30:00,2025-09-03 16:30:00,,,,0,0,0,0,0,0,na,na
gdelt_c84960da,tr,Trump : Barış Kurulu Gazzeye 5 milyar dolar yardım yapacak,2026-02-16 16:45:00,2026-02-16 16:45:00,2026-02-16 16:45:00,,,,0,0,0,0,0,0,na,na
gdelt_c8a9d7b0,lt,Zelenskyy nominates Yulia Svyrydenko as new Ukraine PM,2025-07-15 01:00:00,2025-07-15 01:00:00,2025-07-15 01:00:00,,,,0,0,0,0,0,0,na,na
gdelt_c8b2e4a3,en,"NFL insider playoff predictions : Coaches , execs pick wild - card round winners",2026-01-11 04:00:00,2026-01-11 04:00:00,2026-01-11 04:00:00,,,,0,0,0,0,0,0,na,na
gdelt_c8bda249,en,"LIVE : Israel kills at least 1 , 760 people seeking aid in Gaza since May – UN | Israel - Palestine conflict News",2025-08-16 14:00:00,2025-05-16 00:00:00,2025-08-16 14:00:00,,,,0,0,0,0,0,0,na,na
gdelt_c917de16,it,Israeli Cabinet may order complete Gaza takeover,2025-08-05 21:00:00,2025-08-05 21:00:00,2025-08-05 21:00:00,,,,0,0,0,0,0,0,na,na
gdelt_c9367f86,ru,Reuters : Парализованы 40 % мощностей России по экспорту нефти,2026-03-26 15:30:00,2026-03-26 15:30:00,2026-03-26 15:30:00,,,,0,0,0,0,0,0,na,na
gdelt_c98b5dee,es,Demócratas alertan sobre  invasión  militar en Chicago – DW – 01 / 09 / 2025,2025-09-01 11:30:00,2025-09-01 11:30:00,2025-09-01 00:00:00,2025-01-01 00:00:00,year,01 / 09 / 2025,1,1,1,1,1,1,tie,tie
gdelt_c9bf47f4,en,LIVE : US abduction of Venezuela Maduro prompts global outcry | US - Venezuela Tensions News,2026-01-06 20:15:00,2026-01-06 20:15:00,2026-01-06 20:15:00,,,,0,0,0,0,0,0,na,na
gdelt_c9ebf8d2,en,"LIVE : Child , aid seekers shot dead by Israeli forces in Gaza | Israel - Palestine conflict News",2025-08-31 21:15:00,2025-08-31 21:15:00,2025-08-31 21:15:00,,,,0,0,0,0,0,0,na,na
gdelt_ca66b7e9,uk,Північна Європа та Балтія : Продовжимо озброювати Україну – DW – 23 . 11 . 2025,2025-11-23 17:15:00,2025-11-23 17:15:00,2025-11-23 00:00:00,2025-01-01 00:00:00,year,2025,1,1,1,1,1,1,tie,tie
gdelt_ca74cb2d,en,"LIVE : Israel  engineering chaos , massacre in Gaza as 3 more die of hunger | Israel - Palestine conflict News",2025-08-02 04:00:00,2025-08-02 04:00:00,2025-08-02 04:00:00,,,,0,0,0,0,0,0,na,na
gdelt_ca779c3e,fr,Le Parlement ukrainien met en place un groupe de travail sur les élections - Xinhua,2025-12-23 00:00:00,2025-12-23 00:00:00,2025-12-23 00:00:00,,,,0,0,0,0,0,0,na,na
gdelt_cab26219,en,These NHL goalies are thriving amid the league scoring bonanza,2025-10-18 00:00:00,2025-10-18 00:00:00,2025-10-18 00:00:00,,,,0,0,0,0,0,0,na,na
gdelt_cabfd04b,en,Commentary : What is a  dopamine detox  and do you need one ? ,2025-10-12 07:00:00,2025-10-12 07:00:00,2025-10-12 07:00:00,,,,0,0,0,0,0,0,na,na
gdelt_cacc9cf3,lt,Gaza : Asosiasi Cendekia Vonis Israel Lakukan Genosida – DW – 02 . 09 . 2025,2025-09-02 22:15:00,2025-09-02 22:15:00,2025-09-02 00:00:00,2025-01-01 00:00:00,year,2025,1,1,1,1,1,1,tie,tie
gdelt_cb29d4d2,sw,Maandamano ya vijana wa GenZ yaendelea kushuhudiwa Afrika – DW – 05 . 10 . 2025,2025-10-05 20:15:00,2025-10-05 00:00:00,2025-10-05 00:00:00,2025-01-01 00:00:00,year,2025,1,1,1,1,1,1,tie,tie
gdelt_cb5c1de8,da,US sending anti - drone system to Denmark for EU summit,2025-10-01 03:45:00,2025-10-01 03:45:00,2025-09-25 00:00:00,,,,0,0,0,0,0,0,na,na
gdelt_cb88ed0c,en,Stay or quit ? How some Gen Z workers in Singapore are marching to the beat of their own drum,2025-07-07 06:45:00,2025-07-07 06:45:00,2025-07-07 06:45:00,,,,0,0,0,0,0,0,na,na
gdelt_cb8bd280,de,Revolutionsgarden : langsame Erosion oder plötzliche Kollaps ? ,2026-03-18 02:15:00,2026-03-18 02:15:00,2026-03-18 02:15:00,,,,0,0,0,0,0,0,na,na
gdelt_cb962e54,en,"Hermeto Pascoal , Prolific Brazilian Composer , Dies at 89",2025-09-14 17:30:00,2025-09-14 17:30:00,2025-09-14 17:30:00,,,,0,0,0,0,0,0,na,na
gdelt_cb9f8846,mk,Какви итни мерки се потребни за заживување на Германија ? – DW – 2 . 06 . 2025,2025-06-02 13:15:00,2025-06-02 13:15:00,2025-06-02 00:00:00,2025-01-01 00:00:00,year,2025,1,1,1,1,1,1,tie,tie
gdelt_cbc6c107,zh-cn,本轮降雨结束 甘肃省内大部地质灾害风险高 - 新华网,2025-08-05 11:00:00,2025-08-05 11:00:00,2025-08-05 11:00:00,,,,0,0,0,0,0,0,na,na
gdelt_cbe16cec,es,Turismo en noreste de Brasil se dispara con impulso de China y destaca atractivo regional,2026-03-28 18:15:00,2026-03-28 18:15:00,2026-03-28 18:15:00,,,,0,0,0,0,0,0,na,na
gdelt_cbe2eae6,mr,बातम्या - BBC News मराठी,2025-11-24 23:15:00,2025-11-24 23:15:00,2025-11-24 23:15:00,,,,0,0,0,0,0,0,na,na
gdelt_cbf8057a,zh-cn,榆中县下彭家营村螺丝菜迎丰收 - 新华网,2025-11-17 13:00:00,2025-11-17 13:00:00,2025-11-17 13:00:00,,,,0,0,0,0,0,0,na,na
gdelt_cbfc96b2,hr,Izvješće o zlostavljanju Palestinaca u izraelskim zatvorima,2026-01-21 18:30:00,2026-01-21 18:30:00,2026-01-21 18:30:00,,,,0,0,0,0,0,0,na,na
gdelt_cc292d7a,en,Trump vows  very strong action  if Iran executes protesters,2026-01-14 14:15:00,2026-01-14 14:15:00,2026-01-14 14:15:00,,,,0,0,0,0,0,0,na,na
gdelt_cc474d02,en,Search continues for men missing in River Hull,2025-12-08 02:00:00,2025-12-08 02:00:00,2025-12-08 02:00:00,,,,0,0,0,0,0,0,na,na
gdelt_cc975cf9,fr,Xi Jinping : la Chine accorde toujours une grande importance aux relations sino - vietnamiennes - Xinhua,2026-02-04 22:30:00,2026-02-04 22:30:00,2026-02-04 22:30:00,,,,0,0,0,0,0,0,na,na
gdelt_cd3d2c45,en,Construction of new Brickland MRT station on North - South Line to begin next year,2025-12-30 12:45:00,2026-12-30 12:45:00,2026-12-30 12:45:00,2026-01-01 00:00:00,year,next year,1,1,1,1,1,1,tie,tie
gdelt_cd607e5c,en,Japanese region asks army to cull bears as attacks spike,2025-10-27 21:45:00,2025-10-27 21:45:00,2025-10-27 21:45:00,,,,0,0,0,0,0,0,na,na
gdelt_cd8381a0,es,EUA anunciam controle do petróleo venezuelano – DW – 07 / 01 / 2026,2026-01-08 04:45:00,2026-01-08 04:45:00,2026-01-07 00:00:00,2026-01-01 00:00:00,year,07 / 01 / 2026,1,1,1,1,1,1,tie,tie
gdelt_cde70b85,en,Improving Flyers buoyed by more aggressive defense :  You can really empty the tank  ,2026-03-04 20:45:00,2026-03-04 20:45:00,2026-03-04 20:45:00,,,,0,0,0,0,0,0,na,na
gdelt_ce04fcb7,es,Abaten a cabecilla de disidencias de las FARC en Colombia – DW – 25 / 08 / 2025,2025-08-25 12:15:00,2025-08-25 12:15:00,2025-08-25 00:00:00,2025-01-01 00:00:00,year,25 / 08 / 2025,1,1,1,1,1,1,tie,tie
gdelt_ce9f43d9,en,Commentary : What Trump wants from the TikTok deal is coming into focus,2025-09-22 07:30:00,2025-09-22 07:30:00,2025-09-22 07:30:00,,,,0,0,0,0,0,0,na,na
gdelt_cebbc1ba,zh-cn,昆明卷烟厂壮志 ： 一位老调度员的热爱与坚守 - 新华网,2025-07-15 21:00:00,2025-07-15 21:00:00,2025-07-15 21:00:00,,,,0,0,0,0,0,0,na,na
gdelt_ceed30c9,en,"Dennis Schröder , Germany win EuroBasket gold over Turkey ; Giannis , Greece take 3rd",2025-09-15 07:00:00,2025-09-15 07:00:00,2025-03-01 00:00:00,,,,0,0,0,0,0,0,na,na
gdelt_cef250a4,zh-cn,前三季度甘肃民营经济发展稳中有进 - 新华网,2025-11-04 09:45:00,2025-11-04 09:45:00,2025-07-01 00:00:00,,,,0,0,0,0,0,0,na,na
gdelt_cf293b86,af,Die prekäre Lage in Myanmars Rakhine - Staat – DW – 16 . 12 . 2025,2025-12-16 22:30:00,2025-12-16 22:30:00,2025-12-16 00:00:00,2025-01-01 00:00:00,year,2025,1,1,1,1,1,1,tie,tie
gdelt_cf73bbde,uk,Зеленський зустрінеться з лідерами Європи 4 вересня - AFP – DW – 01 . 09 . 2025,2025-09-01 21:15:00,2025-09-01 21:15:00,2025-09-01 00:00:00,2025-01-01 00:00:00,year,2025,1,1,1,1,1,1,tie,tie
gdelt_cf84876e,en,Body found at Gatehouse of Fleet in search for missing man,2025-11-30 20:15:00,2025-11-30 20:15:00,2025-11-30 20:15:00,,,,0,0,0,0,0,0,na,na
gdelt_d040aa73,fa,زوج روسی که خبرچین اوکراین شدند - BBC News فارسی,2025-07-04 13:15:00,2025-07-04 13:15:00,2025-07-04 13:15:00,,,,0,0,0,0,0,0,na,na
gdelt_d06ae76a,en,Syria detains members of security forces over Suwayda violence,2025-11-17 05:00:00,2025-11-17 05:00:00,2025-11-17 05:00:00,,,,0,0,0,0,0,0,na,na
gdelt_d06f39b3,es,Falta de electricidad paraliza ciudad yemení de Adén tras agotarse reservas de combustible,2025-10-21 09:45:00,2025-10-21 09:45:00,2025-10-21 09:45:00,,,,0,0,0,0,0,0,na,na
gdelt_d0f603ab,el,Η γερμανική πικρία της Αντανία Σίμπλι,2026-02-01 17:00:00,2026-02-01 17:00:00,2026-02-01 17:00:00,,,,0,0,0,0,0,0,na,na
gdelt_d1156ab6,id,Bangladesh yaitaka India imrejeshe Hasina nyumbani – DW – 24 . 11 . 2025,2025-11-24 17:30:00,2025-11-24 17:30:00,2025-11-24 00:00:00,2025-01-01 00:00:00,year,2025,1,1,1,1,1,1,tie,tie
gdelt_d1188ba3,es,Perú : Keiko Fujimori anuncia cuarta candidatura presidencial – DW – 31 / 10 / 2025,2025-10-31 10:45:00,2025-10-31 10:45:00,2025-10-31 00:00:00,2025-01-01 00:00:00,year,31 / 10 / 2025,1,1,1,1,1,1,tie,tie
gdelt_d11b997f,zh-cn,增强供需适配性 政策助推释放消费活力 强化人工智能融合赋能 丰富消费金融产品和服务 - 新华网,2025-11-17 10:30:00,2025-11-17 10:30:00,2025-11-17 10:30:00,,,,0,0,0,0,0,0,na,na
gdelt_d14395e7,de,Kirchen rufen zur Zuversicht für 2026 auf – DW – 01 . 01 . 2026,2026-01-01 22:45:00,2026-01-01 22:45:00,2026-01-01 00:00:00,2026-01-01 00:00:00,year,für 2026,1,1,1,1,1,1,tie,tie
gdelt_d15ff24b,ja,深圳市の貿易額 、 １～１１月は０ ・ ６ ％ 増,2025-12-30 16:00:00,2025-12-30 16:00:00,2025-11-01 00:00:00,2025-11-01 00:00:00,month,１１月,1,1,0,1,0,1,v2_better,v2_better
gdelt_d1f056e6,fr,Xi Jinping insiste sur la prise en charge des personnes âgées et des enfants - Xinhua,2026-02-11 14:45:00,2026-02-11 14:45:00,2026-02-11 14:45:00,,,,0,0,0,0,0,0,na,na
gdelt_d2103283,es,Colombia anuncia captura de supuesto capo de mafia italiana – DW – 10 / 08 / 2025,2025-08-10 13:15:00,2025-08-10 13:15:00,2025-08-10 00:00:00,2025-01-01 00:00:00,year,10 / 08 / 2025,1,1,1,1,1,1,tie,tie
gdelt_d242978d,en,Rescuers search for missing people as deadly Indonesia floods recede,2025-09-12 21:00:00,2025-09-12 21:00:00,2025-09-12 21:00:00,,,,0,0,0,0,0,0,na,na
gdelt_d2a740a8,en,"Somalia Mohamud slams Israel interference , rejects base on Somaliland | Politics News",2026-02-08 14:00:00,2026-02-08 14:00:00,2026-02-08 14:00:00,,,,0,0,0,0,0,0,na,na
gdelt_d2b6f551,en,Italy hidden mountain museums in the clouds,2025-10-13 01:00:00,2025-10-13 01:00:00,2025-10-13 01:00:00,,,,0,0,0,0,0,0,na,na
gdelt_d32f5eec,en,Colchester man vanishes in Spain while sailing the world with dog,2025-09-03 17:15:00,2025-09-03 17:15:00,2025-09-03 17:15:00,,,,0,0,0,0,0,0,na,na
gdelt_d389d183,en,Ballymena : Man jailed for involvement in summer riots,2025-11-13 06:45:00,2025-11-13 06:45:00,2025-11-13 06:45:00,,,,0,0,0,0,0,0,na,na
gdelt_d42707f0,en,Thai PM Anutin says no ceasefire with Cambodia despite Trump call,2025-12-13 03:00:00,2025-12-13 03:00:00,2025-12-13 03:00:00,,,,0,0,0,0,0,0,na,na
gdelt_d43063e8,es,"Aviación civil de China reporta aumento de 7 , 7 por ciento en viajes durante Fiesta de la Primavera",2026-02-25 10:15:00,2026-02-25 10:15:00,2026-07-07 00:00:00,,,,0,0,0,0,0,0,na,na
gdelt_d4b0a3d2,en,From retirement dream to financial burden : JB stalled condo projects leave buyers in limbo,2025-10-02 06:30:00,2025-10-02 06:30:00,2025-10-02 06:30:00,,,,0,0,0,0,0,0,na,na
gdelt_d4d14368,es,El sureste de Taiwán se paraliza por llegada del tifón Podul – DW – 13 / 08 / 2025,2025-08-13 14:15:00,2025-08-13 14:15:00,2025-08-13 00:00:00,2025-01-01 00:00:00,year,13 / 08 / 2025,1,1,1,1,1,1,tie,tie
gdelt_d4fdfa53,pt,Cresce frustao de parentes de reféns com governo de Israel – DW – 20 / 07 / 2025,2025-07-21 07:00:00,2025-07-21 07:00:00,2025-07-20 00:00:00,2025-01-01 00:00:00,year,20 / 07 / 2025,1,1,1,1,1,1,tie,tie
gdelt_d526a40c,pl, „ Nic nie cieszy AfD bardziej . Prasa o gromach na Merza – DW – 13 . 11 . 2025,2025-11-13 14:30:00,2025-11-13 14:30:00,2025-11-13 00:00:00,2025-01-01 00:00:00,year,2025,1,1,1,1,1,1,tie,tie
gdelt_d5607339,en,UN nuclear chief presses Iran to strike deal on inspections soon,2025-09-04 05:30:00,2025-09-04 05:30:00,2025-09-04 05:30:00,,,,0,0,0,0,0,0,na,na
gdelt_d5697765,en,US again vetoes UN Security Council Gaza ceasefire call,2025-09-19 11:15:00,2025-09-19 11:15:00,2025-09-19 11:15:00,,,,0,0,0,0,0,0,na,na
gdelt_d5b47c1c,en,Italy Meloni says ICC complaint accuses her of Gaza genocide complicity | Israel - Palestine conflict News,2025-10-08 11:15:00,2025-10-08 11:15:00,2025-10-08 11:15:00,,,,0,0,0,0,0,0,na,na
gdelt_d5e20a64,ar,أطراف اصطناعية ذكية باستخدام التكنولوجيا المتقدمة,2025-07-28 23:15:00,2025-07-28 23:15:00,2025-07-28 23:15:00,,,,0,0,0,0,0,0,na,na
gdelt_d5f0086d,pt,Premiê da França renuncia horas após anunciar novo governo – DW – 06 / 10 / 2025,2025-10-06 17:15:00,2025-10-06 17:15:00,2025-10-06 00:00:00,2025-01-01 00:00:00,year,06 / 10 / 2025,1,1,1,1,1,1,tie,tie
gdelt_d5fa136f,en,"Panthers vs . Buccaneers score , live updates : TV channel , start time , inactives , latest news , predictions and odds",2026-01-04 05:30:00,2026-01-04 05:30:00,2026-01-04 05:30:00,,,,0,0,0,0,0,0,na,na
gdelt_d6496f27,en,World Aquatics Championships : Highlights from women artistic swimming events,2025-07-27 22:45:00,2025-07-27 22:45:00,2025-07-27 22:45:00,,,,0,0,0,0,0,0,na,na
gdelt_d67feacf,en,"Without Anthony Davis , Mavericks should have no problem being bad . That a good thing",2026-01-10 20:00:00,2026-01-10 20:00:00,2026-01-10 20:00:00,,,,0,0,0,0,0,0,na,na
gdelt_d69337a0,en,LIVE : Palestinians in Gaza wait for Israel to fulfill aid promise | Israel - Palestine conflict News,2025-10-15 18:30:00,2025-10-15 18:30:00,2025-10-15 18:30:00,,,,0,0,0,0,0,0,na,na
gdelt_d6a0d255,ru,Генштаб ВСУ заявил об ударе по химзаводу под Москвой – DW – 07 . 07 . 2025,2025-07-08 03:00:00,2025-07-08 03:00:00,2025-07-07 00:00:00,2025-01-01 00:00:00,year,2025,1,1,1,1,1,1,tie,tie
gdelt_d6a3b818,en,Hyflux trial resumes : A reminder of what led to the court case,2026-01-13 06:45:00,2026-01-13 06:45:00,2026-01-13 06:45:00,,,,0,0,0,0,0,0,na,na
gdelt_d6adba15,en,Taylor Townsend stuns Mirra Andreeva at U . S . Open with help of Arthur Ashe crowd,2025-08-30 14:15:00,2025-08-30 14:15:00,2025-08-30 14:15:00,,,,0,0,0,0,0,0,na,na
gdelt_d7200eff,en,Production halted at Chinese factory making  childlike  sex dolls,2025-12-03 22:15:00,2025-12-03 22:15:00,2025-12-03 22:15:00,,,,0,0,0,0,0,0,na,na
gdelt_d7a3a997,ru,Германия планирует заказать у США еще 15 истребителей F - 35 – DW – 20 . 10 . 2025,2025-10-20 17:45:00,2025-10-20 17:45:00,2025-10-20 00:00:00,2025-01-01 00:00:00,year,2025,1,1,1,1,1,1,tie,tie
gdelt_d7b591e9,hr,Poljska desna opozicija ne želi sredstva EU za odbranu,2026-02-25 20:30:00,2026-02-25 20:30:00,2026-02-22 00:00:00,,,,0,0,0,0,0,0,na,na
gdelt_d7ce5463,en,US flights to return to normal after aviation authority lifts restrictions,2025-11-17 14:15:00,2025-11-17 14:15:00,2025-11-17 14:15:00,,,,0,0,0,0,0,0,na,na
gdelt_d7e33737,ru,В Лондоне 474 человека задержали на пропалестинских акциях – DW – 10 . 08 . 2025,2025-08-10 11:15:00,2025-08-10 11:15:00,2025-08-10 00:00:00,2025-01-01 00:00:00,year,2025,1,1,1,1,1,1,tie,tie
gdelt_d82c416e,pt,"Natalia Beauty :  IA é como Mounjaro : galera united states , mas não assume  ",2026-02-11 20:15:00,2026-02-11 20:15:00,2026-03-01 00:00:00,,,,0,0,0,0,0,0,na,na
gdelt_d83a8295,en,SAF and MINDEF units part of Singapore response to ongoing cyberattack : Chan Chun Sing,2025-07-19 17:45:00,2025-07-19 17:45:00,2025-07-19 17:45:00,,,,0,0,0,0,0,0,na,na
gdelt_d8534efe,zh-cn,青田以侨为桥发展开放型经济 - 新华网,2025-11-24 11:15:00,2025-11-24 11:15:00,2025-11-24 11:15:00,,,,0,0,0,0,0,0,na,na
gdelt_d8958d3f,sw,Watoto 8 wameuawa wakisubiri huduma ya maji Gaza – DW – 13 . 07 . 2025,2025-07-14 00:00:00,2025-07-14 00:00:00,2025-07-13 00:00:00,2025-01-01 00:00:00,year,2025,1,1,1,1,1,1,tie,tie
gdelt_d8ac9b53,en,New strain of mpox virus : What you need to know – DW – 12 / 09 / 2025,2025-12-10 04:30:00,2025-12-09 00:00:00,2025-12-09 00:00:00,2025-01-01 00:00:00,year,12 / 09 / 2025,1,1,1,1,1,1,tie,tie
gdelt_d8d40f34,fr,Etats - Unis : une juge fédérale soutient Harvard dans le procès contre le gel de certains de ses financements par ladministration Trump - Xinhua,2025-09-04 11:15:00,2025-09-04 11:15:00,2025-09-04 11:15:00,,,,0,0,0,0,0,0,na,na
gdelt_d9279ed0,en,"Russia , China slam European nations over Iran  snapback  sanctions move | News",2025-08-29 23:00:00,2025-08-29 23:00:00,2025-08-29 23:00:00,,,,0,0,0,0,0,0,na,na
gdelt_da0d022d,es,Papa pide alto al fuego en Medio Oriente y retomar diálogo,2026-03-15 22:15:00,2026-03-15 22:15:00,2026-03-15 22:15:00,,,,0,0,0,0,0,0,na,na
gdelt_da34d884,en,Rocket stocks soar on reports Musk SpaceX to file for share sale,2026-03-26 10:45:00,2026-03-26 10:45:00,2026-03-26 10:45:00,,,,0,0,0,0,0,0,na,na
gdelt_daee861f,en,Iraqi PM al - Sudani coalition comes first in parliamentary election | Elections News,2025-11-13 07:30:00,2025-11-13 07:30:00,2025-11-13 07:30:00,,,,0,0,0,0,0,0,na,na
gdelt_db089a6a,fr,"Larmée américaine a détruit 42 navires de la marine iranienne au cours des trois derniers jours , selon Trump - Xinhua",2026-03-08 18:45:00,2026-03-08 18:45:00,2026-03-08 18:45:00,,,,0,0,0,0,0,0,na,na
gdelt_db170d57,en,AI used by Kent student to find possible cave entrances on Moon,2025-10-12 15:15:00,2025-10-12 15:15:00,2025-10-12 15:15:00,,,,0,0,0,0,0,0,na,na
gdelt_db531382,ar,دائرة الزراعة بالكرخ .. اقتحامات واشتباكات وقتلى بسبب منصب بوزارة الزراعة في العراق,2025-07-29 03:30:00,2025-07-29 03:30:00,2025-07-29 03:30:00,,,,0,0,0,0,0,0,na,na
gdelt_db6dbf28,it,Canciller ruso Lavrov se reúne con presidente chino Xi – DW – 15 / 07 / 2025,2025-07-15 14:45:00,2025-07-15 14:45:00,2025-07-15 00:00:00,2025-01-01 00:00:00,year,15 / 07 / 2025,1,1,1,1,1,1,tie,tie
gdelt_dbb56d78,en,LGBT pupils : Paul Givan says research removed  to keep website up to date  ,2025-09-10 17:00:00,2025-09-10 17:00:00,2025-09-10 17:00:00,,,,0,0,0,0,0,0,na,na
gdelt_dbc34292,fr,LIran condamne la décision de lArgentine de qualifier la Force al - Qods de groupe terroriste - Xinhua,2026-01-21 11:15:00,2026-01-21 11:15:00,2026-01-21 11:15:00,,,,0,0,0,0,0,0,na,na
gdelt_dbd1164c,zh-cn,电影 《 非凡的你 》 和纪录片 《 一片甲骨 》 在郑州首映 - 新华网河南频道,2025-10-19 08:30:00,2025-10-19 08:30:00,2025-10-19 08:30:00,,,,0,0,0,0,0,0,na,na
gdelt_dc00ee58,en,Teenager to be charged after allegedly trespassing onto MRT tracks near Simei,2025-07-02 22:00:00,2025-07-02 22:00:00,2025-07-02 22:00:00,,,,0,0,0,0,0,0,na,na
gdelt_dc0a4da4,en,Young German authors on the road in Trump united states – DW – 09 / 08 / 2025,2025-09-08 22:15:00,2025-09-08 00:00:00,2025-09-08 00:00:00,2025-01-01 00:00:00,year,09 / 08 / 2025,1,1,1,1,1,1,tie,tie
gdelt_dc446037,en,"Why Chicago is not hosting World Cup games , FIFA  peace prize , big UCL goals",2025-11-06 21:15:00,2025-11-06 21:15:00,2025-11-06 21:15:00,,,,0,0,0,0,0,0,na,na
gdelt_dc8df41b,en,Real Madrid Franco chants at the Bernabeu have sparked debate in Spain,2025-09-08 14:15:00,2025-09-08 14:15:00,2025-09-08 14:15:00,,,,0,0,0,0,0,0,na,na
gdelt_dcdcdfaa,en,Arrest of  Abu Lulu  does little to distance RSF from Sudan massacre | Sudan war News,2025-11-05 04:45:00,2025-11-05 04:45:00,2025-11-05 04:45:00,,,,0,0,0,0,0,0,na,na
gdelt_dcf1c888,ko,693家 ！ 杭州总部企业数量再创新高 - 新华网,2026-02-26 10:45:00,2026-02-26 10:45:00,2026-02-26 10:45:00,,,,0,0,0,0,0,0,na,na
gdelt_dcff529e,en,Israel confirms signing phase one of Gaza ceasefire deal with Hamas,2025-10-10 01:15:00,2025-10-10 01:15:00,2025-10-10 01:15:00,,,,0,0,0,0,0,0,na,na
gdelt_dd098d6a,sw,Saudi Arabia yazindua mradi wa ujenzi mpya wa Damascus – DW – 07 . 09 . 2025,2025-09-08 02:15:00,2025-09-08 00:00:00,2025-09-07 00:00:00,2025-01-01 00:00:00,year,2025,1,1,1,1,1,1,tie,tie
gdelt_dd65a877,en,LIVE : Gaza war escalates as Israel defies global condemnation | Israel - Palestine conflict News,2025-09-19 15:45:00,2025-09-19 15:45:00,2025-09-19 15:45:00,,,,0,0,0,0,0,0,na,na
gdelt_ddad08bb,bg,Мерц : Виплатити активи РФ американцям є немислимим – DW – 23 . 11 . 2025,2025-11-24 03:30:00,2025-11-24 03:30:00,2025-11-23 00:00:00,2025-01-01 00:00:00,year,2025,1,1,1,1,1,1,tie,tie
gdelt_ddb41c0d,zh-cn,职业伤害保障试点累计参保超2200万人 - 新华网,2025-10-30 12:45:00,2025-10-30 12:45:00,2025-10-30 12:45:00,,,,0,0,0,0,0,0,na,na
gdelt_ddebdc95,sw,Hisa za kampuni za Ulaya zaimarika kidogo,2026-03-10 19:30:00,2026-03-10 19:30:00,2026-03-10 19:30:00,,,,0,0,0,0,0,0,na,na
gdelt_de0a265f,en,Italy arrests nine over alleged Hamas funding through charities,2025-12-28 05:45:00,2025-12-28 05:45:00,2025-12-28 05:45:00,,,,0,0,0,0,0,0,na,na
gdelt_de16f6cd,zh-cn,面临内外反对 以总理仍坚称将  推进接管加沙城计划 - 新华网,2025-08-11 23:30:00,2025-08-11 23:30:00,2025-08-11 23:30:00,,,,0,0,0,0,0,0,na,na
gdelt_de615c5c,zh-cn,北京28日20时将启动全市防汛一级应急响应 - 新华网,2025-07-29 14:15:00,2025-07-29 14:15:00,2025-07-01 14:15:00,,,,0,0,0,0,0,0,na,na
gdelt_def3d5eb,en,Nearly one in six children in Gaza acutely malnourished : Study,2025-10-09 10:30:00,2025-10-09 10:30:00,2025-01-06 00:00:00,,,,0,0,0,0,0,0,na,na
gdelt_df3aaec7,en,Premier League clubs fall behind in Deloitte  rich list ; Real Madrid and Barcelona on top,2026-01-22 10:45:00,2026-01-22 10:45:00,2026-01-22 10:45:00,,,,0,0,0,0,0,0,na,na
gdelt_df9ad2b7,en,Jeffrey Siow on risk - adjusted returns and performance of GIC and Temasek,2026-01-12 14:30:00,2026-01-12 14:30:00,2026-01-12 14:30:00,,,,0,0,0,0,0,0,na,na
gdelt_dfc47ce1,en,Syndicate member who stole half a million in jewellery from Windsor Park house gets jail,2025-07-25 13:30:00,2025-07-25 13:30:00,2025-07-25 13:30:00,,,,0,0,0,0,0,0,na,na
gdelt_dfc77d0a,fr,Le plus haut gradé américain annonce le déploiement de troupes supplémentaires et davions de combat au Moyen - Orient - Xinhua,2026-03-03 11:45:00,2026-03-03 11:45:00,2026-03-03 11:45:00,,,,0,0,0,0,0,0,na,na
gdelt_e00b89eb,pl,Prasa o koalicji rządowej : „ Nie wolno spocząć na laurach  – DW – 25 . 08 . 2025,2025-08-25 16:15:00,2025-08-25 16:15:00,2025-08-25 00:00:00,2025-01-01 00:00:00,year,2025,1,1,1,1,1,1,tie,tie
gdelt_e023294d,es,Relevo de la Antorcha de los Juegos Mundiales 2025 en Chengdu | Spanish . xinhuanet . com,2025-07-27 12:45:00,2025-07-27 12:45:00,2025-01-01 00:00:00,2025-01-01 00:00:00,year,2025 en,1,1,1,1,1,1,tie,tie
gdelt_e04a11f7,de,"Neukaledonien wird Staat , bleibt aber Teil Frankreichs – DW – 13 . 07 . 2025",2025-07-13 19:00:00,2025-07-13 19:00:00,2025-07-13 00:00:00,2025-01-01 00:00:00,year,2025,1,1,1,1,1,1,tie,tie
gdelt_e04c3308,ro,Nicușor Dan la Paris :  O forță puternică apără România  – DW – 09 . 12 . 2025,2025-12-10 04:30:00,2025-12-10 04:30:00,2025-12-09 00:00:00,2025-01-01 00:00:00,year,2025,1,1,1,1,1,1,tie,tie
gdelt_e07e80b3,en,  Like sitting duck : Fear and uncertainty mount for Southeast Asians stranded in Middle East,2026-03-03 09:00:00,2026-03-03 09:00:00,2026-03-03 09:00:00,,,,0,0,0,0,0,0,na,na
gdelt_e1151a9b,ar,لقاء ترامب - نتانياهو : ما مدى جدية خطة إنهاء حرب غزة هذه المرة ؟ ,2025-09-29 05:30:00,2025-09-29 05:30:00,2025-09-29 05:30:00,,,,0,0,0,0,0,0,na,na
gdelt_e155d656,en,Iran war live : Tehran vows to  completely close  Hormuz if power plants hit | US - Israel war on Iran News,2026-03-23 10:30:00,2026-03-23 10:30:00,2026-03-23 10:30:00,,,,0,0,0,0,0,0,na,na
gdelt_e1ac4833,sw,Watu 26 wafariki baada ya vifaru vya Israel kufyatua risasi karibu na kituo cha misaada cha Gaza - waokoaji,2025-06-01 18:00:00,2025-06-01 18:00:00,2025-06-01 18:00:00,,,,0,0,0,0,0,0,na,na
gdelt_e1f7bd67,fr,Le poste - frontière de Rafah ne doit pas être considéré comme un passage pour déplacer les Palestiniens ( MAE égyptien ) - Xinhua,2025-09-07 09:30:00,2025-09-07 09:30:00,2025-09-07 09:30:00,,,,0,0,0,0,0,0,na,na
gdelt_e2003e28,zh-cn,保险机构以  耐心资本  赋能科创企业做大做强 - 新华网,2025-11-17 10:30:00,2025-11-17 10:30:00,2025-11-17 10:30:00,,,,0,0,0,0,0,0,na,na
gdelt_e20d2407,zh-cn,追光 | 开学第一周 ， 学校的操场  燃  起来了 - 新华网,2026-03-08 11:15:00,2026-03-08 11:15:00,2026-03-08 11:15:00,,,,0,0,0,0,0,0,na,na
gdelt_e241bced,en,"The Projector owes over S$1 . 2 million to creditors , including 2 , 300 cinema members",2025-08-20 12:15:00,2025-08-20 12:15:00,2025-08-20 12:15:00,,,,0,0,0,0,0,0,na,na
gdelt_e2539410,en,"David Yong from Netflix Super Rich in Korea accused of fresh offences , says he will contest all charges",2026-03-16 12:30:00,2026-03-16 12:30:00,2026-03-16 12:30:00,,,,0,0,0,0,0,0,na,na
gdelt_e2fed89a,sw,  Ananyanyaswa na kufuatiliwa kila hatua :  Nyota wa muziki anayemkabili rais wa muda mrefu wa Uganda,2026-01-11 22:30:00,2026-01-11 22:30:00,2026-01-11 22:30:00,,,,0,0,0,0,0,0,na,na
gdelt_e309dee7,en,"Three - person IVF technique spared children from inherited diseases , scientists say",2025-07-17 17:15:00,2025-07-17 17:15:00,2025-07-17 17:15:00,,,,0,0,0,0,0,0,na,na
gdelt_e30b12e9,es,Acuerdo arancelario entre EE . UU . y Canadá sigue siendo esquivo tras reunión entre Trump y Carney,2025-10-08 14:30:00,2025-10-08 14:30:00,2025-10-08 14:30:00,,,,0,0,0,0,0,0,na,na
gdelt_e350b991,fa,کاست ، نامزد راست افراطی ، برنده انتخابات ریاست جمهوری شیلی شد,2025-12-16 00:30:00,2025-12-16 00:30:00,2025-12-16 00:30:00,,,,0,0,0,0,0,0,na,na
gdelt_e3577a37,zh-cn,怒江兰坪 ： 移动诊疗车守护山区百姓健康 _ 新华网,2026-03-27 20:00:00,2026-03-27 20:00:00,2026-03-27 20:00:00,,,,0,0,0,0,0,0,na,na
gdelt_e357cdf7,en,Kim Jong Un visits new mountain resort in North Korea,2025-12-29 13:45:00,2025-12-29 13:45:00,2025-12-29 13:45:00,,,,0,0,0,0,0,0,na,na
gdelt_e3659a85,en,Australian Open 2026 : Novak Djokovic into last eight as Jakub Mensik withdraws with injury,2026-01-25 20:45:00,2026-01-25 20:45:00,2026-01-01 00:00:00,2026-01-01 00:00:00,year,2026,1,1,1,1,1,1,tie,tie
gdelt_e3f0f08c,en,  Im annoyed Id never heard of fulfilling Elizabeth Gaskell  ,2026-02-01 18:45:00,2026-02-01 18:45:00,2026-02-01 18:45:00,,,,0,0,0,0,0,0,na,na
gdelt_e43b9ece,bg,САЩ и депортациите : Обама и Тръмп не правят  едно и също  ,2026-02-17 01:45:00,2026-02-17 01:45:00,2026-02-17 01:45:00,,,,0,0,0,0,0,0,na,na
gdelt_e459bd48,sw,Ujerumani / Uingereza kutia saini mkataba wa ulinzi wa pamoja – DW – 02 . 07 . 2025,2025-07-03 00:00:00,2025-07-03 00:00:00,2025-07-02 00:00:00,2025-01-01 00:00:00,year,2025,1,1,1,1,1,1,tie,tie
gdelt_e4770bdb,sw,Ripoti : Mapambano dhidi ya Malaria yashindwa kupiga hatua – DW – 21 . 10 . 2025,2025-10-21 13:30:00,2025-10-21 00:00:00,2025-10-21 00:00:00,2025-01-01 00:00:00,year,2025,1,1,1,1,1,1,tie,tie
gdelt_e4cf24d4,de,"Ghana : Ein Land , das niemals schläft ? – DW – 27 . 07 . 2025",2025-07-27 19:45:00,2025-07-27 19:45:00,2025-07-27 00:00:00,2025-01-01 00:00:00,year,2025,1,1,1,1,1,1,tie,tie
gdelt_e4db7301,de,"Nobelpreis : 7 Fun - Fakten , die du bestimmt nicht wusstest – DW – 06 . 10 . 2025",2025-10-06 23:15:00,2025-10-06 23:15:00,2025-10-06 00:00:00,2025-01-01 00:00:00,year,2025,1,1,1,1,1,1,tie,tie
gdelt_e4def248,uk,Старіння населення : як зміниться пенсійна система Німеччини – DW – 14 . 09 . 2025,2025-09-14 19:15:00,2025-09-14 19:15:00,2025-09-14 00:00:00,2025-01-01 00:00:00,year,2025,1,1,1,1,1,1,tie,tie
gdelt_e4f70785,da,France former culture minister resigns over Epstein - linked tax fraud probe,2026-02-09 01:00:00,2026-02-09 01:00:00,2026-02-09 01:00:00,,,,0,0,0,0,0,0,na,na
gdelt_e5349f43,bn,মঙ্গলবার একটি না দুইটি শপথ ? ,2026-02-16 16:15:00,2026-02-16 16:15:00,2026-02-10 00:00:00,,,,0,0,0,0,0,0,na,na
gdelt_e535d1f5,ko,海南省首次记录到白领翡翠 - 新华网,2025-09-28 12:15:00,2025-09-28 12:15:00,2025-09-28 12:15:00,,,,0,0,0,0,0,0,na,na
gdelt_e559d71d,ko,"산과 바다를 초월한 인연 ... 명나라 진린 장군의 中 · 韓 후손 , 윈푸서 뜻깊은 만남 - Xinhua",2026-03-19 11:30:00,2026-03-19 11:30:00,2026-03-19 11:30:00,,,,0,0,0,0,0,0,na,na
gdelt_e584022a,fi,Israeli attacks on Lebanon Bekaa Valley kill Syrian teenager | News,2026-02-27 06:15:00,2026-02-27 06:15:00,2026-02-25 00:00:00,,,,0,0,0,0,0,0,na,na
gdelt_e5a7bef5,en,Bangladesh BNP claims landslide win in first election since 2024 uprising | Bangladesh Election 2026 News,2026-02-13 22:30:00,2024-02-13 00:00:00,2024-01-01 00:00:00,2024-01-01 00:00:00,year,since 2024,1,1,1,1,1,1,tie,tie
gdelt_e5c6b33e,en,"LIVE : Israel advances plan to seize Gaza City , kills 81 in  fierce  attacks | Israel - Palestine conflict News",2025-08-21 05:00:00,2025-08-21 05:00:00,2025-08-21 05:00:00,,,,0,0,0,0,0,0,na,na
gdelt_e5e87d3d,zh-cn,新华时评 · 一线评论｜屡错屡犯 ， 孩子吃口放心餐咋这么难 ？- 新华网,2025-12-21 10:00:00,2025-12-21 10:00:00,2025-12-21 10:00:00,,,,0,0,0,0,0,0,na,na
gdelt_e5ea34d0,en,Justin Baldoni case against Blake Lively dismissed after deadline lapse,2025-11-03 18:15:00,2025-11-03 18:15:00,2025-11-03 18:15:00,,,,0,0,0,0,0,0,na,na
gdelt_e60e69b6,en,"Some federal workers may not get back pay after shutdown ends , White House suggests",2025-10-08 07:00:00,2025-10-08 07:00:00,2025-10-08 07:00:00,,,,0,0,0,0,0,0,na,na
gdelt_e635e383,en,Russia launches cruise missiles in Zapad 2025 military drills with Belarus,2025-09-16 21:15:00,2025-09-16 21:15:00,2025-01-01 00:00:00,,,,0,0,0,0,0,0,na,na
gdelt_e67f250b,bg,Каква е целта на САЩ в Иран и кога ще успее да я постигне ? ,2026-03-08 18:45:00,2026-03-08 18:45:00,2026-03-02 00:00:00,,,,0,0,0,0,0,0,na,na
gdelt_e6ad5389,en,The return of Matz Sels can help Nottingham Forest rediscover the spirit of 2024 - 25,2026-01-04 15:45:00,2024-01-25 00:00:00,2024-01-01 00:00:00,2024-01-01 00:00:00,year,of 2024,1,1,1,1,1,1,tie,tie
gdelt_e6cbe7f5,fr,Organisation dune réunion consacrée à la formation dun solide vivier de talents culturels en Chine - Xinhua,2025-12-21 09:45:00,2025-12-21 09:45:00,2025-12-21 09:45:00,,,,0,0,0,0,0,0,na,na
gdelt_e7101fb0,hi,हांगकांग : मीडिया टायकून जिमी लाई को 20 साल की जेल,2026-02-09 18:00:00,2026-02-09 18:00:00,2026-02-09 18:00:00,,,,0,0,0,0,0,0,na,na
gdelt_e72ee6f6,en,Government makes major changes to infected blood compensation,2025-07-22 12:15:00,2025-07-22 12:15:00,2025-07-22 12:15:00,,,,0,0,0,0,0,0,na,na
gdelt_e73d2dea,fr,"Malgré le  shutdown , Trump ordonne au Pentagone de payer les militaires - Xinhua",2025-10-12 13:15:00,2025-10-12 13:15:00,2025-10-12 13:15:00,,,,0,0,0,0,0,0,na,na
gdelt_e74935d2,en,Dozens of Indian pilgrims killed in bus crash in Saudi Arabia,2025-11-18 00:15:00,2025-11-18 00:15:00,2025-11-18 00:15:00,,,,0,0,0,0,0,0,na,na
gdelt_e77dfcd4,en,Gaza worst fear is no longer bombs but  humanitarian citie | Human Rights,2025-09-12 21:00:00,2025-09-12 21:00:00,2025-09-12 21:00:00,,,,0,0,0,0,0,0,na,na
gdelt_e7af0cba,en,Trump Greenland tariffs : What you need to know,2026-01-18 23:30:00,2026-01-18 23:30:00,2026-01-18 23:30:00,,,,0,0,0,0,0,0,na,na
gdelt_e8042729,es,"Exposición de experiencia digital inmersiva con elementos culturales chinos en Sídney , Australia",2026-02-11 12:30:00,2026-02-11 12:30:00,2026-02-11 12:30:00,,,,0,0,0,0,0,0,na,na
gdelt_e836791d,no,Mandelson expresses  tremendou regret over Epstein friendship,2025-09-10 17:15:00,2025-09-10 17:15:00,2025-09-10 17:15:00,,,,0,0,0,0,0,0,na,na
gdelt_e83eaf78,fa,آیا دولت ترامپ آمریکای لاتین را « حیاط خلوت » ‌ ایالات متحده می‌داند ؟ ,2025-07-06 22:00:00,2025-07-06 22:00:00,2025-07-06 22:00:00,,,,0,0,0,0,0,0,na,na
gdelt_e857dc3a,de,Mattel launches autistic Barbie,2026-01-13 02:30:00,2026-01-13 02:30:00,2026-01-13 02:30:00,,,,0,0,0,0,0,0,na,na
gdelt_e87449db,en,NI weather : Thunder warning in parts of Northern Ireland and showers expected at The Open,2025-07-20 22:00:00,2025-07-20 22:00:00,2025-07-20 22:00:00,,,,0,0,0,0,0,0,na,na
gdelt_e8d210fc,en,Singapore to subsidise genetic testing for some conditions as part of precision medicine programme,2025-11-14 23:00:00,2025-11-14 23:00:00,2025-11-14 23:00:00,,,,0,0,0,0,0,0,na,na
gdelt_e8d3b27d,zh-cn,客座评论 ： 为什么说习近平的反腐是一种政治清洗 – DW – 2025年8月25日,2025-08-26 23:15:00,2025-08-25 00:00:00,2025-08-25 00:00:00,2025-08-25 00:00:00,day,2025年8月25日,1,1,1,1,1,1,tie,tie
gdelt_e8e185f0,en,"Committee of Supply 2026 debate , Day 1 : Xie Yao Quan on immigration , integration and equity",2026-02-26 18:45:00,2026-02-26 18:45:00,2026-01-01 00:00:00,2026-01-01 00:00:00,year,2026,1,1,1,1,1,1,tie,tie
gdelt_e8e40472,en,Singapore Grand Prix : Lando Norris - Oscar Piastri incident  threatens to derail harmony despite McLaren remarkable achievement  ,2025-10-06 07:45:00,2025-10-06 07:45:00,2025-10-06 07:45:00,,,,0,0,0,0,0,0,na,na
gdelt_e9131d9f,de,Koh Poh Koon on Moderna mRNA influenza vaccine,2026-03-02 11:30:00,2026-03-02 11:30:00,2026-02-25 00:00:00,,,,0,0,0,0,0,0,na,na
gdelt_e91a9aa1,en,Hamas rejects US claim on Gaza ceasefire violation as  Israeli propaganda  | Israel - Palestine conflict News,2025-10-19 16:00:00,2025-10-19 16:00:00,2025-10-19 16:00:00,,,,0,0,0,0,0,0,na,na
gdelt_e94416e2,en,Double funeral for Lyons crime clan pair shot dead in Spanish bar,2025-07-05 00:15:00,2025-07-05 00:15:00,2025-07-05 00:15:00,,,,0,0,0,0,0,0,na,na
gdelt_e959e72b,ko,省直青年人才公寓第二批次配租工作启动 - 新华网河南频道,2025-07-13 09:00:00,2025-07-13 09:00:00,2025-07-13 09:00:00,,,,0,0,0,0,0,0,na,na
gdelt_ea449a90,en,Budget 2026 debate : Jessica Tan on implementing strategy to deliver impact,2026-02-24 18:45:00,2026-02-24 00:00:00,2026-01-01 00:00:00,2026-01-01 00:00:00,year,2026,1,1,1,1,1,1,tie,tie
gdelt_ea57f543,fr,Le RB Leipzig a largement dominé Francfort – DW – 08 / 12 / 2025,2025-12-09 00:30:00,2025-12-09 00:30:00,2025-12-08 00:00:00,2025-01-01 00:00:00,year,08 / 12 / 2025,1,1,1,1,1,1,tie,tie
gdelt_ea8d874c,en,  Golden springboard : A decade - old Sino - Singapore project links western China with Southeast and Central Asia,2025-12-19 07:30:00,2025-12-19 07:30:00,2025-12-19 07:30:00,,,,0,0,0,0,0,0,na,na
gdelt_ea931f06,en,Israel to open new route for Gazans fleeing besieged city,2025-09-17 17:00:00,2025-09-17 17:00:00,2025-09-17 17:00:00,,,,0,0,0,0,0,0,na,na
gdelt_ea9a271b,zh-cn,平凉 ： 百日攻坚铸就  钢铁巨鹰 - 新华网,2025-11-06 09:15:00,2025-11-06 09:15:00,2025-11-06 09:15:00,,,,0,0,0,0,0,0,na,na
gdelt_eaf08390,sv,Hilfsorganisationen beklagen Blockadehaltung Israels – DW – 14 . 08 . 2025,2025-08-19 00:30:00,2025-08-19 00:30:00,2025-08-14 00:00:00,2025-01-01 00:00:00,year,2025,1,1,1,1,1,1,tie,tie
gdelt_eb05abb2,ko, 【 新数据 新亮点 】 定西高质量发展迈出坚实步伐 - 新华网,2025-10-31 10:30:00,2025-10-31 10:30:00,2025-10-31 10:30:00,,,,0,0,0,0,0,0,na,na
gdelt_eb0b1f31,fr,Le Qatar partage un projet dAccord à Kinshasa et au M23 – DW – 18 / 08 / 2025,2025-08-19 00:30:00,2025-08-19 00:30:00,2025-08-18 00:00:00,2025-01-01 00:00:00,year,18 / 08 / 2025,1,1,1,1,1,1,tie,tie
gdelt_eb14b128,fr,EAU : un incendie signalé dans la zone pétrolière après la chute de débris provenant dune interception - Xinhua,2026-03-09 13:45:00,2026-03-09 13:45:00,2026-03-09 13:45:00,,,,0,0,0,0,0,0,na,na
gdelt_eb31137e,zh-cn,白银 ： 甘味  农产品走俏市场 - 新华网,2025-06-02 08:30:00,2025-06-02 08:30:00,2025-06-02 08:30:00,,,,0,0,0,0,0,0,na,na
gdelt_ebab5ad7,ca,Helen Bay : Eyewitnesses describe desperate rescue attempts,2026-01-26 23:45:00,2026-01-26 23:45:00,2026-01-26 23:45:00,,,,0,0,0,0,0,0,na,na
gdelt_ebb14426,es,Entrevista : Bolivia gira de rumbo tras elecciones con desplome del MAS y apertura a un nuevo escenario político,2025-08-25 12:15:00,2025-08-25 12:15:00,2025-01-01 00:00:00,,,,0,0,0,0,0,0,na,na
gdelt_ec44940e,es,Crean competencia de IA para impulsar colaboración tecnológica China - ASEAN,2025-07-20 15:15:00,2025-07-20 15:15:00,2025-07-20 15:15:00,,,,0,0,0,0,0,0,na,na
gdelt_ec842a37,pt,Ministerio de Defensa chino condena ventas de armas de EEUU a Taiwan,2025-11-18 08:00:00,2025-11-18 08:00:00,2025-11-18 08:00:00,,,,0,0,0,0,0,0,na,na
gdelt_eccb4274,en,Businesses in Singapore projected to see salary growth of about 4 . 3 % next year : Survey,2025-10-09 02:15:00,2026-10-09 02:15:00,2026-10-09 02:15:00,,,,0,0,0,0,0,0,na,na
gdelt_ed764e2c,en,"Trump doubling of tariffs on Indian imports takes effect , hiking tensions",2025-08-27 13:45:00,2025-08-27 13:45:00,2025-08-27 13:45:00,,,,0,0,0,0,0,0,na,na
gdelt_edc268fd,en,The Missiles Threatening Taiwan,2025-09-29 18:15:00,2025-09-29 18:15:00,2025-09-29 18:15:00,,,,0,0,0,0,0,0,na,na
gdelt_edd14846,en,Malawi permits safe abortion for survivors of sexual assault – DW – 11 / 06 / 2025,2026-01-06 09:45:00,2025-11-06 00:00:00,2025-11-06 00:00:00,2025-01-01 00:00:00,year,11 / 06 / 2025,1,1,1,1,1,1,tie,tie
gdelt_ee0f1c50,en,  Shivering  rare corncrake bird rescued on cruise ship,2025-11-20 21:30:00,2025-11-20 21:30:00,2025-11-20 21:30:00,,,,0,0,0,0,0,0,na,na
gdelt_ee48792e,en,"MPs from Anwar party call for royal inquiry into top judge vacancies , explanation from PM",2025-07-07 17:30:00,2025-07-07 17:30:00,2025-07-07 17:30:00,,,,0,0,0,0,0,0,na,na
gdelt_ee536036,en,The blood - curdling Permian monsters that ruled the Earth before dinosaurs,2025-12-30 10:45:00,2025-12-30 10:45:00,2025-12-30 10:45:00,,,,0,0,0,0,0,0,na,na
gdelt_ef2fe657,en,"With one more WNBA Finals win , the Las Vegas Aces could cement their WNBA dynasty status",2025-10-11 08:15:00,2025-10-11 08:15:00,2025-10-11 08:15:00,,,,0,0,0,0,0,0,na,na
gdelt_ef57dd0d,ur,فٹ بال کی دنیا میں ہلچل مچانے والی پاکستانی نژاد برطانوی فٹبالرز :  مجھے اپنی شناخت پر فخر ہے  ,2025-07-29 01:15:00,2025-07-29 01:15:00,2025-07-29 01:15:00,,,,0,0,0,0,0,0,na,na
gdelt_ef66df8b,vi,Mỹ và Israel tấn công Iran : Phản ứng của quốc tế - BBC News Tiếng Việt,2026-03-01 13:15:00,2026-03-01 13:15:00,2026-03-01 13:15:00,,,,0,0,0,0,0,0,na,na
gdelt_ef936da8,fr,Le secrétaire général de lONU exhorte lIran à faire preuve de retenue et à rétablir les communications dans le pays ( porte - parole ) - Xinhua,2026-01-12 08:15:00,2026-01-12 08:15:00,2026-01-12 08:15:00,,,,0,0,0,0,0,0,na,na
gdelt_ef9cbdab,fa,شکاف در دولت موقت هلند بر سر اقدام بیشتر علیه اسرائیل ؛ وزیر خارجه و هشت عضو کابینه استعفا دادند,2025-08-24 22:00:00,2025-08-24 22:00:00,2025-08-24 22:00:00,,,,0,0,0,0,0,0,na,na
gdelt_f026de4b,en,SCDF to sound public warning system sirens on Feb 1,2026-01-28 11:30:00,2026-01-28 11:30:00,2026-02-01 00:00:00,2026-02-01 00:00:00,day,on Feb 1,1,1,0,1,0,1,v2_better,v2_better
gdelt_f0aa5f99,ko,역귀성에서 자동차 여행까지 ... 中 춘절 인구 이동 新 풍속도 - Xinhua,2026-02-25 13:45:00,2026-02-25 13:45:00,2026-02-25 13:45:00,,,,0,0,0,0,0,0,na,na
gdelt_f12816aa,fr,Les enseignants de Kidal vont bientôt rejoindre leur poste – DW – 25 / 11 / 2025,2025-11-25 19:30:00,2025-11-25 19:30:00,2025-11-25 00:00:00,2025-01-01 00:00:00,year,25 / 11 / 2025,1,1,1,1,1,1,tie,tie
gdelt_f15659f5,tr,10 . Yargı Paketi neler içeriyor ? - BBC News Türkçe,2025-06-01 18:45:00,2025-06-01 18:45:00,2025-06-01 18:45:00,,,,0,0,0,0,0,0,na,na
gdelt_f175ed4a,en,China executes four more Myanmar mafia members,2026-02-02 12:30:00,2026-02-02 12:30:00,2026-02-02 12:30:00,,,,0,0,0,0,0,0,na,na
gdelt_f1ec3215,en,Hardline lawmakers demand nuclear bomb as Iran braces for UN sanctions,2025-09-22 22:15:00,2025-09-22 22:15:00,2025-09-22 22:15:00,,,,0,0,0,0,0,0,na,na
gdelt_f210af06,en,US - Iran talks conclude with claims of progress but few details,2026-02-27 06:15:00,2026-02-27 06:15:00,2026-02-27 06:15:00,,,,0,0,0,0,0,0,na,na
gdelt_f2204042,en,David Lammy under pressure after two prisoners released by mistake,2025-11-06 19:15:00,2025-11-06 19:15:00,2025-11-06 19:15:00,,,,0,0,0,0,0,0,na,na
gdelt_f2e99890,en,Son tribute to father who served in British Indian Army,2025-11-09 19:30:00,2025-11-09 19:30:00,2025-11-09 19:30:00,,,,0,0,0,0,0,0,na,na
gdelt_f2f46284,en,The company that gives used carpets a new lease of life,2025-07-11 10:45:00,2025-07-11 10:45:00,2025-07-11 10:45:00,,,,0,0,0,0,0,0,na,na
gdelt_f3a20b32,en,How this Japanese man went from pilgrim to sushi chef,2025-06-02 08:30:00,2025-06-02 08:30:00,2025-06-02 08:30:00,,,,0,0,0,0,0,0,na,na
gdelt_f3cf3733,en,South Korea central bank sees upside inflation risk with a weaker won,2025-12-18 06:15:00,2025-12-18 06:15:00,2025-12-18 06:15:00,,,,0,0,0,0,0,0,na,na
gdelt_f46c2176,fa,چهار مدال طلای جهانی برای زنان ووشوکار ایران,2025-09-08 00:15:00,2025-09-08 00:15:00,2025-09-08 00:15:00,,,,0,0,0,0,0,0,na,na
gdelt_f4e506ac,vi,Ông Tô Lâm đã thay đổi như thế nào kể từ khi lên nắm quyền ? ,2025-08-04 02:00:00,2025-08-04 02:00:00,2025-08-01 00:00:00,,,,0,0,0,0,0,0,na,na
gdelt_f4f3e081,zh-cn,王予波 ： 科学谋划好  十五五  高质量发展 _ 新华网,2025-09-25 10:30:00,2025-09-25 10:30:00,2025-09-25 10:30:00,,,,0,0,0,0,0,0,na,na
gdelt_f5678fa8,en,US citizen released by Taliban after nine - month detention,2025-09-29 05:30:00,2025-09-29 05:30:00,2025-09-29 05:30:00,,,,0,0,0,0,0,0,na,na
gdelt_f5c56715,zh-cn,全运会 ｜ 艺术体操  起舞  众名将晋级决赛 - 新华网,2025-11-09 09:30:00,2025-11-09 09:30:00,2025-11-09 09:30:00,,,,0,0,0,0,0,0,na,na
gdelt_f60c3a23,ko,海南省率先出台 《 生态环境监测条例 》 省级配套制度 - 新华网,2026-01-14 13:15:00,2026-01-14 13:15:00,2026-01-14 13:15:00,,,,0,0,0,0,0,0,na,na
gdelt_f60d1b5f,fr,Les envoyés cambodgien et thaïlandais sexpriment lors dune réunion de lONU sur les affrontements frontaliers - Xinhua,2025-07-27 10:15:00,2025-07-27 10:15:00,2025-07-27 10:15:00,,,,0,0,0,0,0,0,na,na
gdelt_f69d1d28,en,"Israel imposes new Gaza aid restrictions , keeps Rafah crossing closed | Israel - Palestine conflict News",2025-10-15 06:00:00,2025-10-15 06:00:00,2025-10-15 06:00:00,,,,0,0,0,0,0,0,na,na
gdelt_f6abe2b0,en,Commentary : How rare earths and chips could change Malaysia fortunes,2025-09-12 06:30:00,2025-09-12 06:30:00,2025-09-12 06:30:00,,,,0,0,0,0,0,0,na,na
gdelt_f6b1014e,ko,"中 프리미엄 자동차  훙치 , 이스라엘서 신형 전기차 모델  E - HS5  출시 - Xinhua",2026-01-14 12:30:00,2026-01-14 12:30:00,2026-01-14 12:30:00,,,,0,0,0,0,0,0,na,na
gdelt_f6b58adf,ko,广州上半年外贸进出口同比增长15 . 5 %- 新华网,2025-07-22 16:45:00,2025-07-22 16:45:00,2025-01-01 00:00:00,2025-01-01 00:00:00,month,上半年,1,1,0,1,0,1,v2_better,v2_better
gdelt_f70fc427,en,"Suspected gunman in Brown University shooting found dead , official says",2025-12-19 12:45:00,2025-12-19 12:45:00,2025-12-19 12:45:00,,,,0,0,0,0,0,0,na,na
gdelt_f727d9c7,zh-cn,1790名运动员报名参加亚沙会 - 新华网,2026-03-23 23:45:00,2026-03-23 23:45:00,2026-03-23 23:45:00,,,,0,0,0,0,0,0,na,na
gdelt_f74ba37c,en,The Night Manager villain inspired by John le Carré own father,2026-02-03 03:15:00,2026-02-03 03:15:00,2026-02-03 03:15:00,,,,0,0,0,0,0,0,na,na
gdelt_f74c9533,hr,Zašto Trump šalje čak i vojsku u Kaliforniju ? – DW – 10 . 06 . 2025,2025-06-10 17:00:00,2025-06-10 17:00:00,2025-06-10 00:00:00,2025-01-01 00:00:00,year,2025,1,1,1,1,1,1,tie,tie
gdelt_f80c4ca4,pt,Indígenas criticam apropriao cultural em adornos gaúchos – DW – 19 / 10 / 2025,2025-10-19 18:30:00,2025-10-19 18:30:00,2025-10-19 00:00:00,2025-01-01 00:00:00,year,19 / 10 / 2025,1,1,1,1,1,1,tie,tie
gdelt_f82d8e31,en,"What the Texas redistricting fight about , and how has California reacted ? | Elections News",2025-08-22 09:30:00,2025-08-22 09:30:00,2025-08-22 09:30:00,,,,0,0,0,0,0,0,na,na
gdelt_f92966b3,en,The Eagles let Milton Williams go to the Patriots . He back in the Super Bowl anyway,2026-02-03 20:30:00,2026-02-03 20:30:00,2026-02-03 20:30:00,,,,0,0,0,0,0,0,na,na
gdelt_f93abea8,pt,X barra monetizao de vídeos da guerra do Irã feitos com IA,2026-03-06 06:15:00,2026-03-06 06:15:00,2026-12-01 00:00:00,,,,0,0,0,0,0,0,na,na
gdelt_f9567ab2,es,China presenta nuevas regulaciones sobre compartición de datos gubernamentales,2025-06-04 08:00:00,2025-06-04 08:00:00,2025-06-04 08:00:00,,,,0,0,0,0,0,0,na,na
gdelt_f95ba5dd,sw,Zelensky yuko Vilnius kushiriki mkutano wa NATO – DW – 02 . 06 . 2025,2025-06-02 20:00:00,2025-06-02 00:00:00,2025-06-02 00:00:00,2025-01-01 00:00:00,year,2025,1,1,1,1,1,1,tie,tie
gdelt_f9602000,uk,Санкції Заходу щодо напівпровідників б  ють по армії Росії – DW – 01 . 06 . 2025,2025-06-02 00:00:00,2025-06-02 00:00:00,2025-06-01 00:00:00,2025-01-01 00:00:00,year,2025,1,1,1,1,1,1,tie,tie
gdelt_f9d06cae,en,"Two charged after collapse of funeral firm Safe Hands affected 46 , 000 people",2026-01-22 22:15:00,2046-01-22 00:00:00,2026-01-22 22:15:00,,,,0,0,0,0,0,0,na,na
gdelt_f9da68a4,fr,Lambassadeur du Danemark aux Etats - Unis dément les propos de lenvoyé spécial américain pour le Groenland - Xinhua,2026-01-13 03:00:00,2026-01-13 03:00:00,2026-01-13 03:00:00,,,,0,0,0,0,0,0,na,na
gdelt_f9f369a4,en,Police launch search for missing drug detection dog in Aberdeenshire,2026-03-11 22:30:00,2026-03-11 22:30:00,2026-03-11 22:30:00,,,,0,0,0,0,0,0,na,na
gdelt_fad4c4a2,en,Ex - lord mayor of Leeds loses appeal over home seizure,2026-03-06 17:00:00,2026-03-06 17:00:00,2026-03-06 17:00:00,,,,0,0,0,0,0,0,na,na
gdelt_fb275af4,zh-cn,国泰集团2025年净利润增长9 . 5 % 至108 . 3亿港元 - 新华网,2026-03-11 21:30:00,0001-03-11 21:30:00,2025-01-01 00:00:00,,,,0,0,0,0,0,0,na,na
gdelt_fb6c8f6c,zh-cn,  奔甬而来 · 镇好有你  海外菁英暑期宁波行活动在镇海启动 - 新华网,2025-08-13 22:00:00,2025-08-13 22:00:00,2025-08-13 22:00:00,,,,0,0,0,0,0,0,na,na
gdelt_fb84551d,en,"Nepal Gen Z protests live : PM Oli resigns , Kathmandu airport closed | Protests News",2025-09-09 18:00:00,2025-09-09 18:00:00,2025-09-09 18:00:00,,,,0,0,0,0,0,0,na,na
gdelt_fbe1efbd,zh-cn,冯飞 ： 以特色优势产业赋能经济高质量发展 - 新华网,2026-03-19 09:15:00,2026-03-19 09:15:00,2026-03-19 09:15:00,,,,0,0,0,0,0,0,na,na
gdelt_fc01ccf3,ko,中共江苏省委十四届十次全会召开 _ 新华网江苏频道,2025-11-30 10:30:00,2025-11-30 10:30:00,2025-11-30 10:30:00,,,,0,0,0,0,0,0,na,na
gdelt_fc3489da,zh-tw,年薪18萬英鎊徵求家教 ， 教嬰兒成為 「 英國紳士 」 - BBC News 中文,2025-11-12 15:00:00,2025-11-12 15:00:00,2025-11-01 00:00:00,,,,0,0,0,0,0,0,na,na
gdelt_fc3d4392,en,"Musk firms sue Apple and OpenAI , alleging they hurt competition",2025-08-26 03:15:00,2025-08-26 03:15:00,2025-08-26 03:15:00,,,,0,0,0,0,0,0,na,na
gdelt_fcb5c46b,en,"Loch of Clunie  dirty camper are making life a misery , say locals",2025-07-27 19:15:00,2025-07-27 19:15:00,2025-07-27 19:15:00,,,,0,0,0,0,0,0,na,na
gdelt_fcbb3b7d,en,GCC to activate defence mechanism ; Doha summit slams Israel Qatar attack | Arab League News,2025-09-16 08:45:00,2025-09-16 08:45:00,2025-09-16 08:45:00,,,,0,0,0,0,0,0,na,na
gdelt_fce5d687,en,"Texas flash flooding kills at least 13 people , over 20 young campers missing",2025-07-05 09:15:00,2025-07-05 09:15:00,2025-07-05 09:15:00,,,,0,0,0,0,0,0,na,na
gdelt_fd25e7ec,en,"Iran holds mass funeral for girls , staff killed in US - Israel school attack",2026-03-03 18:45:00,2026-03-03 18:45:00,2026-03-03 18:45:00,,,,0,0,0,0,0,0,na,na
gdelt_fd44d5df,en,"Trump , Xi reach deal to cut tariffs and boost trade – DW – 10 / 30 / 2025",2025-10-30 14:15:00,2025-10-30 00:00:00,2025-10-30 00:00:00,2025-01-01 00:00:00,year,10 / 30 / 2025,1,1,1,1,1,1,tie,tie
gdelt_fd599e58,ur,  ڈکی بھائی  کا مزید چار روزہ جسمانی ریمانڈ :  بائنومو  کیا ہے اور پاکستان میں آن لائن  جوئے  کی کن ایپس پر پابندی ہے ؟ ,2025-08-20 03:00:00,2025-08-20 03:00:00,2025-08-20 03:00:00,,,,0,0,0,0,0,0,na,na
gdelt_fd6ec298,zh-cn,  严管  转折点到来 ， 新能源汽车如何面对大考 ？ - 新华网,2025-12-02 20:45:00,2025-12-02 20:45:00,2025-12-02 20:45:00,,,,0,0,0,0,0,0,na,na
gdelt_fd9fdbba,en,LIVE : Israel kills 85 Palestinians in war - devastated Gaza strikes | Israel - Palestine conflict News,2025-09-25 06:00:00,2025-09-25 06:00:00,2025-09-25 06:00:00,,,,0,0,0,0,0,0,na,na
gdelt_fe423574,en,Ammanford stabbing : Man appears in court over collapse of trial,2025-06-02 19:30:00,2025-06-02 19:30:00,2025-06-02 19:30:00,,,,0,0,0,0,0,0,na,na
gdelt_fe583b45,es,Premier chino insta a realizar esfuerzos para impulsar desarrollo y mejorar bienestar de población,2026-02-03 12:15:00,2026-02-03 12:15:00,2026-02-01 00:00:00,,,,0,0,0,0,0,0,na,na
gdelt_fe8171ed,ko,中 신장 ( 新疆 ) 1~11월 수출입총액 전년比 14 . 1 % 증가 ... 지난해 규모 넘어서 - Xinhua,2025-12-21 09:45:00,2025-12-21 09:45:00,2025-12-21 09:45:00,,,,0,0,0,0,0,0,na,na
gdelt_feb1684c,en,Trump slaps 50 percent tariff on Indian goods over imports of Russian oil,2025-08-07 03:00:00,2025-08-07 03:00:00,2025-08-07 03:00:00,,,,0,0,0,0,0,0,na,na
gdelt_feeb245c,ru,Китай и Армения договорились о стратегическом партнерстве – DW – 31 . 08 . 2025,2025-08-31 20:00:00,2025-08-31 20:00:00,2025-08-31 00:00:00,2025-01-01 00:00:00,year,2025,1,1,1,1,1,1,tie,tie
gdelt_ff0de48b,en,Last call : Jetstar Asia final flight from Singapore departs,2025-08-03 11:00:00,2025-08-03 11:00:00,2025-08-03 11:00:00,,,,0,0,0,0,0,0,na,na
gdelt_ff3ef0fa,en,S . Korea summons Cambodian envoy over job scams targeting nationals,2025-10-11 01:45:00,2025-10-11 01:45:00,2025-10-11 01:45:00,,,,0,0,0,0,0,0,na,na
gdelt_ff5cd072,zh-cn,贵州首届少年  三大球  三小球  运动会落幕 - 新华网,2025-08-24 10:15:00,2025-08-24 10:15:00,2025-08-01 00:00:00,,,,0,0,0,0,0,0,na,na
gdelt_ff675ac7,en,South Africa police clash over political murder probes – DW – 07 / 07 / 2025,2025-07-07 11:15:00,2025-07-07 00:00:00,2025-07-07 00:00:00,2025-01-01 00:00:00,year,07 / 07 / 2025,1,1,1,1,1,1,tie,tie
gdelt_ffbcc9da,en,Bradford mum admits spending charity cash on takeaways,2025-07-04 01:15:00,2025-07-04 01:15:00,2025-07-04 01:15:00,,,,0,0,0,0,0,0,na,na
